relpath,filename,class_label,split_hint,width,height,channels,mode,image_format,file_size_bytes,content_hash,is_valid,error
cold_shut/cold_shut_00000.jpg,cold_shut_00000.jpg,cold_shut,none,512,512,3,RGB,JPEG,51757,5425b5e8c825b31534541ef48435a137,True,
cold_shut/cold_shut_00001.jpg,cold_shut_00001.jpg,cold_shut,none,512,512,3,RGB,JPEG,54158,2258c51a6a3c295d6ce24d06a7ce2225,True,
cold_shut/cold_shut_00002.jpg,cold_shut_00002.jpg,cold_shut,none,512,512,3,RGB,JPEG,52145,530b0050bcdb2b04829ee60ec1b04d1b,True,
cold_shut/cold_shut_00003.jpg,cold_shut_00003.jpg,cold_shut,none,512,512,3,RGB,JPEG,298017,e2699fe837b04dc20aecfb69b236ed77,True,
cold_shut/cold_shut_00004.jpg,cold_shut_00004.jpg,cold_shut,none,512,512,3,RGB,JPEG,60627,94fd619c93c9a4e3536434881e484b25,True,
cold_shut/cold_shut_00005.jpg,cold_shut_00005.jpg,cold_shut,none,512,512,3,RGB,JPEG,141082,9c7d28a2a7e5a4199c2f2fbd95b96d3c,True,
cold_shut/cold_shut_00006.jpg,cold_shut_00006.jpg,cold_shut,none,512,512,3,RGB,JPEG,58358,ca372949380ecae39d1dd14ca810da92,True,
cold_shut/cold_shut_00007.jpg,cold_shut_00007.jpg,cold_shut,none,512,512,3,RGB,JPEG,73510,57ed9c99a089229d267e8f0da2d47263,True,
cold_shut/cold_shut_00008.jpg,cold_shut_00008.jpg,cold_shut,none,512,512,3,RGB,JPEG,77306,59ef04a9acdcf28d887f15265b6fc08d,True,
cold_shut/cold_shut_00009.jpg,cold_shut_00009.jpg,cold_shut,none,512,512,3,RGB,JPEG,82343,c88fb0656df43aff2da6dbdcf82e60ea,True,
cold_shut/cold_shut_00010.jpg,cold_shut_00010.jpg,cold_shut,none,512,512,3,RGB,JPEG,94088,07b4b454dc41bd79dc278ac3b26cd500,True,
cold_shut/cold_shut_00011.jpg,cold_shut_00011.jpg,cold_shut,none,512,512,3,RGB,JPEG,58898,68eb0473f6afa8b8e8524ab5e8916938,True,
cold_shut/cold_shut_00012.jpg,cold_shut_00012.jpg,cold_shut,none,512,512,3,RGB,JPEG,213295,1ef8751386b02b0907e1cb24a2c9afa1,True,
cold_shut/cold_shut_00013.jpg,cold_shut_00013.jpg,cold_shut,none,512,512,3,RGB,JPEG,52058,fee34882f761e180af6505aa02f44e32,True,
cold_shut/cold_shut_00014.jpg,cold_shut_00014.jpg,cold_shut,none,512,512,3,RGB,JPEG,207655,a436be21b3c1ea6dce9104e77ef8b8bf,True,
cold_shut/cold_shut_00015.jpg,cold_shut_00015.jpg,cold_shut,none,512,512,3,RGB,JPEG,164396,0c1cb2ed3623357ea3e9de014bdde052,True,
cold_shut/cold_shut_00016.jpg,cold_shut_00016.jpg,cold_shut,none,512,512,3,RGB,JPEG,51245,1ac42a32f2f66262bcedd2f2264c56fb,True,
cold_shut/cold_shut_00017.jpg,cold_shut_00017.jpg,cold_shut,none,512,512,3,RGB,JPEG,76599,f25f565d89b9b2bb79e82a4ea70b496c,True,
cold_shut/cold_shut_00018.jpg,cold_shut_00018.jpg,cold_shut,none,512,512,3,RGB,JPEG,51740,312154ca0f0a7df85d5348cc4ada8d8d,True,
cold_shut/cold_shut_00019.jpg,cold_shut_00019.jpg,cold_shut,none,512,512,3,RGB,JPEG,68636,e848dcc37c3af991625f70700e03061b,True,
cold_shut/cold_shut_00020.jpg,cold_shut_00020.jpg,cold_shut,none,512,512,3,RGB,JPEG,212293,17e26551026358cb5a214525463c3b00,True,
cold_shut/cold_shut_00021.jpg,cold_shut_00021.jpg,cold_shut,none,512,512,3,RGB,JPEG,76998,66f04e59638648d398a63811f40eb8d0,True,
cold_shut/cold_shut_00022.jpg,cold_shut_00022.jpg,cold_shut,none,512,512,3,RGB,JPEG,47958,6bbdeda55413b2e335c0617b00efc800,True,
cold_shut/cold_shut_00023.jpg,cold_shut_00023.jpg,cold_shut,none,512,512,3,RGB,JPEG,87402,4a11e7c06f82285c7f817729e332ec8e,True,
cold_shut/cold_shut_00024.jpg,cold_shut_00024.jpg,cold_shut,none,512,512,3,RGB,JPEG,87835,b4245751269de6c3bd14a7f3faa3ad75,True,
cold_shut/cold_shut_00025.jpg,cold_shut_00025.jpg,cold_shut,none,512,512,3,RGB,JPEG,78215,e69e25819595e242eb08e8466e287953,True,
cold_shut/cold_shut_00026.jpg,cold_shut_00026.jpg,cold_shut,none,512,512,3,RGB,JPEG,46378,0915fcf0b608ca3e9aa1daa296e90701,True,
cold_shut/cold_shut_00027.jpg,cold_shut_00027.jpg,cold_shut,none,512,512,3,RGB,JPEG,138036,6046aab9017b70e50d09a3a11b14ea49,True,
cold_shut/cold_shut_00028.jpg,cold_shut_00028.jpg,cold_shut,none,512,512,3,RGB,JPEG,51309,c084f1282d1d876f0f1e2ab8a0c0ab15,True,
cold_shut/cold_shut_00029.jpg,cold_shut_00029.jpg,cold_shut,none,512,512,3,RGB,JPEG,209815,d5f7417db1cdeabf02e9bd17ddce8022,True,
cold_shut/cold_shut_00030.jpg,cold_shut_00030.jpg,cold_shut,none,512,512,3,RGB,JPEG,40449,001aec573911e607807d35296abbb317,True,
cold_shut/cold_shut_00031.jpg,cold_shut_00031.jpg,cold_shut,none,512,512,3,RGB,JPEG,46367,c51b07fe80cb9d65283edf25ffd436a0,True,
cold_shut/cold_shut_00032.jpg,cold_shut_00032.jpg,cold_shut,none,512,512,3,RGB,JPEG,60665,063c6608b49c430f694f0e3fefc21b5f,True,
cold_shut/cold_shut_00033.jpg,cold_shut_00033.jpg,cold_shut,none,512,512,3,RGB,JPEG,56620,44c2e355f32e3c1c4bb07d5b41dd7553,True,
cold_shut/cold_shut_00034.jpg,cold_shut_00034.jpg,cold_shut,none,512,512,3,RGB,JPEG,64399,18961f3b3fad61611feaed25dd3ff73c,True,
cold_shut/cold_shut_00035.jpg,cold_shut_00035.jpg,cold_shut,none,512,512,3,RGB,JPEG,68111,d629053bdb40f56cabe288b664c700e6,True,
cold_shut/cold_shut_00036.jpg,cold_shut_00036.jpg,cold_shut,none,512,512,3,RGB,JPEG,310464,eac42125c597a634fb7f6618edb8d7f5,True,
cold_shut/cold_shut_00037.jpg,cold_shut_00037.jpg,cold_shut,none,512,512,3,RGB,JPEG,64556,91acef4815128c8e1911c1901270db4a,True,
cold_shut/cold_shut_00038.jpg,cold_shut_00038.jpg,cold_shut,none,512,512,3,RGB,JPEG,60521,2b2bbc7c46a5a5999bb581b330db5aef,True,
cold_shut/cold_shut_00039.jpg,cold_shut_00039.jpg,cold_shut,none,512,512,3,RGB,JPEG,90879,3d709ee547af4332f89cc2099850ff79,True,
cold_shut/cold_shut_00040.jpg,cold_shut_00040.jpg,cold_shut,none,512,512,3,RGB,JPEG,58428,3f6dd02b5c5b10e522221eeb7f61857b,True,
cold_shut/cold_shut_00041.jpg,cold_shut_00041.jpg,cold_shut,none,512,512,3,RGB,JPEG,68587,6922f66f8f3341901ec173820d04f74d,True,
cold_shut/cold_shut_00042.jpg,cold_shut_00042.jpg,cold_shut,none,512,512,3,RGB,JPEG,67835,4ac6d64916d5d9494c50db569ab163aa,True,
cold_shut/cold_shut_00043.jpg,cold_shut_00043.jpg,cold_shut,none,512,512,3,RGB,JPEG,86211,b67a7409af938f63bc9cdadfefbb3188,True,
cold_shut/cold_shut_00044.jpg,cold_shut_00044.jpg,cold_shut,none,512,512,3,RGB,JPEG,59163,5aaeeba2c2fad0437ae539115b296146,True,
cold_shut/cold_shut_00045.jpg,cold_shut_00045.jpg,cold_shut,none,512,512,3,RGB,JPEG,59073,4e3609ac91268d9138a7913a2165e1d1,True,
cold_shut/cold_shut_00046.jpg,cold_shut_00046.jpg,cold_shut,none,512,512,3,RGB,JPEG,295075,c2e12bf6da6ae1dde2e7793b9265c418,True,
cold_shut/cold_shut_00047.jpg,cold_shut_00047.jpg,cold_shut,none,512,512,3,RGB,JPEG,64341,21199cb6ff49d6aed7c8e599f8e40c20,True,
cold_shut/cold_shut_00048.jpg,cold_shut_00048.jpg,cold_shut,none,512,512,3,RGB,JPEG,54607,f93dd7c25d885a8ba0174b5e350140a7,True,
cold_shut/cold_shut_00049.jpg,cold_shut_00049.jpg,cold_shut,none,512,512,3,RGB,JPEG,175915,7569df6730403c30d04fa9c590cf234f,True,
cold_shut/cold_shut_00050.jpg,cold_shut_00050.jpg,cold_shut,none,512,512,3,RGB,JPEG,59137,7e6092641e806c03a1e411189990ba32,True,
cold_shut/cold_shut_00051.jpg,cold_shut_00051.jpg,cold_shut,none,512,512,3,RGB,JPEG,52925,45c1973a28d4b0bc19a5c3e6325ebeab,True,
cold_shut/cold_shut_00052.jpg,cold_shut_00052.jpg,cold_shut,none,512,512,3,RGB,JPEG,342123,1279714530bfd75c03971550ee038bae,True,
cold_shut/cold_shut_00053.jpg,cold_shut_00053.jpg,cold_shut,none,512,512,3,RGB,JPEG,312683,87d454401019a5dcdf65e8d1fe36a37e,True,
cold_shut/cold_shut_00054.jpg,cold_shut_00054.jpg,cold_shut,none,512,512,3,RGB,JPEG,44770,584e6c5a7ee742e42acc2ffc9ca4464e,True,
cold_shut/cold_shut_00055.jpg,cold_shut_00055.jpg,cold_shut,none,512,512,3,RGB,JPEG,66576,a0f324e45d47fcf649ebea2e63d17624,True,
cold_shut/cold_shut_00056.jpg,cold_shut_00056.jpg,cold_shut,none,512,512,3,RGB,JPEG,110975,84e0a82b37d7717019f69865d28efe5f,True,
cold_shut/cold_shut_00057.jpg,cold_shut_00057.jpg,cold_shut,none,512,512,3,RGB,JPEG,93326,a430615d80f3399e90012fe434172919,True,
cold_shut/cold_shut_00058.jpg,cold_shut_00058.jpg,cold_shut,none,512,512,3,RGB,JPEG,272978,1d321457a6f00a46f15e94adcf8767f5,True,
cold_shut/cold_shut_00059.jpg,cold_shut_00059.jpg,cold_shut,none,512,512,3,RGB,JPEG,152746,7b24065ffc0d872543fe6f30f34ebf5b,True,
cold_shut/cold_shut_00060.jpg,cold_shut_00060.jpg,cold_shut,none,512,512,3,RGB,JPEG,171684,91c799d38e3688b78fb59f025762d74c,True,
cold_shut/cold_shut_00061.jpg,cold_shut_00061.jpg,cold_shut,none,512,512,3,RGB,JPEG,98966,9d15a278c56785b09c9f7d263d818ec1,True,
cold_shut/cold_shut_00062.jpg,cold_shut_00062.jpg,cold_shut,none,512,512,3,RGB,JPEG,63175,1ebd231985394fb5fad7a7d40d527a21,True,
cold_shut/cold_shut_00063.jpg,cold_shut_00063.jpg,cold_shut,none,512,512,3,RGB,JPEG,89575,1abafdb45ec8a9fe158a21fc444a303a,True,
cold_shut/cold_shut_00064.jpg,cold_shut_00064.jpg,cold_shut,none,512,512,3,RGB,JPEG,148135,f9b05e8c647529e95bf358fc4e2d0b54,True,
cold_shut/cold_shut_00065.jpg,cold_shut_00065.jpg,cold_shut,none,512,512,3,RGB,JPEG,66030,8487e5ef83b3e00f86b967bce371ee4f,True,
cold_shut/cold_shut_00066.jpg,cold_shut_00066.jpg,cold_shut,none,512,512,3,RGB,JPEG,139058,1ff7eb7c5561ddeca1b109cd0061a61c,True,
cold_shut/cold_shut_00067.jpg,cold_shut_00067.jpg,cold_shut,none,512,512,3,RGB,JPEG,52111,4b5d0b34ef0e604eeb57b0e9e072114d,True,
cold_shut/cold_shut_00068.jpg,cold_shut_00068.jpg,cold_shut,none,512,512,3,RGB,JPEG,96543,a1ae42a18bf4373b9bd3f71ab0308170,True,
cold_shut/cold_shut_00069.jpg,cold_shut_00069.jpg,cold_shut,none,512,512,3,RGB,JPEG,78474,e788de7a9c6eb8c555b3fdb770987fe4,True,
cold_shut/cold_shut_00070.jpg,cold_shut_00070.jpg,cold_shut,none,512,512,3,RGB,JPEG,315201,a8ea0e54462d79768a6abf45ef5f115b,True,
cold_shut/cold_shut_00071.jpg,cold_shut_00071.jpg,cold_shut,none,512,512,3,RGB,JPEG,155746,9777984165f6a4939d0d5c5278c6e700,True,
cold_shut/cold_shut_00072.jpg,cold_shut_00072.jpg,cold_shut,none,512,512,3,RGB,JPEG,70146,8eaf5937c06d1243eeb3ec1ce5912f40,True,
cold_shut/cold_shut_00073.jpg,cold_shut_00073.jpg,cold_shut,none,512,512,3,RGB,JPEG,52544,f4882b1d350c9efed1ba3232f01ea322,True,
cold_shut/cold_shut_00074.jpg,cold_shut_00074.jpg,cold_shut,none,512,512,3,RGB,JPEG,49801,897cb518f1c7f88d4ef6f3fd123f8424,True,
cold_shut/cold_shut_00075.jpg,cold_shut_00075.jpg,cold_shut,none,512,512,3,RGB,JPEG,60359,a640be06b0bbf3e9c164a5017e38cf84,True,
cold_shut/cold_shut_00076.jpg,cold_shut_00076.jpg,cold_shut,none,512,512,3,RGB,JPEG,123941,1ae2724b62f4065430cc61919ba6a819,True,
cold_shut/cold_shut_00077.jpg,cold_shut_00077.jpg,cold_shut,none,512,512,3,RGB,JPEG,86608,9857064de7d8b04048b8fb137ffd326e,True,
cold_shut/cold_shut_00078.jpg,cold_shut_00078.jpg,cold_shut,none,512,512,3,RGB,JPEG,52309,8b9bbe7add8213fb879f0748784e7241,True,
cold_shut/cold_shut_00079.jpg,cold_shut_00079.jpg,cold_shut,none,512,512,3,RGB,JPEG,61941,e852fda94b49ef113457c0e36c5f219a,True,
cold_shut/cold_shut_00080.jpg,cold_shut_00080.jpg,cold_shut,none,512,512,3,RGB,JPEG,81989,e9f34b4eeb521863785c1a7ba9a56d9a,True,
cold_shut/cold_shut_00081.jpg,cold_shut_00081.jpg,cold_shut,none,512,512,3,RGB,JPEG,83746,36d97b76a8d097000a6239c2034871d9,True,
cold_shut/cold_shut_00082.jpg,cold_shut_00082.jpg,cold_shut,none,512,512,3,RGB,JPEG,98281,1272b41914c09031d9a28198ba205e48,True,
cold_shut/cold_shut_00083.jpg,cold_shut_00083.jpg,cold_shut,none,512,512,3,RGB,JPEG,64920,7874c2737cf181fd29447552a273b7ec,True,
cold_shut/cold_shut_00084.jpg,cold_shut_00084.jpg,cold_shut,none,512,512,3,RGB,JPEG,92137,5a46e9d9df2ae1cb404f5922c8f04191,True,
cold_shut/cold_shut_00085.jpg,cold_shut_00085.jpg,cold_shut,none,512,512,3,RGB,JPEG,47018,ebef7ec041ec648d1f4a8be12fb1391a,True,
cold_shut/cold_shut_00086.jpg,cold_shut_00086.jpg,cold_shut,none,512,512,3,RGB,JPEG,293792,0ae034eaa0497f9857c16486c549d5bd,True,
cold_shut/cold_shut_00087.jpg,cold_shut_00087.jpg,cold_shut,none,512,512,3,RGB,JPEG,347532,f81335be824f7252ac6988062bc7d1d6,True,
cold_shut/cold_shut_00088.jpg,cold_shut_00088.jpg,cold_shut,none,512,512,3,RGB,JPEG,66627,f98b536997eb40b2d85fe8662aaf5a57,True,
cold_shut/cold_shut_00089.jpg,cold_shut_00089.jpg,cold_shut,none,512,512,3,RGB,JPEG,41180,92d94cada729a9b6d66dde9e6fe71706,True,
cold_shut/cold_shut_00090.jpg,cold_shut_00090.jpg,cold_shut,none,512,512,3,RGB,JPEG,255791,4918c7894de0570cbf0bf64b5ad297a4,True,
cold_shut/cold_shut_00091.jpg,cold_shut_00091.jpg,cold_shut,none,512,512,3,RGB,JPEG,109205,17a18e056ee28ba451faf69cea32335b,True,
cold_shut/cold_shut_00092.jpg,cold_shut_00092.jpg,cold_shut,none,512,512,3,RGB,JPEG,49148,9a78b3a8febcc679f526fa84126cc189,True,
cold_shut/cold_shut_00093.jpg,cold_shut_00093.jpg,cold_shut,none,512,512,3,RGB,JPEG,40712,ef3d95cc91087b86f299d0517893b6ed,True,
cold_shut/cold_shut_00094.jpg,cold_shut_00094.jpg,cold_shut,none,512,512,3,RGB,JPEG,62727,47a0450f0ecfac454c588de85cd5550d,True,
cold_shut/cold_shut_00095.jpg,cold_shut_00095.jpg,cold_shut,none,512,512,3,RGB,JPEG,66199,a8b68f56ba69f1378a9653d21d026ade,True,
cold_shut/cold_shut_00096.jpg,cold_shut_00096.jpg,cold_shut,none,512,512,3,RGB,JPEG,56882,1e7c6a397eba6dbb195551ce08bfe541,True,
cold_shut/cold_shut_00097.jpg,cold_shut_00097.jpg,cold_shut,none,512,512,3,RGB,JPEG,49731,6a9c51a03add1fe1ba3fa293a9d7bd81,True,
cold_shut/cold_shut_00098.jpg,cold_shut_00098.jpg,cold_shut,none,512,512,3,RGB,JPEG,264637,c61a62559647884f1b60644eda32836d,True,
cold_shut/cold_shut_00099.jpg,cold_shut_00099.jpg,cold_shut,none,512,512,3,RGB,JPEG,54560,4a2cfcf38de95de02cc4bff62d79fbc8,True,
crack/crack_00000.jpg,crack_00000.jpg,crack,none,512,512,3,RGB,JPEG,50923,3d571b6bf380356b95ec93d5ba4d636b,True,
crack/crack_00001.jpg,crack_00001.jpg,crack,none,512,512,3,RGB,JPEG,87373,343aa7d054c72a0f8674e818fdb4c02d,True,
crack/crack_00002.jpg,crack_00002.jpg,crack,none,512,512,3,RGB,JPEG,62134,af31a76b058c5939ce25349856f0e470,True,
crack/crack_00003.jpg,crack_00003.jpg,crack,none,512,512,3,RGB,JPEG,50684,88cf9b6abdbf4ba2f2a88657a9e42510,True,
crack/crack_00004.jpg,crack_00004.jpg,crack,none,512,512,3,RGB,JPEG,71917,711fe7ff08a29011a51de8891f1515c8,True,
crack/crack_00005.jpg,crack_00005.jpg,crack,none,512,512,3,RGB,JPEG,49489,77958039ff32049ba2a9d62e17b3a707,True,
crack/crack_00006.jpg,crack_00006.jpg,crack,none,512,512,3,RGB,JPEG,62076,2e3c0da4eadd6f4207cfed38acd75444,True,
crack/crack_00007.jpg,crack_00007.jpg,crack,none,512,512,3,RGB,JPEG,144184,fb11107c1ac4a17822e7bb37e13abc93,True,
crack/crack_00008.jpg,crack_00008.jpg,crack,none,512,512,3,RGB,JPEG,50106,c327ca3a0c57c610a68322202f097598,True,
crack/crack_00009.jpg,crack_00009.jpg,crack,none,512,512,3,RGB,JPEG,58263,ceae1e81b40a1e2b5e155e6142255cfa,True,
crack/crack_00010.jpg,crack_00010.jpg,crack,none,512,512,3,RGB,JPEG,58619,98a76533f3cc694d2109a3cc445e7023,True,
crack/crack_00011.jpg,crack_00011.jpg,crack,none,512,512,3,RGB,JPEG,54283,f075c14b47142d619bc5a792ae015c78,True,
crack/crack_00012.jpg,crack_00012.jpg,crack,none,512,512,3,RGB,JPEG,87271,a4dcfd6c4749e345f44f0161ec386432,True,
crack/crack_00013.jpg,crack_00013.jpg,crack,none,512,512,3,RGB,JPEG,61934,b1f78ae132f357671bcd7b846ce3e467,True,
crack/crack_00014.jpg,crack_00014.jpg,crack,none,512,512,3,RGB,JPEG,52576,f83fb22c58ac93ee32d610db956107fc,True,
crack/crack_00015.jpg,crack_00015.jpg,crack,none,512,512,3,RGB,JPEG,48943,cdca6f84a3360a501fe8a55f27bce6d2,True,
crack/crack_00016.jpg,crack_00016.jpg,crack,none,512,512,3,RGB,JPEG,49035,a33a705643139e5100e395e87dd0180e,True,
crack/crack_00017.jpg,crack_00017.jpg,crack,none,512,512,3,RGB,JPEG,53726,dce06e11f7da27aad0b721586b6a9789,True,
crack/crack_00018.jpg,crack_00018.jpg,crack,none,512,512,3,RGB,JPEG,67830,6539ed61fda7735d8f88912a7faabda2,True,
crack/crack_00019.jpg,crack_00019.jpg,crack,none,512,512,3,RGB,JPEG,80643,a2767bcdd922f5641923ad7286efb5ad,True,
crack/crack_00020.jpg,crack_00020.jpg,crack,none,512,512,3,RGB,JPEG,44766,21012273dae48f9fee8ff0b4a0f7c4c6,True,
crack/crack_00021.jpg,crack_00021.jpg,crack,none,512,512,3,RGB,JPEG,43156,9aebf7089774293ee3500259444a0cf7,True,
crack/crack_00022.jpg,crack_00022.jpg,crack,none,512,512,3,RGB,JPEG,55380,44c76e0a5953d3088385447756b91b4b,True,
crack/crack_00023.jpg,crack_00023.jpg,crack,none,512,512,3,RGB,JPEG,78203,fcdcda911148925b7b89e1e78829c30d,True,
crack/crack_00024.jpg,crack_00024.jpg,crack,none,512,512,3,RGB,JPEG,44068,089aa0780c6a813ba5afcbd6b7af8297,True,
crack/crack_00025.jpg,crack_00025.jpg,crack,none,512,512,3,RGB,JPEG,52610,b763cda5afc1e1c40a0c935e6997fd08,True,
crack/crack_00026.jpg,crack_00026.jpg,crack,none,512,512,3,RGB,JPEG,58811,10d6eb7c2daeceb0cf13b5f11252677e,True,
crack/crack_00027.jpg,crack_00027.jpg,crack,none,512,512,3,RGB,JPEG,72816,a7d9bad7a6ed8f8008c43b5329d42642,True,
crack/crack_00028.jpg,crack_00028.jpg,crack,none,512,512,3,RGB,JPEG,49346,17147a934c385463e4b311ab65cc673e,True,
crack/crack_00029.jpg,crack_00029.jpg,crack,none,512,512,3,RGB,JPEG,43365,e4c701081f2d80ef1a26dac6bc740f8c,True,
crack/crack_00030.jpg,crack_00030.jpg,crack,none,512,512,3,RGB,JPEG,44281,a9e7aa0881f5b52e572957a3682fcd09,True,
crack/crack_00031.jpg,crack_00031.jpg,crack,none,512,512,3,RGB,JPEG,43137,385d6259d41b0927849c7cf926447c59,True,
crack/crack_00032.jpg,crack_00032.jpg,crack,none,512,512,3,RGB,JPEG,57332,908028a1fd4cf62f395718d0cf420806,True,
crack/crack_00033.jpg,crack_00033.jpg,crack,none,512,512,3,RGB,JPEG,78151,041f0f06b9af56947cce2524622d4c5b,True,
crack/crack_00034.jpg,crack_00034.jpg,crack,none,512,512,3,RGB,JPEG,195852,448dfd63e4cfc91cd6db5ca615ed6f4f,True,
crack/crack_00035.jpg,crack_00035.jpg,crack,none,512,512,3,RGB,JPEG,271289,52b4e89615a8ae50391e410445cacb67,True,
crack/crack_00036.jpg,crack_00036.jpg,crack,none,512,512,3,RGB,JPEG,58906,c0974e4e41c41a15816549f2a26fa82a,True,
crack/crack_00037.jpg,crack_00037.jpg,crack,none,512,512,3,RGB,JPEG,104396,ca6cd2eda4ccbf88fe733a649602f903,True,
crack/crack_00038.jpg,crack_00038.jpg,crack,none,512,512,3,RGB,JPEG,102263,1b2e68fb26f2eabc5b4f2a849da057dd,True,
crack/crack_00039.jpg,crack_00039.jpg,crack,none,512,512,3,RGB,JPEG,290526,6e55a6e5e9eb2f6019e6e2e2563292cd,True,
crack/crack_00040.jpg,crack_00040.jpg,crack,none,512,512,3,RGB,JPEG,64758,cdfe053d82234840c697234390a9713c,True,
crack/crack_00041.jpg,crack_00041.jpg,crack,none,512,512,3,RGB,JPEG,63267,116e6273ee5eaf885ae168bfd5f7923f,True,
crack/crack_00042.jpg,crack_00042.jpg,crack,none,512,512,3,RGB,JPEG,59150,d2fcc90f4534528232235d57946f25e6,True,
crack/crack_00043.jpg,crack_00043.jpg,crack,none,512,512,3,RGB,JPEG,53246,8d93ad1729522cda2fab6ee6a0c677c9,True,
crack/crack_00044.jpg,crack_00044.jpg,crack,none,512,512,3,RGB,JPEG,61433,e1c88a0361df9ec9e6de0941e0fafadb,True,
crack/crack_00045.jpg,crack_00045.jpg,crack,none,512,512,3,RGB,JPEG,59239,3978cbb93570d3e0542e5db49c69f583,True,
crack/crack_00046.jpg,crack_00046.jpg,crack,none,512,512,3,RGB,JPEG,80901,6da7649cdfc5af22c35a26cf68e92ba1,True,
crack/crack_00047.jpg,crack_00047.jpg,crack,none,512,512,3,RGB,JPEG,85551,af4628bf31041befa5e600b549b927ac,True,
crack/crack_00048.jpg,crack_00048.jpg,crack,none,512,512,3,RGB,JPEG,285149,e6f5021f7eb538c0cb4d755535981446,True,
crack/crack_00049.jpg,crack_00049.jpg,crack,none,512,512,3,RGB,JPEG,69654,79f1e2e83c197f562516c04f7f3363e4,True,
crack/crack_00050.jpg,crack_00050.jpg,crack,none,512,512,3,RGB,JPEG,56986,479bd40c32c4f586c72bfb502808d4ec,True,
crack/crack_00051.jpg,crack_00051.jpg,crack,none,512,512,3,RGB,JPEG,61484,3bb5022a3387639566bf3ab0d00d6917,True,
crack/crack_00052.jpg,crack_00052.jpg,crack,none,512,512,3,RGB,JPEG,51463,62febbfe1131cdf4d6063cb761f60a81,True,
crack/crack_00053.jpg,crack_00053.jpg,crack,none,512,512,3,RGB,JPEG,46748,d0cfdeb6e100934a645f6c51f8724e08,True,
crack/crack_00054.jpg,crack_00054.jpg,crack,none,512,512,3,RGB,JPEG,60441,1bb948b17e5fe0e1506dff604259d3a3,True,
crack/crack_00055.jpg,crack_00055.jpg,crack,none,512,512,3,RGB,JPEG,254897,831fb7ff3bba904d308012412783682b,True,
crack/crack_00056.jpg,crack_00056.jpg,crack,none,512,512,3,RGB,JPEG,64516,cb058e3fed9f07450e9132cd125821b7,True,
crack/crack_00057.jpg,crack_00057.jpg,crack,none,512,512,3,RGB,JPEG,50610,60f1bd542bee3b58339ddb6e94ed20b2,True,
crack/crack_00058.jpg,crack_00058.jpg,crack,none,512,512,3,RGB,JPEG,51734,2b09ad4de7f7edb09a082343e89ba471,True,
crack/crack_00059.jpg,crack_00059.jpg,crack,none,512,512,3,RGB,JPEG,61633,5a0bb80685f0d210baef3733043fd6e3,True,
crack/crack_00060.jpg,crack_00060.jpg,crack,none,512,512,3,RGB,JPEG,74794,3c088bd2c73b9f085a0087f116d5bb39,True,
crack/crack_00061.jpg,crack_00061.jpg,crack,none,512,512,3,RGB,JPEG,87848,f604c6d99ea1e32b11a44787559b0a62,True,
crack/crack_00062.jpg,crack_00062.jpg,crack,none,512,512,3,RGB,JPEG,72388,5b1ced2d1a06fc9b356fec814826d9fc,True,
crack/crack_00063.jpg,crack_00063.jpg,crack,none,512,512,3,RGB,JPEG,62394,e925674dd14b4138d9bf3ce80733f28c,True,
crack/crack_00064.jpg,crack_00064.jpg,crack,none,512,512,3,RGB,JPEG,146492,d99dd6154e3025b0e2e8a822d0a548fb,True,
crack/crack_00065.jpg,crack_00065.jpg,crack,none,512,512,3,RGB,JPEG,98643,318f868df006707a09a54cfe1fb1a775,True,
crack/crack_00066.jpg,crack_00066.jpg,crack,none,512,512,3,RGB,JPEG,93527,faeb5b1a97dd176913ac74cbeb787ec3,True,
crack/crack_00067.jpg,crack_00067.jpg,crack,none,512,512,3,RGB,JPEG,55923,60d30b8546742f83c72ea7f0691a1f71,True,
crack/crack_00068.jpg,crack_00068.jpg,crack,none,512,512,3,RGB,JPEG,44340,c4ac86b07d61c1e06906ca7790800a05,True,
crack/crack_00069.jpg,crack_00069.jpg,crack,none,512,512,3,RGB,JPEG,63230,d90b3f491302be9b599dcfe292aabada,True,
crack/crack_00070.jpg,crack_00070.jpg,crack,none,512,512,3,RGB,JPEG,68444,2bb2aefa2d9229329eb46f472a01f578,True,
crack/crack_00071.jpg,crack_00071.jpg,crack,none,512,512,3,RGB,JPEG,63092,a67cb352e5b85faf7973e8c5cb9c3edc,True,
crack/crack_00072.jpg,crack_00072.jpg,crack,none,512,512,3,RGB,JPEG,64445,f7b8222a3c4bfb70e9af91af7ae3b8a3,True,
crack/crack_00073.jpg,crack_00073.jpg,crack,none,512,512,3,RGB,JPEG,61181,12225ab52432aa728bd6280d83c5fc2c,True,
crack/crack_00074.jpg,crack_00074.jpg,crack,none,512,512,3,RGB,JPEG,48689,238acc7ff445eaa5869478de6d585595,True,
crack/crack_00075.jpg,crack_00075.jpg,crack,none,512,512,3,RGB,JPEG,58174,633f35de4eb58e6ad06c4fdbf71ecaa4,True,
crack/crack_00076.jpg,crack_00076.jpg,crack,none,512,512,3,RGB,JPEG,279712,d745888e33d2e9f9464d18125207ecb4,True,
crack/crack_00077.jpg,crack_00077.jpg,crack,none,512,512,3,RGB,JPEG,85729,c63cd18f04d2a27208346318a41ab3e7,True,
crack/crack_00078.jpg,crack_00078.jpg,crack,none,512,512,3,RGB,JPEG,82275,b523928b03da7b19a12ea5bca28745be,True,
crack/crack_00079.jpg,crack_00079.jpg,crack,none,512,512,3,RGB,JPEG,64559,e9ba9fc69cb4cceff51ea9d98d88ef7a,True,
crack/crack_00080.jpg,crack_00080.jpg,crack,none,512,512,3,RGB,JPEG,154588,19287ea94e9e9ffbe01ef4954309c1d7,True,
crack/crack_00081.jpg,crack_00081.jpg,crack,none,512,512,3,RGB,JPEG,62434,aa388aad293553eeca68570014b80cfc,True,
crack/crack_00082.jpg,crack_00082.jpg,crack,none,512,512,3,RGB,JPEG,64165,6205d2162d3006acf04dc50a53c5f532,True,
crack/crack_00083.jpg,crack_00083.jpg,crack,none,512,512,3,RGB,JPEG,48399,008c0c84239f23a72cdf4de1276a6d13,True,
crack/crack_00084.jpg,crack_00084.jpg,crack,none,512,512,3,RGB,JPEG,104474,f241fae4dab6ec367fd1bd68f657f191,True,
crack/crack_00085.jpg,crack_00085.jpg,crack,none,512,512,3,RGB,JPEG,59549,a0ec42a90f6addbb6a8dfe2b3faf0327,True,
crack/crack_00086.jpg,crack_00086.jpg,crack,none,512,512,3,RGB,JPEG,37677,0dac097b35147506c096c48e8b9815fa,True,
crack/crack_00087.jpg,crack_00087.jpg,crack,none,512,512,3,RGB,JPEG,47220,0d3fccfca8c98c5fbbe4c1be20d942cc,True,
crack/crack_00088.jpg,crack_00088.jpg,crack,none,512,512,3,RGB,JPEG,115483,5311b59b6c2b2a59d3b7ade9b8895b77,True,
crack/crack_00089.jpg,crack_00089.jpg,crack,none,512,512,3,RGB,JPEG,52629,6a9663e793d9e302adcae66746e5d9c9,True,
crack/crack_00090.jpg,crack_00090.jpg,crack,none,512,512,3,RGB,JPEG,275438,6dc9a222e4bfc9d0b73349f91cb9d1a9,True,
crack/crack_00091.jpg,crack_00091.jpg,crack,none,512,512,3,RGB,JPEG,42468,8e0574b8fc235c0b5710dc99251252ab,True,
crack/crack_00092.jpg,crack_00092.jpg,crack,none,512,512,3,RGB,JPEG,39231,2731abd30c11938fd4bfdca26d3c0759,True,
crack/crack_00093.jpg,crack_00093.jpg,crack,none,512,512,3,RGB,JPEG,81882,c87078bb6e58c1f181961040dcbe6e85,True,
crack/crack_00094.jpg,crack_00094.jpg,crack,none,512,512,3,RGB,JPEG,55091,f9092bd06ae54422439757b481feca47,True,
crack/crack_00095.jpg,crack_00095.jpg,crack,none,512,512,3,RGB,JPEG,40133,721a830117d7c1b72dffb340ffa6c6ee,True,
crack/crack_00096.jpg,crack_00096.jpg,crack,none,512,512,3,RGB,JPEG,49655,d7c1153f2c57d511bd09e73a37d5bc70,True,
crack/crack_00097.jpg,crack_00097.jpg,crack,none,512,512,3,RGB,JPEG,39214,cf59b2b5ca2a0135699f90d7624f6f62,True,
crack/crack_00098.jpg,crack_00098.jpg,crack,none,512,512,3,RGB,JPEG,71916,ff766e8209978179df1a8fcab3ee7358,True,
crack/crack_00099.jpg,crack_00099.jpg,crack,none,512,512,3,RGB,JPEG,232896,3ade515690a6fff58f81452fd724f5fc,True,
dent/dent_00000.jpg,dent_00000.jpg,dent,none,512,512,3,RGB,JPEG,50387,661106d0c76e741bd4dfd712d650322c,True,
dent/dent_00001.jpg,dent_00001.jpg,dent,none,512,512,3,RGB,JPEG,27009,c3d1e257b2e32b3503759f37aeb5fad2,True,
dent/dent_00002.jpg,dent_00002.jpg,dent,none,512,512,3,RGB,JPEG,57075,f3b71abc753ea7763948cfde9f4a728e,True,
dent/dent_00003.jpg,dent_00003.jpg,dent,none,512,512,3,RGB,JPEG,57515,bd4c5d137b6e4fb8e1ff3d59307b58c1,True,
dent/dent_00004.jpg,dent_00004.jpg,dent,none,512,512,3,RGB,JPEG,58668,1107d0a493ec1c22cc6f044f0475ba1b,True,
dent/dent_00005.jpg,dent_00005.jpg,dent,none,512,512,3,RGB,JPEG,122618,09821624e472ee5a0d422dc6fe53354c,True,
dent/dent_00006.jpg,dent_00006.jpg,dent,none,512,512,3,RGB,JPEG,117328,667493333cd793ae4855ad9e48ff2f93,True,
dent/dent_00007.jpg,dent_00007.jpg,dent,none,512,512,3,RGB,JPEG,87513,d10d4feec901458cfcb2d4fee851fa6f,True,
dent/dent_00008.jpg,dent_00008.jpg,dent,none,512,512,3,RGB,JPEG,50819,9b7a35cc9482d5658919ce8884cf3071,True,
dent/dent_00009.jpg,dent_00009.jpg,dent,none,512,512,3,RGB,JPEG,48301,1be6a6831e38ff0b888247c2bddb4a15,True,
dent/dent_00010.jpg,dent_00010.jpg,dent,none,512,512,3,RGB,JPEG,168073,4c4fc9777ecf79b51ee91481a7afec8b,True,
dent/dent_00011.jpg,dent_00011.jpg,dent,none,512,512,3,RGB,JPEG,58402,086c30720a4665ca269a5bdcdbe9bb9e,True,
dent/dent_00012.jpg,dent_00012.jpg,dent,none,512,512,3,RGB,JPEG,40623,bce7529a69d593064f1e3884824f67df,True,
dent/dent_00013.jpg,dent_00013.jpg,dent,none,512,512,3,RGB,JPEG,349680,71d62824d89fda2f3beb49a898836ffb,True,
dent/dent_00014.jpg,dent_00014.jpg,dent,none,512,512,3,RGB,JPEG,44738,bdbadabf7e757ff9926dedd094546e81,True,
dent/dent_00015.jpg,dent_00015.jpg,dent,none,512,512,3,RGB,JPEG,98663,07d168714280b133cfb75754bb4ae7c6,True,
dent/dent_00016.jpg,dent_00016.jpg,dent,none,512,512,3,RGB,JPEG,57649,5707cd8f2ddf1073c48d4467f59639d6,True,
dent/dent_00017.jpg,dent_00017.jpg,dent,none,512,512,3,RGB,JPEG,40165,9b78a8df921e5af91d610b63d59dd858,True,
dent/dent_00018.jpg,dent_00018.jpg,dent,none,512,512,3,RGB,JPEG,35135,dc3b6e3747850ae0d72d34ce5f66e6a2,True,
dent/dent_00019.jpg,dent_00019.jpg,dent,none,512,512,3,RGB,JPEG,62429,8b2a16aee30ed8efd4cfe768338ce7b4,True,
dent/dent_00020.jpg,dent_00020.jpg,dent,none,512,512,3,RGB,JPEG,34135,4567722fd6aaea7006345c80a117cf4d,True,
dent/dent_00021.jpg,dent_00021.jpg,dent,none,512,512,3,RGB,JPEG,54304,3d4530e73d5ecdd49ec32c10237d4e6d,True,
dent/dent_00022.jpg,dent_00022.jpg,dent,none,512,512,3,RGB,JPEG,56718,466be012beec2cf32c42d7e732a73d8f,True,
dent/dent_00023.jpg,dent_00023.jpg,dent,none,512,512,3,RGB,JPEG,315826,9737b0959c83a6600aba6e9a9f223b3a,True,
dent/dent_00024.jpg,dent_00024.jpg,dent,none,512,512,3,RGB,JPEG,45200,c89d5a90f33caa4f4695b34474a9f49a,True,
dent/dent_00025.jpg,dent_00025.jpg,dent,none,512,512,3,RGB,JPEG,44510,c668a24a2e890337f1bd91604d694b43,True,
dent/dent_00026.jpg,dent_00026.jpg,dent,none,512,512,3,RGB,JPEG,51360,81daefb06a6a37b51840cd7f5d4eb921,True,
dent/dent_00027.jpg,dent_00027.jpg,dent,none,512,512,3,RGB,JPEG,42274,22c52b856776a871ebaf7c70bc63d286,True,
dent/dent_00028.jpg,dent_00028.jpg,dent,none,512,512,3,RGB,JPEG,174793,fb3f9e9eda393e64690ad88905163541,True,
dent/dent_00029.jpg,dent_00029.jpg,dent,none,512,512,3,RGB,JPEG,131292,8b52dd7b71b865f773e8bdcac39b1d14,True,
dent/dent_00030.jpg,dent_00030.jpg,dent,none,512,512,3,RGB,JPEG,87753,2fef5b2c37fd6f841e276b34c395a881,True,
dent/dent_00031.jpg,dent_00031.jpg,dent,none,512,512,3,RGB,JPEG,54337,4ef2906eb484e4201c712429ced06272,True,
dent/dent_00032.jpg,dent_00032.jpg,dent,none,512,512,3,RGB,JPEG,44161,eb6778c2579f798acd8be360489764d7,True,
dent/dent_00033.jpg,dent_00033.jpg,dent,none,512,512,3,RGB,JPEG,71335,420470ed005bc833c22c513f9e0e17db,True,
dent/dent_00034.jpg,dent_00034.jpg,dent,none,512,512,3,RGB,JPEG,55153,f75c1b50ede4e442c7d3f23906a7697f,True,
dent/dent_00035.jpg,dent_00035.jpg,dent,none,512,512,3,RGB,JPEG,61046,0f192f3b4e3bca00df415ee89dcc606e,True,
dent/dent_00036.jpg,dent_00036.jpg,dent,none,512,512,3,RGB,JPEG,65320,e9264b4f0fa4c01e02f43b44f8201f6f,True,
dent/dent_00037.jpg,dent_00037.jpg,dent,none,512,512,3,RGB,JPEG,91901,5a63a2d05d7e172283250eb4b595ced8,True,
dent/dent_00038.jpg,dent_00038.jpg,dent,none,512,512,3,RGB,JPEG,58273,ebcf8659f55d70ceffa7d439398e159d,True,
dent/dent_00039.jpg,dent_00039.jpg,dent,none,512,512,3,RGB,JPEG,64424,eacce899c5bfc67b1f57de053c89f616,True,
dent/dent_00040.jpg,dent_00040.jpg,dent,none,512,512,3,RGB,JPEG,260577,4be5e5e11cf41599a9bf8964bf26f6e0,True,
dent/dent_00041.jpg,dent_00041.jpg,dent,none,512,512,3,RGB,JPEG,68397,aea515487d7d90cd2ff18f1c719539cd,True,
dent/dent_00042.jpg,dent_00042.jpg,dent,none,512,512,3,RGB,JPEG,62350,6f0e9b23bfbf52ed5191f353b3a32a2c,True,
dent/dent_00043.jpg,dent_00043.jpg,dent,none,512,512,3,RGB,JPEG,56549,acd6d397e541fcbd3adc83ab87584f9e,True,
dent/dent_00044.jpg,dent_00044.jpg,dent,none,512,512,3,RGB,JPEG,54792,d3ae0fca5f8660ee8f705f2e8804cb98,True,
dent/dent_00045.jpg,dent_00045.jpg,dent,none,512,512,3,RGB,JPEG,60351,e95ada4afd60c6b5b8557f446ccb321e,True,
dent/dent_00046.jpg,dent_00046.jpg,dent,none,512,512,3,RGB,JPEG,57015,ade5405b7b7436008694bacf955e7b65,True,
dent/dent_00047.jpg,dent_00047.jpg,dent,none,512,512,3,RGB,JPEG,65567,d69d46ea4582f0685d77f753e2e1d7c4,True,
dent/dent_00048.jpg,dent_00048.jpg,dent,none,512,512,3,RGB,JPEG,62333,53efd7a6b6a431a84360f4c990c82faf,True,
dent/dent_00049.jpg,dent_00049.jpg,dent,none,512,512,3,RGB,JPEG,84195,8c9a9d2a3523880cd62a970c981b9afb,True,
dent/dent_00050.jpg,dent_00050.jpg,dent,none,512,512,3,RGB,JPEG,87130,9d601468cb6a78c6965f0b85803a9c62,True,
dent/dent_00051.jpg,dent_00051.jpg,dent,none,512,512,3,RGB,JPEG,42748,301a9f5f161942cb83a0ed3d42402e76,True,
dent/dent_00052.jpg,dent_00052.jpg,dent,none,512,512,3,RGB,JPEG,51934,98cbfd4e3b56c578aeaf82aff76378be,True,
dent/dent_00053.jpg,dent_00053.jpg,dent,none,512,512,3,RGB,JPEG,63647,7d51e3c20b2c3cf6069cc372de6d478f,True,
dent/dent_00054.jpg,dent_00054.jpg,dent,none,512,512,3,RGB,JPEG,61177,a696fbbe86d1e2c6aa0ddc05855e2ad9,True,
dent/dent_00055.jpg,dent_00055.jpg,dent,none,512,512,3,RGB,JPEG,59698,f4d0f1efbcec24e922ea07c135b0577f,True,
dent/dent_00056.jpg,dent_00056.jpg,dent,none,512,512,3,RGB,JPEG,62616,ee9e47a1bb5676c78f00a2113f7080ca,True,
dent/dent_00057.jpg,dent_00057.jpg,dent,none,512,512,3,RGB,JPEG,51758,19e21a22b1637166ccb75a773683dcff,True,
dent/dent_00058.jpg,dent_00058.jpg,dent,none,512,512,3,RGB,JPEG,61498,cca27cfb0db35e139087f78950036d97,True,
dent/dent_00059.jpg,dent_00059.jpg,dent,none,512,512,3,RGB,JPEG,50429,3c6de91c4937ce5923cfdbf8cda4c3b0,True,
dent/dent_00060.jpg,dent_00060.jpg,dent,none,512,512,3,RGB,JPEG,59159,12c33c05df8b2badf44f69498cfc2e06,True,
dent/dent_00061.jpg,dent_00061.jpg,dent,none,512,512,3,RGB,JPEG,89057,6c479f576780a10db5ed68fd35318414,True,
dent/dent_00062.jpg,dent_00062.jpg,dent,none,512,512,3,RGB,JPEG,58610,8bc1225196b20abd0edb6b381d8d0a13,True,
dent/dent_00063.jpg,dent_00063.jpg,dent,none,512,512,3,RGB,JPEG,49340,e0f71c40298b2f10142324125b6a9653,True,
dent/dent_00064.jpg,dent_00064.jpg,dent,none,512,512,3,RGB,JPEG,266787,66fdf0398897349ae7f682bd12b47bff,True,
dent/dent_00065.jpg,dent_00065.jpg,dent,none,512,512,3,RGB,JPEG,63951,f7532f8e38432bebda6b0db6468b562f,True,
dent/dent_00066.jpg,dent_00066.jpg,dent,none,512,512,3,RGB,JPEG,95241,7c0adef01bbc3f10f5c71b6194ce211f,True,
dent/dent_00067.jpg,dent_00067.jpg,dent,none,512,512,3,RGB,JPEG,33535,f4451db2d437054d6b7945d352d6b555,True,
dent/dent_00068.jpg,dent_00068.jpg,dent,none,512,512,3,RGB,JPEG,60558,e9fac3e489660de619c0d8958a413b8c,True,
dent/dent_00069.jpg,dent_00069.jpg,dent,none,512,512,3,RGB,JPEG,84818,7a7687039989f47f104e9f4296c2ab01,True,
dent/dent_00070.jpg,dent_00070.jpg,dent,none,512,512,3,RGB,JPEG,50593,6a18ef8b31e075196fa4af356ffc7aab,True,
dent/dent_00071.jpg,dent_00071.jpg,dent,none,512,512,3,RGB,JPEG,100067,2f5d274cc30ad249c3daeff3039156bf,True,
dent/dent_00072.jpg,dent_00072.jpg,dent,none,512,512,3,RGB,JPEG,124858,92f68bd80b4f0b5fa5190ab2c2eb633a,True,
dent/dent_00073.jpg,dent_00073.jpg,dent,none,512,512,3,RGB,JPEG,269627,bd15c0661f8bcda6fddbce14bd0ef85b,True,
dent/dent_00074.jpg,dent_00074.jpg,dent,none,512,512,3,RGB,JPEG,43414,8bf7cd4626b55ec83389e53047269639,True,
dent/dent_00075.jpg,dent_00075.jpg,dent,none,512,512,3,RGB,JPEG,61347,69a3d56b673a4c281f456d75228ed159,True,
dent/dent_00076.jpg,dent_00076.jpg,dent,none,512,512,3,RGB,JPEG,57440,2f64d0b21c87ed1604801020195cf2c4,True,
dent/dent_00077.jpg,dent_00077.jpg,dent,none,512,512,3,RGB,JPEG,56112,115640e8301edba53840c5f3bf7abcd6,True,
dent/dent_00078.jpg,dent_00078.jpg,dent,none,512,512,3,RGB,JPEG,157271,310f9c4dfb896bd3ef675664f51575e3,True,
dent/dent_00079.jpg,dent_00079.jpg,dent,none,512,512,3,RGB,JPEG,63085,24769e8a1f8be232d2fc56a24efae045,True,
dent/dent_00080.jpg,dent_00080.jpg,dent,none,512,512,3,RGB,JPEG,58892,8c35a5ef73722c9a7948cc3dbaa258f8,True,
dent/dent_00081.jpg,dent_00081.jpg,dent,none,512,512,3,RGB,JPEG,90984,713044b27d227ddd021f12d8ceca7ad2,True,
dent/dent_00082.jpg,dent_00082.jpg,dent,none,512,512,3,RGB,JPEG,314018,ff4b0914543388a36f08ba454e195c7b,True,
dent/dent_00083.jpg,dent_00083.jpg,dent,none,512,512,3,RGB,JPEG,50206,796bf02e33121300c60eb477623cf670,True,
dent/dent_00084.jpg,dent_00084.jpg,dent,none,512,512,3,RGB,JPEG,59476,fd24c1521ad00a374ed1f64d0bea1b73,True,
dent/dent_00085.jpg,dent_00085.jpg,dent,none,512,512,3,RGB,JPEG,45690,260534e231e02516fe426d1289fe45d9,True,
dent/dent_00086.jpg,dent_00086.jpg,dent,none,512,512,3,RGB,JPEG,37155,7dd4595305257d3d64b68d8d3f20d3e3,True,
dent/dent_00087.jpg,dent_00087.jpg,dent,none,512,512,3,RGB,JPEG,45075,452e4372db8c5f64b850fdd2852db651,True,
dent/dent_00088.jpg,dent_00088.jpg,dent,none,512,512,3,RGB,JPEG,126041,b9bb2aa9e34962b048fa938f1282aa01,True,
dent/dent_00089.jpg,dent_00089.jpg,dent,none,512,512,3,RGB,JPEG,50091,49177f07420b2fd08d9e9651404bb24e,True,
dent/dent_00090.jpg,dent_00090.jpg,dent,none,512,512,3,RGB,JPEG,47919,7d4e18649fc00e3c95f13d71af3c4f71,True,
dent/dent_00091.jpg,dent_00091.jpg,dent,none,512,512,3,RGB,JPEG,308056,90e2ecf26e161f16344a0ffd6dba5d5c,True,
dent/dent_00092.jpg,dent_00092.jpg,dent,none,512,512,3,RGB,JPEG,41939,4cce754a8aebf3d1b98f6c8fe54ff8c5,True,
dent/dent_00093.jpg,dent_00093.jpg,dent,none,512,512,3,RGB,JPEG,41440,c4f15db24492557e9f5313bd6a48e7a6,True,
dent/dent_00094.jpg,dent_00094.jpg,dent,none,512,512,3,RGB,JPEG,59782,1d6c74077bb35ab1b0671e1cfe9ca390,True,
dent/dent_00095.jpg,dent_00095.jpg,dent,none,512,512,3,RGB,JPEG,340734,6d623248762970fb9b0dbe2993a320f8,True,
dent/dent_00096.jpg,dent_00096.jpg,dent,none,512,512,3,RGB,JPEG,49697,148278afb07cfef78e95f8cc332dc2ea,True,
dent/dent_00097.jpg,dent_00097.jpg,dent,none,512,512,3,RGB,JPEG,50470,f3610fd66dd2f7564a7329a019f14ca9,True,
dent/dent_00098.jpg,dent_00098.jpg,dent,none,512,512,3,RGB,JPEG,46639,6d1993d794591f18b728b0b35c280d15,True,
dent/dent_00099.jpg,dent_00099.jpg,dent,none,512,512,3,RGB,JPEG,42129,3ec154dc5af71ae265ae06c69b9af503,True,
flash/flash_00000.jpg,flash_00000.jpg,flash,none,512,512,3,RGB,JPEG,78456,46c7876841fc2718f117416ae0c0d0be,True,
flash/flash_00001.jpg,flash_00001.jpg,flash,none,512,512,3,RGB,JPEG,58223,fc80427d624f7bde958a925e04c065e2,True,
flash/flash_00002.jpg,flash_00002.jpg,flash,none,512,512,3,RGB,JPEG,107744,d1caee68d85dd82d58140424edd12fd4,True,
flash/flash_00003.jpg,flash_00003.jpg,flash,none,512,512,3,RGB,JPEG,58935,c81a51b197decedb9dc53c5f07e68240,True,
flash/flash_00004.jpg,flash_00004.jpg,flash,none,512,512,3,RGB,JPEG,48028,7abcd5423eba32b49b615b648a8110e2,True,
flash/flash_00005.jpg,flash_00005.jpg,flash,none,512,512,3,RGB,JPEG,48231,881ac38fcd7f13f9d28a75aa581a5c7b,True,
flash/flash_00006.jpg,flash_00006.jpg,flash,none,512,512,3,RGB,JPEG,118009,997d331c601ab94b097a99633e34b8a8,True,
flash/flash_00007.jpg,flash_00007.jpg,flash,none,512,512,3,RGB,JPEG,56137,cc1bb8fa6379462cc089edd8882337fb,True,
flash/flash_00008.jpg,flash_00008.jpg,flash,none,512,512,3,RGB,JPEG,40659,9852f18845b6b4d43c838422e7318715,True,
flash/flash_00009.jpg,flash_00009.jpg,flash,none,512,512,3,RGB,JPEG,71156,10f3651a84f5263f4757d681fd5d7490,True,
flash/flash_00010.jpg,flash_00010.jpg,flash,none,512,512,3,RGB,JPEG,48368,84c48db0a6685c31d4f43f2f0457d6ec,True,
flash/flash_00011.jpg,flash_00011.jpg,flash,none,512,512,3,RGB,JPEG,56147,ac5b2cd9f239905ecc8798c6756bb691,True,
flash/flash_00012.jpg,flash_00012.jpg,flash,none,512,512,3,RGB,JPEG,293356,98d8b4951d597800fdb52f2dff1c2ed5,True,
flash/flash_00013.jpg,flash_00013.jpg,flash,none,512,512,3,RGB,JPEG,70462,66f6e18b4dc78c974f40af6606b7e896,True,
flash/flash_00014.jpg,flash_00014.jpg,flash,none,512,512,3,RGB,JPEG,55309,010a89a7cd3e12c719b0671b70e36c51,True,
flash/flash_00015.jpg,flash_00015.jpg,flash,none,512,512,3,RGB,JPEG,303386,4027e394cad9498fcbbcb3114e10b845,True,
flash/flash_00016.jpg,flash_00016.jpg,flash,none,512,512,3,RGB,JPEG,48364,cb4d82dd6e6731a4018fb9d8cd84e2d9,True,
flash/flash_00017.jpg,flash_00017.jpg,flash,none,512,512,3,RGB,JPEG,51022,3653ae1ac6095d9e55f1d5ddf24f0f9c,True,
flash/flash_00018.jpg,flash_00018.jpg,flash,none,512,512,3,RGB,JPEG,304087,f9b62ad93e796aaf9cffcc28bf8b0421,True,
flash/flash_00019.jpg,flash_00019.jpg,flash,none,512,512,3,RGB,JPEG,53472,9f8594c73862468694fb8205f058ba94,True,
flash/flash_00020.jpg,flash_00020.jpg,flash,none,512,512,3,RGB,JPEG,71523,79a3d3b100815d0f9a933766a0c46698,True,
flash/flash_00021.jpg,flash_00021.jpg,flash,none,512,512,3,RGB,JPEG,79205,1c85e05cdca4e740625f0548603b7bf9,True,
flash/flash_00022.jpg,flash_00022.jpg,flash,none,512,512,3,RGB,JPEG,42711,e1d669a30326608a19380662902dd20e,True,
flash/flash_00023.jpg,flash_00023.jpg,flash,none,512,512,3,RGB,JPEG,47849,be30d6fce8b395b82ad7073204387ff8,True,
flash/flash_00024.jpg,flash_00024.jpg,flash,none,512,512,3,RGB,JPEG,75578,9681491d4181c621813194654e10cd0b,True,
flash/flash_00025.jpg,flash_00025.jpg,flash,none,512,512,3,RGB,JPEG,43530,a869afdc14d093c6e349055b63c4d7ed,True,
flash/flash_00026.jpg,flash_00026.jpg,flash,none,512,512,3,RGB,JPEG,41272,018b629d20b019df8ad9215b1107a1ea,True,
flash/flash_00027.jpg,flash_00027.jpg,flash,none,512,512,3,RGB,JPEG,95849,f57973cb62a6346948c2908ee993cc3b,True,
flash/flash_00028.jpg,flash_00028.jpg,flash,none,512,512,3,RGB,JPEG,50838,b7f0fc8ad59eccf43beef9c5771f8193,True,
flash/flash_00029.jpg,flash_00029.jpg,flash,none,512,512,3,RGB,JPEG,43398,317cf26b90a3705f5f047bab1ec14320,True,
flash/flash_00030.jpg,flash_00030.jpg,flash,none,512,512,3,RGB,JPEG,43138,953407e583389905befdd4c60781cec3,True,
flash/flash_00031.jpg,flash_00031.jpg,flash,none,512,512,3,RGB,JPEG,51803,7122d8e634efa58c233db69abb72fa05,True,
flash/flash_00032.jpg,flash_00032.jpg,flash,none,512,512,3,RGB,JPEG,51859,8501f473a33c73230cb4b4b5e5dd2786,True,
flash/flash_00033.jpg,flash_00033.jpg,flash,none,512,512,3,RGB,JPEG,54367,407ab4c8377c1c11bb8428bc9b53dd11,True,
flash/flash_00034.jpg,flash_00034.jpg,flash,none,512,512,3,RGB,JPEG,64742,747a2643fd4c0dd6860f0f6021add024,True,
flash/flash_00035.jpg,flash_00035.jpg,flash,none,512,512,3,RGB,JPEG,92028,4e9565249bd935c8528843b0ec5a039c,True,
flash/flash_00036.jpg,flash_00036.jpg,flash,none,512,512,3,RGB,JPEG,55077,1565cdb11460e529c4bd745b93e5ee8e,True,
flash/flash_00037.jpg,flash_00037.jpg,flash,none,512,512,3,RGB,JPEG,98334,4b0d5cffb768c16860294264a7f1fcad,True,
flash/flash_00038.jpg,flash_00038.jpg,flash,none,512,512,3,RGB,JPEG,60051,befa820ae9394104ca0b25c870bdfe3e,True,
flash/flash_00039.jpg,flash_00039.jpg,flash,none,512,512,3,RGB,JPEG,53026,3623778f4bb584a1a4ed9098109eaaa8,True,
flash/flash_00040.jpg,flash_00040.jpg,flash,none,512,512,3,RGB,JPEG,55887,b5ca4336111e0c4d07af389e2e7afb59,True,
flash/flash_00041.jpg,flash_00041.jpg,flash,none,512,512,3,RGB,JPEG,71722,08918e7af2ad39e062fd579232a95b47,True,
flash/flash_00042.jpg,flash_00042.jpg,flash,none,512,512,3,RGB,JPEG,88270,03873e9e261b397ccdff656bdbb87bcf,True,
flash/flash_00043.jpg,flash_00043.jpg,flash,none,512,512,3,RGB,JPEG,59531,516799f2aa378e69eccb037eadd4cdd1,True,
flash/flash_00044.jpg,flash_00044.jpg,flash,none,512,512,3,RGB,JPEG,66925,c75cb2b5a40fbb2699d070207a810bf1,True,
flash/flash_00045.jpg,flash_00045.jpg,flash,none,512,512,3,RGB,JPEG,55413,1c711eb974839ce9de5702173ce06f56,True,
flash/flash_00046.jpg,flash_00046.jpg,flash,none,512,512,3,RGB,JPEG,53494,6131a1a034247259c826214710b7ee6c,True,
flash/flash_00047.jpg,flash_00047.jpg,flash,none,512,512,3,RGB,JPEG,160132,373e11c75c3a868fa5c617e3ab73b782,True,
flash/flash_00048.jpg,flash_00048.jpg,flash,none,512,512,3,RGB,JPEG,295682,104370b980cfc56ddcc0730cd595ef03,True,
flash/flash_00049.jpg,flash_00049.jpg,flash,none,512,512,3,RGB,JPEG,292704,cf55c2ddde49b258c5632e4314ee4d68,True,
flash/flash_00050.jpg,flash_00050.jpg,flash,none,512,512,3,RGB,JPEG,55181,3539dc69b775a83176bafa8e23b3f31e,True,
flash/flash_00051.jpg,flash_00051.jpg,flash,none,512,512,3,RGB,JPEG,49366,69bed7c55c3bf84b1e156b58cb35204f,True,
flash/flash_00052.jpg,flash_00052.jpg,flash,none,512,512,3,RGB,JPEG,62326,929bfb8ae204a28d3123867280a970fe,True,
flash/flash_00053.jpg,flash_00053.jpg,flash,none,512,512,3,RGB,JPEG,50124,7f2336bd7947e474e572ed676a6703f2,True,
flash/flash_00054.jpg,flash_00054.jpg,flash,none,512,512,3,RGB,JPEG,54652,d8de3337491b13c8a5b241b353c3f0a4,True,
flash/flash_00055.jpg,flash_00055.jpg,flash,none,512,512,3,RGB,JPEG,58962,8e5323fddc2323bd7b390f4d24dee709,True,
flash/flash_00056.jpg,flash_00056.jpg,flash,none,512,512,3,RGB,JPEG,52426,2d612bd2e9d218a073db9180f9765aed,True,
flash/flash_00057.jpg,flash_00057.jpg,flash,none,512,512,3,RGB,JPEG,272331,cd294d6b01b06712615996dd9e15fcab,True,
flash/flash_00058.jpg,flash_00058.jpg,flash,none,512,512,3,RGB,JPEG,58932,a61590faf907f8dc23cc1de9978240e4,True,
flash/flash_00059.jpg,flash_00059.jpg,flash,none,512,512,3,RGB,JPEG,77506,af88a7e9c5f00c09d143c488c3bfeddd,True,
flash/flash_00060.jpg,flash_00060.jpg,flash,none,512,512,3,RGB,JPEG,166535,ec81a86fc9fec989100942e6deeb1cd5,True,
flash/flash_00061.jpg,flash_00061.jpg,flash,none,512,512,3,RGB,JPEG,327765,0be15b2b6e8f3c21b6367a6068938098,True,
flash/flash_00062.jpg,flash_00062.jpg,flash,none,512,512,3,RGB,JPEG,48497,6f2274c41a8e55ccfd5784b6434678e4,True,
flash/flash_00063.jpg,flash_00063.jpg,flash,none,512,512,3,RGB,JPEG,59463,bca135324074e47d9e391d2b6fff8bf5,True,
flash/flash_00064.jpg,flash_00064.jpg,flash,none,512,512,3,RGB,JPEG,86591,9b1ce6ff1845043b5e9383f05f36e661,True,
flash/flash_00065.jpg,flash_00065.jpg,flash,none,512,512,3,RGB,JPEG,79135,dd58a6defabe16e37a814952e793b3ab,True,
flash/flash_00066.jpg,flash_00066.jpg,flash,none,512,512,3,RGB,JPEG,148897,7883cdedebf1de4cf3bcf026a1ee0d35,True,
flash/flash_00067.jpg,flash_00067.jpg,flash,none,512,512,3,RGB,JPEG,50439,6b25a4d6627a030021d418cc1175f230,True,
flash/flash_00068.jpg,flash_00068.jpg,flash,none,512,512,3,RGB,JPEG,331259,76aafe31e639cb7802e14a11b33f74dc,True,
flash/flash_00069.jpg,flash_00069.jpg,flash,none,512,512,3,RGB,JPEG,307972,93ed1bb54211ad329580c0a00c0254de,True,
flash/flash_00070.jpg,flash_00070.jpg,flash,none,512,512,3,RGB,JPEG,282896,aaeecf8c27f6d30639fb6ba57b080c73,True,
flash/flash_00071.jpg,flash_00071.jpg,flash,none,512,512,3,RGB,JPEG,82189,bd57c8cba1a3226435e2a7e41748bb51,True,
flash/flash_00072.jpg,flash_00072.jpg,flash,none,512,512,3,RGB,JPEG,56370,3f60b9754d995b74667ea7763f3ba233,True,
flash/flash_00073.jpg,flash_00073.jpg,flash,none,512,512,3,RGB,JPEG,331971,802d22919f49941c21cb4539e3642d4b,True,
flash/flash_00074.jpg,flash_00074.jpg,flash,none,512,512,3,RGB,JPEG,135558,804d079a3f6a2afba981e435a7c570b6,True,
flash/flash_00075.jpg,flash_00075.jpg,flash,none,512,512,3,RGB,JPEG,97612,573a255bf18000cfdd09e0d3d787f1c0,True,
flash/flash_00076.jpg,flash_00076.jpg,flash,none,512,512,3,RGB,JPEG,60941,4b852a99c4b92d8eafad024edd3b3425,True,
flash/flash_00077.jpg,flash_00077.jpg,flash,none,512,512,3,RGB,JPEG,52661,1e67311f57bb57fe08e5cdb4c52a5458,True,
flash/flash_00078.jpg,flash_00078.jpg,flash,none,512,512,3,RGB,JPEG,132529,c6d853e96e05dc5370fb84af93d8ecb1,True,
flash/flash_00079.jpg,flash_00079.jpg,flash,none,512,512,3,RGB,JPEG,86182,3c8e718b4307c00d27438c4a4eebfb65,True,
flash/flash_00080.jpg,flash_00080.jpg,flash,none,512,512,3,RGB,JPEG,142132,0a2f2ffe85365e736669416309abba6f,True,
flash/flash_00081.jpg,flash_00081.jpg,flash,none,512,512,3,RGB,JPEG,265178,c52145a168ac83635337f00b50228663,True,
flash/flash_00082.jpg,flash_00082.jpg,flash,none,512,512,3,RGB,JPEG,312463,907a05b2ee5fc868ec228d285a1cc83e,True,
flash/flash_00083.jpg,flash_00083.jpg,flash,none,512,512,3,RGB,JPEG,58474,e10d4395d351cf113318614bac947b4f,True,
flash/flash_00084.jpg,flash_00084.jpg,flash,none,512,512,3,RGB,JPEG,99187,38624efe356da58bc2c0f1c469436542,True,
flash/flash_00085.jpg,flash_00085.jpg,flash,none,512,512,3,RGB,JPEG,80267,c513bb91912b46976e7fd1aabe5e63f4,True,
flash/flash_00086.jpg,flash_00086.jpg,flash,none,512,512,3,RGB,JPEG,55512,f77d18fb3b164e3487ff760012f2b104,True,
flash/flash_00087.jpg,flash_00087.jpg,flash,none,512,512,3,RGB,JPEG,56612,e95df76a8e914545815b7eb700079b02,True,
flash/flash_00088.jpg,flash_00088.jpg,flash,none,512,512,3,RGB,JPEG,65836,07324f37b2b3cbc34822b299c0d8e164,True,
flash/flash_00089.jpg,flash_00089.jpg,flash,none,512,512,3,RGB,JPEG,36192,6e6203eb7351060430ebb2147ff5537d,True,
flash/flash_00090.jpg,flash_00090.jpg,flash,none,512,512,3,RGB,JPEG,301020,33c399987c791dc59eb312575092602e,True,
flash/flash_00091.jpg,flash_00091.jpg,flash,none,512,512,3,RGB,JPEG,58933,96aed75b80de1aaab8a87faee1687ce9,True,
flash/flash_00092.jpg,flash_00092.jpg,flash,none,512,512,3,RGB,JPEG,65385,0b7d429df5c4f0f2569f6412b0a3601c,True,
flash/flash_00093.jpg,flash_00093.jpg,flash,none,512,512,3,RGB,JPEG,37622,3c29da3267639df2e3d41b148ef1cbc4,True,
flash/flash_00094.jpg,flash_00094.jpg,flash,none,512,512,3,RGB,JPEG,298139,806e69ed8d21d17b3392600b71e226b3,True,
flash/flash_00095.jpg,flash_00095.jpg,flash,none,512,512,3,RGB,JPEG,141855,d27ecd02b9f6c6eb565dc6e92acdbd09,True,
flash/flash_00096.jpg,flash_00096.jpg,flash,none,512,512,3,RGB,JPEG,38025,126b3c1b932990fe30185430ef3b9e06,True,
flash/flash_00097.jpg,flash_00097.jpg,flash,none,512,512,3,RGB,JPEG,50494,3c32a9a4bd98b4b85cdf82b6d5ef4514,True,
flash/flash_00098.jpg,flash_00098.jpg,flash,none,512,512,3,RGB,JPEG,270901,5eb8fe1691657f6956924f534d2238b5,True,
flash/flash_00099.jpg,flash_00099.jpg,flash,none,512,512,3,RGB,JPEG,46977,0dd074329f9f98ab7635e625448df40b,True,
inclusion/inclusion_00000.jpg,inclusion_00000.jpg,inclusion,none,512,512,3,RGB,JPEG,70967,c6bb1d30a0839727327f717c37c7670f,True,
inclusion/inclusion_00001.jpg,inclusion_00001.jpg,inclusion,none,512,512,3,RGB,JPEG,58000,4283014b367b3c1bb84c342b4010c062,True,
inclusion/inclusion_00002.jpg,inclusion_00002.jpg,inclusion,none,512,512,3,RGB,JPEG,57516,cc5d4847d930c9757fd903552b219db6,True,
inclusion/inclusion_00003.jpg,inclusion_00003.jpg,inclusion,none,512,512,3,RGB,JPEG,102937,00e9b85b1f790c8065df6a3e26a3a868,True,
inclusion/inclusion_00004.jpg,inclusion_00004.jpg,inclusion,none,512,512,3,RGB,JPEG,76200,1098def1d793ee2cb121aabfb3113068,True,
inclusion/inclusion_00005.jpg,inclusion_00005.jpg,inclusion,none,512,512,3,RGB,JPEG,50813,1322030b1069ed655a63f4f1752e24e3,True,
inclusion/inclusion_00006.jpg,inclusion_00006.jpg,inclusion,none,512,512,3,RGB,JPEG,98086,c79ea35060dcfb49928cab836170c327,True,
inclusion/inclusion_00007.jpg,inclusion_00007.jpg,inclusion,none,512,512,3,RGB,JPEG,190178,7899456a0e03af4fde93fe3a7e20c669,True,
inclusion/inclusion_00008.jpg,inclusion_00008.jpg,inclusion,none,512,512,3,RGB,JPEG,63088,46c86dbdb3ed3617dd9d4ed1f9f0d978,True,
inclusion/inclusion_00009.jpg,inclusion_00009.jpg,inclusion,none,512,512,3,RGB,JPEG,58700,b9f26c6b50b8eea983f98fa3f724e15d,True,
inclusion/inclusion_00010.jpg,inclusion_00010.jpg,inclusion,none,512,512,3,RGB,JPEG,41348,10cfc45422d8d5a6fa69bb13aafb237a,True,
inclusion/inclusion_00011.jpg,inclusion_00011.jpg,inclusion,none,512,512,3,RGB,JPEG,342009,672719f587656e1d5443c3b6e88c6ca6,True,
inclusion/inclusion_00012.jpg,inclusion_00012.jpg,inclusion,none,512,512,3,RGB,JPEG,290657,6cfd25dffb758042bb9f1299dc564b18,True,
inclusion/inclusion_00013.jpg,inclusion_00013.jpg,inclusion,none,512,512,3,RGB,JPEG,58737,a317558d93a9af7a8c7c8e6be3ec13e4,True,
inclusion/inclusion_00014.jpg,inclusion_00014.jpg,inclusion,none,512,512,3,RGB,JPEG,50151,4f8792aae6cffb98b1744d0a671eeec4,True,
inclusion/inclusion_00015.jpg,inclusion_00015.jpg,inclusion,none,512,512,3,RGB,JPEG,153971,adbc0c70e7fc6ae53e4d8b84db6fa3f1,True,
inclusion/inclusion_00016.jpg,inclusion_00016.jpg,inclusion,none,512,512,3,RGB,JPEG,52314,0940c356658dfe168e4b41b3f40a08d6,True,
inclusion/inclusion_00017.jpg,inclusion_00017.jpg,inclusion,none,512,512,3,RGB,JPEG,148602,24df5abf21a2a8c0760a3bd1dbd085ac,True,
inclusion/inclusion_00018.jpg,inclusion_00018.jpg,inclusion,none,512,512,3,RGB,JPEG,60500,d0778731bfc6e3a2740a62d4dc258d55,True,
inclusion/inclusion_00019.jpg,inclusion_00019.jpg,inclusion,none,512,512,3,RGB,JPEG,41623,c1b1698a92c22e06273327c45a6d5a3a,True,
inclusion/inclusion_00020.jpg,inclusion_00020.jpg,inclusion,none,512,512,3,RGB,JPEG,42729,ef9635add7e2d4117630f652306ebe25,True,
inclusion/inclusion_00021.jpg,inclusion_00021.jpg,inclusion,none,512,512,3,RGB,JPEG,50476,5a4ee6a90651fbe4038b7480283d6c57,True,
inclusion/inclusion_00022.jpg,inclusion_00022.jpg,inclusion,none,512,512,3,RGB,JPEG,82531,5b3df83fa2eeb09c2684519ec5662a15,True,
inclusion/inclusion_00023.jpg,inclusion_00023.jpg,inclusion,none,512,512,3,RGB,JPEG,122773,a33ffd5dface39ad57d5a8d102dd39f3,True,
inclusion/inclusion_00024.jpg,inclusion_00024.jpg,inclusion,none,512,512,3,RGB,JPEG,41204,0d7aee8447a2d1c8e242c2b9264033c5,True,
inclusion/inclusion_00025.jpg,inclusion_00025.jpg,inclusion,none,512,512,3,RGB,JPEG,56812,2e224703b4793768959c1e352bad0d19,True,
inclusion/inclusion_00026.jpg,inclusion_00026.jpg,inclusion,none,512,512,3,RGB,JPEG,119891,1c89cf714aede21bc4900f9ba548a27a,True,
inclusion/inclusion_00027.jpg,inclusion_00027.jpg,inclusion,none,512,512,3,RGB,JPEG,55308,cff8688f8bca241be7c533c55f412c0a,True,
inclusion/inclusion_00028.jpg,inclusion_00028.jpg,inclusion,none,512,512,3,RGB,JPEG,51309,d25e9e47f97064e425ca13b0de72cb3b,True,
inclusion/inclusion_00029.jpg,inclusion_00029.jpg,inclusion,none,512,512,3,RGB,JPEG,44286,bb8f6058fc79d930c022767f9682cb18,True,
inclusion/inclusion_00030.jpg,inclusion_00030.jpg,inclusion,none,512,512,3,RGB,JPEG,41838,18c8fd79d97d85b33452be4e64ffaac6,True,
inclusion/inclusion_00031.jpg,inclusion_00031.jpg,inclusion,none,512,512,3,RGB,JPEG,46786,89c5fd779202c1027527c86897417815,True,
inclusion/inclusion_00032.jpg,inclusion_00032.jpg,inclusion,none,512,512,3,RGB,JPEG,60082,2ce800cfea1726b203a09e1915c1e2ff,True,
inclusion/inclusion_00033.jpg,inclusion_00033.jpg,inclusion,none,512,512,3,RGB,JPEG,172643,ce256392d3a964c21b94acbee065a517,True,
inclusion/inclusion_00034.jpg,inclusion_00034.jpg,inclusion,none,512,512,3,RGB,JPEG,58278,ec10258f753eb33900d71c5db74151e6,True,
inclusion/inclusion_00035.jpg,inclusion_00035.jpg,inclusion,none,512,512,3,RGB,JPEG,80789,ffe6451d2a719bfdc4d170b06eefe9d1,True,
inclusion/inclusion_00036.jpg,inclusion_00036.jpg,inclusion,none,512,512,3,RGB,JPEG,99915,6149fc997812d8d0b945b6cb6a1c10ae,True,
inclusion/inclusion_00037.jpg,inclusion_00037.jpg,inclusion,none,512,512,3,RGB,JPEG,71786,dad58d4ccf3b80372d2e45d946dd4f38,True,
inclusion/inclusion_00038.jpg,inclusion_00038.jpg,inclusion,none,512,512,3,RGB,JPEG,58665,b96fbddc24009c438f874310d946c4b0,True,
inclusion/inclusion_00039.jpg,inclusion_00039.jpg,inclusion,none,512,512,3,RGB,JPEG,58546,d5715b475c98cc302a68c8cfec903ede,True,
inclusion/inclusion_00040.jpg,inclusion_00040.jpg,inclusion,none,512,512,3,RGB,JPEG,86042,bb07c121095be49fccef8a47baa0ba49,True,
inclusion/inclusion_00041.jpg,inclusion_00041.jpg,inclusion,none,512,512,3,RGB,JPEG,53857,78a96136ddc4f8f0189f4fd078b45475,True,
inclusion/inclusion_00042.jpg,inclusion_00042.jpg,inclusion,none,512,512,3,RGB,JPEG,64033,3f601921fed14f61e99194cdebfe8489,True,
inclusion/inclusion_00043.jpg,inclusion_00043.jpg,inclusion,none,512,512,3,RGB,JPEG,58452,cc9c36fd346e88c0b4d25d60058aefd2,True,
inclusion/inclusion_00044.jpg,inclusion_00044.jpg,inclusion,none,512,512,3,RGB,JPEG,67163,a58dcea1cb8d15636970aa9f0dc57984,True,
inclusion/inclusion_00045.jpg,inclusion_00045.jpg,inclusion,none,512,512,3,RGB,JPEG,66440,3e1b155e203f92fa19e1dd4122ca6e98,True,
inclusion/inclusion_00046.jpg,inclusion_00046.jpg,inclusion,none,512,512,3,RGB,JPEG,64243,0b11725de2b7ff2c7758c57adfc3a8ed,True,
inclusion/inclusion_00047.jpg,inclusion_00047.jpg,inclusion,none,512,512,3,RGB,JPEG,59016,06e4942b5ca69637852cac4f996ab941,True,
inclusion/inclusion_00048.jpg,inclusion_00048.jpg,inclusion,none,512,512,3,RGB,JPEG,66258,66be06d362d7496e8ab915e7c55c0164,True,
inclusion/inclusion_00049.jpg,inclusion_00049.jpg,inclusion,none,512,512,3,RGB,JPEG,58852,0b983994e013fe4c79972890d25eafaf,True,
inclusion/inclusion_00050.jpg,inclusion_00050.jpg,inclusion,none,512,512,3,RGB,JPEG,64902,ca4a8aa4089c9525217ae7910003baa9,True,
inclusion/inclusion_00051.jpg,inclusion_00051.jpg,inclusion,none,512,512,3,RGB,JPEG,51444,8e19e45a8de026899154c16cc167753d,True,
inclusion/inclusion_00052.jpg,inclusion_00052.jpg,inclusion,none,512,512,3,RGB,JPEG,61630,b91b5fa4f92eeae1e384dff85f4bd2fb,True,
inclusion/inclusion_00053.jpg,inclusion_00053.jpg,inclusion,none,512,512,3,RGB,JPEG,55966,80e0c885ab0af7006cc85e553a05613a,True,
inclusion/inclusion_00054.jpg,inclusion_00054.jpg,inclusion,none,512,512,3,RGB,JPEG,48897,305f3e889d2e58d5ce7691f5577504c5,True,
inclusion/inclusion_00055.jpg,inclusion_00055.jpg,inclusion,none,512,512,3,RGB,JPEG,315807,e6385692225327a35579fb7ba21c5b26,True,
inclusion/inclusion_00056.jpg,inclusion_00056.jpg,inclusion,none,512,512,3,RGB,JPEG,92698,2f8182238a724e25dd1d60a619c1dfce,True,
inclusion/inclusion_00057.jpg,inclusion_00057.jpg,inclusion,none,512,512,3,RGB,JPEG,81423,88a1d7e37c868e5e2b99a679528509c2,True,
inclusion/inclusion_00058.jpg,inclusion_00058.jpg,inclusion,none,512,512,3,RGB,JPEG,71112,e1659d80dea7aaded442029b53a26257,True,
inclusion/inclusion_00059.jpg,inclusion_00059.jpg,inclusion,none,512,512,3,RGB,JPEG,295589,6e2c4de7b459ee136b80210c08b939b7,True,
inclusion/inclusion_00060.jpg,inclusion_00060.jpg,inclusion,none,512,512,3,RGB,JPEG,66973,3d3d11e5a2c587d2e6201d292ae2bd23,True,
inclusion/inclusion_00061.jpg,inclusion_00061.jpg,inclusion,none,512,512,3,RGB,JPEG,288541,55930678a6b2525e8def1528784b1cc0,True,
inclusion/inclusion_00062.jpg,inclusion_00062.jpg,inclusion,none,512,512,3,RGB,JPEG,46807,7ea1e75c95fc014e30eb0bed356652d9,True,
inclusion/inclusion_00063.jpg,inclusion_00063.jpg,inclusion,none,512,512,3,RGB,JPEG,100016,8df610f9e4038cf820b1986e7650b24b,True,
inclusion/inclusion_00064.jpg,inclusion_00064.jpg,inclusion,none,512,512,3,RGB,JPEG,81334,6cff1d9526b3f3c960687bbfb86b7440,True,
inclusion/inclusion_00065.jpg,inclusion_00065.jpg,inclusion,none,512,512,3,RGB,JPEG,79980,239876ebd6b5c6d5edf4ce0f3d92cb86,True,
inclusion/inclusion_00066.jpg,inclusion_00066.jpg,inclusion,none,512,512,3,RGB,JPEG,187841,c57ac42ed156f69319216ae69c679b09,True,
inclusion/inclusion_00067.jpg,inclusion_00067.jpg,inclusion,none,512,512,3,RGB,JPEG,63684,32d971c212784b895cd7de961eebe512,True,
inclusion/inclusion_00068.jpg,inclusion_00068.jpg,inclusion,none,512,512,3,RGB,JPEG,127753,4696735a99b97d3766798957fec63228,True,
inclusion/inclusion_00069.jpg,inclusion_00069.jpg,inclusion,none,512,512,3,RGB,JPEG,100718,b4485a19179aa4e38e9d154b3a13c55e,True,
inclusion/inclusion_00070.jpg,inclusion_00070.jpg,inclusion,none,512,512,3,RGB,JPEG,62777,160b5f1c8c8f93d43c2a9503c49b3bb0,True,
inclusion/inclusion_00071.jpg,inclusion_00071.jpg,inclusion,none,512,512,3,RGB,JPEG,64576,95f10cadde5f8ae104b9bedbdf9073b4,True,
inclusion/inclusion_00072.jpg,inclusion_00072.jpg,inclusion,none,512,512,3,RGB,JPEG,75993,8e31d808182eb66eb5cb4231308ac952,True,
inclusion/inclusion_00073.jpg,inclusion_00073.jpg,inclusion,none,512,512,3,RGB,JPEG,49987,be6baae63889ecaa72e5d4f93acfce8b,True,
inclusion/inclusion_00074.jpg,inclusion_00074.jpg,inclusion,none,512,512,3,RGB,JPEG,310908,b3317ed37d57d1b94ad4df61e3696498,True,
inclusion/inclusion_00075.jpg,inclusion_00075.jpg,inclusion,none,512,512,3,RGB,JPEG,64187,794d2ff87c02cc3d1f33982cb545b2b7,True,
inclusion/inclusion_00076.jpg,inclusion_00076.jpg,inclusion,none,512,512,3,RGB,JPEG,109063,df5c7b6dc93626c87e4cd1f284de3704,True,
inclusion/inclusion_00077.jpg,inclusion_00077.jpg,inclusion,none,512,512,3,RGB,JPEG,90190,999b78b92faac3ea0bb1fbe1c1904ef0,True,
inclusion/inclusion_00078.jpg,inclusion_00078.jpg,inclusion,none,512,512,3,RGB,JPEG,64935,29eede29d6631324a4dbf911d4d0e4dd,True,
inclusion/inclusion_00079.jpg,inclusion_00079.jpg,inclusion,none,512,512,3,RGB,JPEG,46328,e5f967667a85fdf71364d7b8d78f9907,True,
inclusion/inclusion_00080.jpg,inclusion_00080.jpg,inclusion,none,512,512,3,RGB,JPEG,63703,c6d56cd7d57f8515d4469510231339ab,True,
inclusion/inclusion_00081.jpg,inclusion_00081.jpg,inclusion,none,512,512,3,RGB,JPEG,77306,7ead96518b6d67d59ac3f43804789a8e,True,
inclusion/inclusion_00082.jpg,inclusion_00082.jpg,inclusion,none,512,512,3,RGB,JPEG,270066,38a63fe771d40cceac00f7b5ebbf7d7b,True,
inclusion/inclusion_00083.jpg,inclusion_00083.jpg,inclusion,none,512,512,3,RGB,JPEG,317232,1de03aae80305b818b018deb803d8bcb,True,
inclusion/inclusion_00084.jpg,inclusion_00084.jpg,inclusion,none,512,512,3,RGB,JPEG,65813,f331fdd2039785607f82c3624ad8f42f,True,
inclusion/inclusion_00085.jpg,inclusion_00085.jpg,inclusion,none,512,512,3,RGB,JPEG,40779,7397c0253c53e781e9f57f1bd514bd5b,True,
inclusion/inclusion_00086.jpg,inclusion_00086.jpg,inclusion,none,512,512,3,RGB,JPEG,171319,97eec6d7c943f4c38389118e2bb0d290,True,
inclusion/inclusion_00087.jpg,inclusion_00087.jpg,inclusion,none,512,512,3,RGB,JPEG,48942,6c4fbee9b79a019ae122d572c61ca5dc,True,
inclusion/inclusion_00088.jpg,inclusion_00088.jpg,inclusion,none,512,512,3,RGB,JPEG,54930,b0701df64068d1be3926fab4552c1384,True,
inclusion/inclusion_00089.jpg,inclusion_00089.jpg,inclusion,none,512,512,3,RGB,JPEG,98662,729daa3cc1436d86a9be5a4c2273097b,True,
inclusion/inclusion_00090.jpg,inclusion_00090.jpg,inclusion,none,512,512,3,RGB,JPEG,34011,3e19fb4b5fefda2f3cefa57d234ef586,True,
inclusion/inclusion_00091.jpg,inclusion_00091.jpg,inclusion,none,512,512,3,RGB,JPEG,74182,932822ab582e4eb6c0bc1234a2e96577,True,
inclusion/inclusion_00092.jpg,inclusion_00092.jpg,inclusion,none,512,512,3,RGB,JPEG,36119,d0f6c031a07dddd7f9705a4cac68f2aa,True,
inclusion/inclusion_00093.jpg,inclusion_00093.jpg,inclusion,none,512,512,3,RGB,JPEG,33978,c7a86e69196657537259dd22b66d80cf,True,
inclusion/inclusion_00094.jpg,inclusion_00094.jpg,inclusion,none,512,512,3,RGB,JPEG,50178,68c3ae8aedfe5120de9caf814b9db76a,True,
inclusion/inclusion_00095.jpg,inclusion_00095.jpg,inclusion,none,512,512,3,RGB,JPEG,69138,de6cde9b6beac14a16ea5eaae7aec107,True,
inclusion/inclusion_00096.jpg,inclusion_00096.jpg,inclusion,none,512,512,3,RGB,JPEG,49430,93f62618cb82138783a7f106b02f6824,True,
inclusion/inclusion_00097.jpg,inclusion_00097.jpg,inclusion,none,512,512,3,RGB,JPEG,101555,751f3c580b01b789461bc217dd9f98a8,True,
inclusion/inclusion_00098.jpg,inclusion_00098.jpg,inclusion,none,512,512,3,RGB,JPEG,34445,267df65464c0b62ea43700c257de4fd8,True,
inclusion/inclusion_00099.jpg,inclusion_00099.jpg,inclusion,none,512,512,3,RGB,JPEG,50279,b854f85b5bf7588c6f4d3fd6f51a39d8,True,
mixed_defects/mixed_defects_00000.jpg,mixed_defects_00000.jpg,mixed_defects,none,512,512,3,RGB,JPEG,46458,d9c4b7f73682a53b9b94b883c3dc4b42,True,
mixed_defects/mixed_defects_00001.jpg,mixed_defects_00001.jpg,mixed_defects,none,512,512,3,RGB,JPEG,60483,9c0527dacddd16aabfee182b4debf6d6,True,
mixed_defects/mixed_defects_00002.jpg,mixed_defects_00002.jpg,mixed_defects,none,512,512,3,RGB,JPEG,59050,bb69f006f0b1c07713c9c5235942347e,True,
mixed_defects/mixed_defects_00003.jpg,mixed_defects_00003.jpg,mixed_defects,none,512,512,3,RGB,JPEG,151394,ac69ce6a1e016e8959fd0ea6b8406053,True,
mixed_defects/mixed_defects_00004.jpg,mixed_defects_00004.jpg,mixed_defects,none,512,512,3,RGB,JPEG,64360,f7e0ce49ff983d2fee03eb242d4095d5,True,
mixed_defects/mixed_defects_00005.jpg,mixed_defects_00005.jpg,mixed_defects,none,512,512,3,RGB,JPEG,62731,3f0a53c328dcf2cab54e0314210e0031,True,
mixed_defects/mixed_defects_00006.jpg,mixed_defects_00006.jpg,mixed_defects,none,512,512,3,RGB,JPEG,39949,5745d773aa4f307522f8df22488181be,True,
mixed_defects/mixed_defects_00007.jpg,mixed_defects_00007.jpg,mixed_defects,none,512,512,3,RGB,JPEG,64630,e1f4d2b294c2d1367ea528d965a66ddc,True,
mixed_defects/mixed_defects_00008.jpg,mixed_defects_00008.jpg,mixed_defects,none,512,512,3,RGB,JPEG,43774,200fd6526667ec58a1dd96cfedb08fa0,True,
mixed_defects/mixed_defects_00009.jpg,mixed_defects_00009.jpg,mixed_defects,none,512,512,3,RGB,JPEG,59703,734354a698111aca6ba1955c5a940664,True,
mixed_defects/mixed_defects_00010.jpg,mixed_defects_00010.jpg,mixed_defects,none,512,512,3,RGB,JPEG,267399,42e3b72dc73356f313e823e98e65ed80,True,
mixed_defects/mixed_defects_00011.jpg,mixed_defects_00011.jpg,mixed_defects,none,512,512,3,RGB,JPEG,52174,a9073b26ced25e750f76c4c0db4edb39,True,
mixed_defects/mixed_defects_00012.jpg,mixed_defects_00012.jpg,mixed_defects,none,512,512,3,RGB,JPEG,43017,1702c4bab12a09888cde783dd14f699f,True,
mixed_defects/mixed_defects_00013.jpg,mixed_defects_00013.jpg,mixed_defects,none,512,512,3,RGB,JPEG,61120,12737ceef784cbd368c17bbc9e8d91d1,True,
mixed_defects/mixed_defects_00014.jpg,mixed_defects_00014.jpg,mixed_defects,none,512,512,3,RGB,JPEG,49440,646ac525444f6cf30c336aaad60f4ce4,True,
mixed_defects/mixed_defects_00015.jpg,mixed_defects_00015.jpg,mixed_defects,none,512,512,3,RGB,JPEG,155865,8ce857c9463a38f1ff55e7e8b6d63b1e,True,
mixed_defects/mixed_defects_00016.jpg,mixed_defects_00016.jpg,mixed_defects,none,512,512,3,RGB,JPEG,39681,3457f15d203c4b07a35a4a62e8c38e5c,True,
mixed_defects/mixed_defects_00017.jpg,mixed_defects_00017.jpg,mixed_defects,none,512,512,3,RGB,JPEG,60102,1311a808a99519486888b72bf171fbab,True,
mixed_defects/mixed_defects_00018.jpg,mixed_defects_00018.jpg,mixed_defects,none,512,512,3,RGB,JPEG,44437,19a9176ae5d2dd384cde1336aa1e20f2,True,
mixed_defects/mixed_defects_00019.jpg,mixed_defects_00019.jpg,mixed_defects,none,512,512,3,RGB,JPEG,42858,b5d24dbcb8185355137d25f6a6e36cbd,True,
mixed_defects/mixed_defects_00020.jpg,mixed_defects_00020.jpg,mixed_defects,none,512,512,3,RGB,JPEG,53713,46a539e2b13ee3bd93bc09b87805fdd9,True,
mixed_defects/mixed_defects_00021.jpg,mixed_defects_00021.jpg,mixed_defects,none,512,512,3,RGB,JPEG,51033,d41361248f919bade67a31e569762edf,True,
mixed_defects/mixed_defects_00022.jpg,mixed_defects_00022.jpg,mixed_defects,none,512,512,3,RGB,JPEG,42513,ac48cee50ffd3956df992fee51ed0106,True,
mixed_defects/mixed_defects_00023.jpg,mixed_defects_00023.jpg,mixed_defects,none,512,512,3,RGB,JPEG,58000,bc8215656cdab4660c5bf59c0532e917,True,
mixed_defects/mixed_defects_00024.jpg,mixed_defects_00024.jpg,mixed_defects,none,512,512,3,RGB,JPEG,59717,2a911ed2c9570fa9a943435544ac7bb8,True,
mixed_defects/mixed_defects_00025.jpg,mixed_defects_00025.jpg,mixed_defects,none,512,512,3,RGB,JPEG,74514,f06bde6dcdfd360e458b8d78430f871b,True,
mixed_defects/mixed_defects_00026.jpg,mixed_defects_00026.jpg,mixed_defects,none,512,512,3,RGB,JPEG,52855,89c052d2dca0e7caef69b858c7a48f91,True,
mixed_defects/mixed_defects_00027.jpg,mixed_defects_00027.jpg,mixed_defects,none,512,512,3,RGB,JPEG,46877,bf3b4f17112d100df5a3dc1411f16f45,True,
mixed_defects/mixed_defects_00028.jpg,mixed_defects_00028.jpg,mixed_defects,none,512,512,3,RGB,JPEG,45376,534f356381b34389c075fd610fe88604,True,
mixed_defects/mixed_defects_00029.jpg,mixed_defects_00029.jpg,mixed_defects,none,512,512,3,RGB,JPEG,47299,47f71b54cfafccb524c7b75c3ad01bb1,True,
mixed_defects/mixed_defects_00030.jpg,mixed_defects_00030.jpg,mixed_defects,none,512,512,3,RGB,JPEG,46064,567f2ceeb739f56c374852ef8042c771,True,
mixed_defects/mixed_defects_00031.jpg,mixed_defects_00031.jpg,mixed_defects,none,512,512,3,RGB,JPEG,296388,b6fe960b0d77aa510540296245c1f784,True,
mixed_defects/mixed_defects_00032.jpg,mixed_defects_00032.jpg,mixed_defects,none,512,512,3,RGB,JPEG,50512,63e0c0d73b56b62d748090418410cd72,True,
mixed_defects/mixed_defects_00033.jpg,mixed_defects_00033.jpg,mixed_defects,none,512,512,3,RGB,JPEG,51995,7b5ab0461595360617bf4f5221dc63b3,True,
mixed_defects/mixed_defects_00034.jpg,mixed_defects_00034.jpg,mixed_defects,none,512,512,3,RGB,JPEG,51411,c00062d60cceecee6791f07748ca55ca,True,
mixed_defects/mixed_defects_00035.jpg,mixed_defects_00035.jpg,mixed_defects,none,512,512,3,RGB,JPEG,83783,3b77ca19a38b759febbdb8f796b72747,True,
mixed_defects/mixed_defects_00036.jpg,mixed_defects_00036.jpg,mixed_defects,none,512,512,3,RGB,JPEG,55453,5f5322772a5eec3bbe064da8a8729b1f,True,
mixed_defects/mixed_defects_00037.jpg,mixed_defects_00037.jpg,mixed_defects,none,512,512,3,RGB,JPEG,51367,fd4f62176facfc59eca37941cce93e5e,True,
mixed_defects/mixed_defects_00038.jpg,mixed_defects_00038.jpg,mixed_defects,none,512,512,3,RGB,JPEG,177886,a93403d4a2b47d27372323b5e8614cda,True,
mixed_defects/mixed_defects_00039.jpg,mixed_defects_00039.jpg,mixed_defects,none,512,512,3,RGB,JPEG,88636,3de557d9187d8f8349cbda282a8b1dcd,True,
mixed_defects/mixed_defects_00040.jpg,mixed_defects_00040.jpg,mixed_defects,none,512,512,3,RGB,JPEG,67664,8a62f53bb6c5235a7d78d87a5da61516,True,
mixed_defects/mixed_defects_00041.jpg,mixed_defects_00041.jpg,mixed_defects,none,512,512,3,RGB,JPEG,58173,148c1f558601e45a424e42820ca62ea5,True,
mixed_defects/mixed_defects_00042.jpg,mixed_defects_00042.jpg,mixed_defects,none,512,512,3,RGB,JPEG,60657,78ff7140b113b8d977f94cc5bdf68acf,True,
mixed_defects/mixed_defects_00043.jpg,mixed_defects_00043.jpg,mixed_defects,none,512,512,3,RGB,JPEG,53601,623cecb59eed8613e210d7e1e4f05df2,True,
mixed_defects/mixed_defects_00044.jpg,mixed_defects_00044.jpg,mixed_defects,none,512,512,3,RGB,JPEG,167625,87cd5983be12b75d8df105672e16e9fe,True,
mixed_defects/mixed_defects_00045.jpg,mixed_defects_00045.jpg,mixed_defects,none,512,512,3,RGB,JPEG,61478,095324aa2b7214695a82fc067d10188f,True,
mixed_defects/mixed_defects_00046.jpg,mixed_defects_00046.jpg,mixed_defects,none,512,512,3,RGB,JPEG,58849,d0b1b2317cca13cadca7e3d4ebca8610,True,
mixed_defects/mixed_defects_00047.jpg,mixed_defects_00047.jpg,mixed_defects,none,512,512,3,RGB,JPEG,60116,fe058163362d0872237b003cd26805d7,True,
mixed_defects/mixed_defects_00048.jpg,mixed_defects_00048.jpg,mixed_defects,none,512,512,3,RGB,JPEG,290004,215c1f5a10c329d57d310d421c67e858,True,
mixed_defects/mixed_defects_00049.jpg,mixed_defects_00049.jpg,mixed_defects,none,512,512,3,RGB,JPEG,100066,c07a050b9cc51b68f1dd98aed5728eb7,True,
mixed_defects/mixed_defects_00050.jpg,mixed_defects_00050.jpg,mixed_defects,none,512,512,3,RGB,JPEG,101583,240d9890708a311ca26566f3a5cc8cd9,True,
mixed_defects/mixed_defects_00051.jpg,mixed_defects_00051.jpg,mixed_defects,none,512,512,3,RGB,JPEG,52609,5250f1cf118448c71cedc00d40bd3f79,True,
mixed_defects/mixed_defects_00052.jpg,mixed_defects_00052.jpg,mixed_defects,none,512,512,3,RGB,JPEG,67566,ec58679c31955d1e2608c1c157b7ff1e,True,
mixed_defects/mixed_defects_00053.jpg,mixed_defects_00053.jpg,mixed_defects,none,512,512,3,RGB,JPEG,94833,a7b00d16d8e6a4568a6b0c2d09598bda,True,
mixed_defects/mixed_defects_00054.jpg,mixed_defects_00054.jpg,mixed_defects,none,512,512,3,RGB,JPEG,181565,8982206ceeb4dafa12f3b0097221cbc7,True,
mixed_defects/mixed_defects_00055.jpg,mixed_defects_00055.jpg,mixed_defects,none,512,512,3,RGB,JPEG,59559,0b236bde717965555d7b08ce966d505b,True,
mixed_defects/mixed_defects_00056.jpg,mixed_defects_00056.jpg,mixed_defects,none,512,512,3,RGB,JPEG,62876,6fce4271139630a980d3d333c6d5af72,True,
mixed_defects/mixed_defects_00057.jpg,mixed_defects_00057.jpg,mixed_defects,none,512,512,3,RGB,JPEG,294716,a23b56e14cdad476b7f52e4001ef4caa,True,
mixed_defects/mixed_defects_00058.jpg,mixed_defects_00058.jpg,mixed_defects,none,512,512,3,RGB,JPEG,184249,659ab0a783dd323ae1bf91909f9ff273,True,
mixed_defects/mixed_defects_00059.jpg,mixed_defects_00059.jpg,mixed_defects,none,512,512,3,RGB,JPEG,48750,c4d83394bf70d211679030cb8e671496,True,
mixed_defects/mixed_defects_00060.jpg,mixed_defects_00060.jpg,mixed_defects,none,512,512,3,RGB,JPEG,66292,224b90c7c8f7d9a5d48d9a1e37de454d,True,
mixed_defects/mixed_defects_00061.jpg,mixed_defects_00061.jpg,mixed_defects,none,512,512,3,RGB,JPEG,56950,04d81682115115c019639630639cf128,True,
mixed_defects/mixed_defects_00062.jpg,mixed_defects_00062.jpg,mixed_defects,none,512,512,3,RGB,JPEG,40375,afad9e88fd4a83acb9fd8a06a10ef0dc,True,
mixed_defects/mixed_defects_00063.jpg,mixed_defects_00063.jpg,mixed_defects,none,512,512,3,RGB,JPEG,43617,27602ad53e2b946b66a31976f42cdf92,True,
mixed_defects/mixed_defects_00064.jpg,mixed_defects_00064.jpg,mixed_defects,none,512,512,3,RGB,JPEG,52889,53c83e4f4fe8d5151e163ef4f5aebbfe,True,
mixed_defects/mixed_defects_00065.jpg,mixed_defects_00065.jpg,mixed_defects,none,512,512,3,RGB,JPEG,64004,d782c0ddb7bb49bda52efaa17ea82b77,True,
mixed_defects/mixed_defects_00066.jpg,mixed_defects_00066.jpg,mixed_defects,none,512,512,3,RGB,JPEG,41661,2c1e5c109232f0387634538f3569e727,True,
mixed_defects/mixed_defects_00067.jpg,mixed_defects_00067.jpg,mixed_defects,none,512,512,3,RGB,JPEG,61974,bd2b70788766e162c606a965824faa90,True,
mixed_defects/mixed_defects_00068.jpg,mixed_defects_00068.jpg,mixed_defects,none,512,512,3,RGB,JPEG,130650,9bb7d56bd34bfbac357612bf11ac1f50,True,
mixed_defects/mixed_defects_00069.jpg,mixed_defects_00069.jpg,mixed_defects,none,512,512,3,RGB,JPEG,92305,7578a1765c1f21ae901949282992b6ea,True,
mixed_defects/mixed_defects_00070.jpg,mixed_defects_00070.jpg,mixed_defects,none,512,512,3,RGB,JPEG,65794,9785575b05ab5081a303a93b9e3dbb98,True,
mixed_defects/mixed_defects_00071.jpg,mixed_defects_00071.jpg,mixed_defects,none,512,512,3,RGB,JPEG,67532,f3f0a42b7b8ec700f43712876ccddf4d,True,
mixed_defects/mixed_defects_00072.jpg,mixed_defects_00072.jpg,mixed_defects,none,512,512,3,RGB,JPEG,137634,ed0913bef34feded5d054fdce4ac8825,True,
mixed_defects/mixed_defects_00073.jpg,mixed_defects_00073.jpg,mixed_defects,none,512,512,3,RGB,JPEG,214161,952355ef15c22ab6741a2fd3b4cb81bf,True,
mixed_defects/mixed_defects_00074.jpg,mixed_defects_00074.jpg,mixed_defects,none,512,512,3,RGB,JPEG,41596,8483749240b28ac18e302b0ad6812afe,True,
mixed_defects/mixed_defects_00075.jpg,mixed_defects_00075.jpg,mixed_defects,none,512,512,3,RGB,JPEG,62901,006abefea1c0bc86dfcad5c8c73f9d9c,True,
mixed_defects/mixed_defects_00076.jpg,mixed_defects_00076.jpg,mixed_defects,none,512,512,3,RGB,JPEG,91483,42b393056af4ba37433d936d6f38897c,True,
mixed_defects/mixed_defects_00077.jpg,mixed_defects_00077.jpg,mixed_defects,none,512,512,3,RGB,JPEG,79906,1c1afd28b2fe7dbd79e92b470e976553,True,
mixed_defects/mixed_defects_00078.jpg,mixed_defects_00078.jpg,mixed_defects,none,512,512,3,RGB,JPEG,129188,bae6d26487e5646f710bbf1efa84f366,True,
mixed_defects/mixed_defects_00079.jpg,mixed_defects_00079.jpg,mixed_defects,none,512,512,3,RGB,JPEG,52743,875598cb07ad23a2d8df8599828ec530,True,
mixed_defects/mixed_defects_00080.jpg,mixed_defects_00080.jpg,mixed_defects,none,512,512,3,RGB,JPEG,63934,b3954b15354240aa8ddd1a116cb5b077,True,
mixed_defects/mixed_defects_00081.jpg,mixed_defects_00081.jpg,mixed_defects,none,512,512,3,RGB,JPEG,47514,f7d87268278d187c2520e89684326fe0,True,
mixed_defects/mixed_defects_00082.jpg,mixed_defects_00082.jpg,mixed_defects,none,512,512,3,RGB,JPEG,67879,1cefbf23c0b90208c7c150c8c55799eb,True,
mixed_defects/mixed_defects_00083.jpg,mixed_defects_00083.jpg,mixed_defects,none,512,512,3,RGB,JPEG,55519,c058268119841de13cc5db7961b5a5bc,True,
mixed_defects/mixed_defects_00084.jpg,mixed_defects_00084.jpg,mixed_defects,none,512,512,3,RGB,JPEG,54730,bdcba7d3bbf485ccc189bfdbd3faf6dd,True,
mixed_defects/mixed_defects_00085.jpg,mixed_defects_00085.jpg,mixed_defects,none,512,512,3,RGB,JPEG,40605,89c6049bb28e2d6498fa28fcf5127bfa,True,
mixed_defects/mixed_defects_00086.jpg,mixed_defects_00086.jpg,mixed_defects,none,512,512,3,RGB,JPEG,48153,430b38ca90ab485303db60d3f506ba2a,True,
mixed_defects/mixed_defects_00087.jpg,mixed_defects_00087.jpg,mixed_defects,none,512,512,3,RGB,JPEG,39742,e3d82f61cedee226e3c9093c399c7d6d,True,
mixed_defects/mixed_defects_00088.jpg,mixed_defects_00088.jpg,mixed_defects,none,512,512,3,RGB,JPEG,109430,52d28419552bb5933fd85f2eeea06972,True,
mixed_defects/mixed_defects_00089.jpg,mixed_defects_00089.jpg,mixed_defects,none,512,512,3,RGB,JPEG,54331,9cbadf17283f7304f7fa3769828538cd,True,
mixed_defects/mixed_defects_00090.jpg,mixed_defects_00090.jpg,mixed_defects,none,512,512,3,RGB,JPEG,46859,01bc7cd31f61811b8a4080469eb42ecd,True,
mixed_defects/mixed_defects_00091.jpg,mixed_defects_00091.jpg,mixed_defects,none,512,512,3,RGB,JPEG,148691,37f86629f7afc61a01c11dd6380ff863,True,
mixed_defects/mixed_defects_00092.jpg,mixed_defects_00092.jpg,mixed_defects,none,512,512,3,RGB,JPEG,43414,8f231e54d98a8d6e91b1201ff7ee6a0e,True,
mixed_defects/mixed_defects_00093.jpg,mixed_defects_00093.jpg,mixed_defects,none,512,512,3,RGB,JPEG,43667,f8e5e6d18ba335a61890dbd7befcc962,True,
mixed_defects/mixed_defects_00094.jpg,mixed_defects_00094.jpg,mixed_defects,none,512,512,3,RGB,JPEG,51339,0011b9fa19ec69c85dc735264c7f71ce,True,
mixed_defects/mixed_defects_00095.jpg,mixed_defects_00095.jpg,mixed_defects,none,512,512,3,RGB,JPEG,206525,1db9b9ba861778cec9bcfd342cec09e3,True,
mixed_defects/mixed_defects_00096.jpg,mixed_defects_00096.jpg,mixed_defects,none,512,512,3,RGB,JPEG,63952,a1cae6aac4bb62997afe4d3368002c73,True,
mixed_defects/mixed_defects_00097.jpg,mixed_defects_00097.jpg,mixed_defects,none,512,512,3,RGB,JPEG,57062,56435a3d153918e2e52a51345c46c9e7,True,
mixed_defects/mixed_defects_00098.jpg,mixed_defects_00098.jpg,mixed_defects,none,512,512,3,RGB,JPEG,127306,9668575245efe1758d67a8659e66ebc1,True,
mixed_defects/mixed_defects_00099.jpg,mixed_defects_00099.jpg,mixed_defects,none,512,512,3,RGB,JPEG,129336,aec1144b5f88f7876b7c2c8d0954d346,True,
ok/ok_00000.jpg,ok_00000.jpg,ok,none,512,512,3,RGB,JPEG,84525,cda972d642b4dd582d161c4af0365d06,True,
ok/ok_00001.jpg,ok_00001.jpg,ok,none,512,512,3,RGB,JPEG,82264,d374b7cc3e96cdc85713242c1b63b8f2,True,
ok/ok_00002.jpg,ok_00002.jpg,ok,none,512,512,3,RGB,JPEG,72928,cfccfde43227e3019895402abfa711f9,True,
ok/ok_00003.jpg,ok_00003.jpg,ok,none,512,512,3,RGB,JPEG,47902,a219f9ba72d620b9220fb8cfa4dea80a,True,
ok/ok_00004.jpg,ok_00004.jpg,ok,none,512,512,3,RGB,JPEG,52166,80153012838b21eb4f822c45e47328eb,True,
ok/ok_00005.jpg,ok_00005.jpg,ok,none,512,512,3,RGB,JPEG,56607,898d50cc31e870cc8fb12ca478aadb11,True,
ok/ok_00006.jpg,ok_00006.jpg,ok,none,512,512,3,RGB,JPEG,56342,d8e14aa72ce6b8c856f0510480517726,True,
ok/ok_00007.jpg,ok_00007.jpg,ok,none,512,512,3,RGB,JPEG,47788,614d781ebdfa23fa987006a0e12d67ce,True,
ok/ok_00008.jpg,ok_00008.jpg,ok,none,512,512,3,RGB,JPEG,60960,d9328bb4e8c094fa1940530d7653e8d3,True,
ok/ok_00009.jpg,ok_00009.jpg,ok,none,512,512,3,RGB,JPEG,63945,fbced06eb144e6741ef6f56e608c2f8d,True,
ok/ok_00010.jpg,ok_00010.jpg,ok,none,512,512,3,RGB,JPEG,48501,cccdc71fed088c87afbe363748c3acd2,True,
ok/ok_00011.jpg,ok_00011.jpg,ok,none,512,512,3,RGB,JPEG,48395,c2282bfe9468e71c6903f9940d619e76,True,
ok/ok_00012.jpg,ok_00012.jpg,ok,none,512,512,3,RGB,JPEG,83263,625b34099d87967976c0d54738c133ce,True,
ok/ok_00013.jpg,ok_00013.jpg,ok,none,512,512,3,RGB,JPEG,73361,9c47154b8853cbab31b6f77aae1ad122,True,
ok/ok_00014.jpg,ok_00014.jpg,ok,none,512,512,3,RGB,JPEG,45854,6cbf9358b5488a676e785aed75d90c0a,True,
ok/ok_00015.jpg,ok_00015.jpg,ok,none,512,512,3,RGB,JPEG,47382,c37a5f14b26c571a08b2f5ea3164b550,True,
ok/ok_00016.jpg,ok_00016.jpg,ok,none,512,512,3,RGB,JPEG,47882,cfefbf743d4a4814748be2b2e0cfaa10,True,
ok/ok_00017.jpg,ok_00017.jpg,ok,none,512,512,3,RGB,JPEG,43729,08af3937b535d3155b099f982f7623ea,True,
ok/ok_00018.jpg,ok_00018.jpg,ok,none,512,512,3,RGB,JPEG,264743,13b20b05a27a9aabcf5b27a34f2e68f0,True,
ok/ok_00019.jpg,ok_00019.jpg,ok,none,512,512,3,RGB,JPEG,53749,041d0fe90d93f707e1c5c14967b91539,True,
ok/ok_00020.jpg,ok_00020.jpg,ok,none,512,512,3,RGB,JPEG,44841,949b411ec12d238c31e30e3ef407e024,True,
ok/ok_00021.jpg,ok_00021.jpg,ok,none,512,512,3,RGB,JPEG,48913,225d7bf502a91f03f5497862a0264487,True,
ok/ok_00022.jpg,ok_00022.jpg,ok,none,512,512,3,RGB,JPEG,59139,1b011377f5c50e8d95539fffb80ac9e7,True,
ok/ok_00023.jpg,ok_00023.jpg,ok,none,512,512,3,RGB,JPEG,307934,3628a63b3b966fc3450ce96196c6708a,True,
ok/ok_00024.jpg,ok_00024.jpg,ok,none,512,512,3,RGB,JPEG,47732,b7b78f3c9a01c233e2a59e9086e44f92,True,
ok/ok_00025.jpg,ok_00025.jpg,ok,none,512,512,3,RGB,JPEG,114930,b18f7c0d0662c157534297db39330533,True,
ok/ok_00026.jpg,ok_00026.jpg,ok,none,512,512,3,RGB,JPEG,283832,479067d6cf87ade3a547408c441b9133,True,
ok/ok_00027.jpg,ok_00027.jpg,ok,none,512,512,3,RGB,JPEG,69546,26addfc0b4d28d7d0bcc4c61b42fcec5,True,
ok/ok_00028.jpg,ok_00028.jpg,ok,none,512,512,3,RGB,JPEG,48015,ba14aea6078a49157fc307063e238907,True,
ok/ok_00029.jpg,ok_00029.jpg,ok,none,512,512,3,RGB,JPEG,152081,cd39ab5fa3120e221f54cb94e58fd4f1,True,
ok/ok_00030.jpg,ok_00030.jpg,ok,none,512,512,3,RGB,JPEG,276132,c25f72116054ebdcf71b67ecb9ee6a8e,True,
ok/ok_00031.jpg,ok_00031.jpg,ok,none,512,512,3,RGB,JPEG,42739,78aed675bb512b205b41c2a856192f72,True,
ok/ok_00032.jpg,ok_00032.jpg,ok,none,512,512,3,RGB,JPEG,47166,666ac9007dcdc9b526b993082f43db3c,True,
ok/ok_00033.jpg,ok_00033.jpg,ok,none,512,512,3,RGB,JPEG,50712,88915aace8c751f9720898b4b8a3c71a,True,
ok/ok_00034.jpg,ok_00034.jpg,ok,none,512,512,3,RGB,JPEG,111844,c81ee461cb432eef133300f82229ff7a,True,
ok/ok_00035.jpg,ok_00035.jpg,ok,none,512,512,3,RGB,JPEG,55831,c6d1d6c1b9c22f050dbd9b54a0100f2c,True,
ok/ok_00036.jpg,ok_00036.jpg,ok,none,512,512,3,RGB,JPEG,108123,450ea166460d15b2f4297e2de0a07157,True,
ok/ok_00037.jpg,ok_00037.jpg,ok,none,512,512,3,RGB,JPEG,99156,9c18c035e3195edaf1e87799b8689c06,True,
ok/ok_00038.jpg,ok_00038.jpg,ok,none,512,512,3,RGB,JPEG,53905,0bf4670a69c87957820c6868b0dc79ab,True,
ok/ok_00039.jpg,ok_00039.jpg,ok,none,512,512,3,RGB,JPEG,66828,3aa1b26e1e5e155e6db746409475931e,True,
ok/ok_00040.jpg,ok_00040.jpg,ok,none,512,512,3,RGB,JPEG,57384,714093980e9b29ff0c2bf18391bd067f,True,
ok/ok_00041.jpg,ok_00041.jpg,ok,none,512,512,3,RGB,JPEG,66714,04ac02e127ace43097f199013358e871,True,
ok/ok_00042.jpg,ok_00042.jpg,ok,none,512,512,3,RGB,JPEG,64906,b0a94aa1c961a6cbd69fa9c4eea586c5,True,
ok/ok_00043.jpg,ok_00043.jpg,ok,none,512,512,3,RGB,JPEG,346784,4887f5b0884ff950d6534c2960b4f00c,True,
ok/ok_00044.jpg,ok_00044.jpg,ok,none,512,512,3,RGB,JPEG,65160,a1ac59a18dfcbdfb3e183b8f5953ba35,True,
ok/ok_00045.jpg,ok_00045.jpg,ok,none,512,512,3,RGB,JPEG,56565,5eedc7933e649927072f0c6a1d151c52,True,
ok/ok_00046.jpg,ok_00046.jpg,ok,none,512,512,3,RGB,JPEG,78807,81c6d9fff3c26a756232379e5c89c54e,True,
ok/ok_00047.jpg,ok_00047.jpg,ok,none,512,512,3,RGB,JPEG,150345,5e73a0b6b32ae053374c9fec8c289606,True,
ok/ok_00048.jpg,ok_00048.jpg,ok,none,512,512,3,RGB,JPEG,168178,a013aac8daa203bc1708f9512c85aa92,True,
ok/ok_00049.jpg,ok_00049.jpg,ok,none,512,512,3,RGB,JPEG,98781,bfb9fa584df60a7fddec092f9ede7833,True,
ok/ok_00050.jpg,ok_00050.jpg,ok,none,512,512,3,RGB,JPEG,55600,6ac1ef0eefaef3682fa61dba4e767dde,True,
ok/ok_00051.jpg,ok_00051.jpg,ok,none,512,512,3,RGB,JPEG,64179,80fbb89a5a8deff1e911eddb88c2eaa5,True,
ok/ok_00052.jpg,ok_00052.jpg,ok,none,512,512,3,RGB,JPEG,190351,9943a7d275e38215fc7d7e322d60181b,True,
ok/ok_00053.jpg,ok_00053.jpg,ok,none,512,512,3,RGB,JPEG,71341,2091c26854464aff07cccf92aea950fe,True,
ok/ok_00054.jpg,ok_00054.jpg,ok,none,512,512,3,RGB,JPEG,101462,185b9b54a71ce8f40c96b8c8ae1ed5e5,True,
ok/ok_00055.jpg,ok_00055.jpg,ok,none,512,512,3,RGB,JPEG,48755,a5bcb06029608fed72aeb5d5c66ff4f4,True,
ok/ok_00056.jpg,ok_00056.jpg,ok,none,512,512,3,RGB,JPEG,63776,a503f6d5ad2aa334f2949d0491e30a02,True,
ok/ok_00057.jpg,ok_00057.jpg,ok,none,512,512,3,RGB,JPEG,46924,e06fa153ae6c4904c995a27d265ad3ca,True,
ok/ok_00058.jpg,ok_00058.jpg,ok,none,512,512,3,RGB,JPEG,57674,fe2622a5e3c7266e981702a15d9ad822,True,
ok/ok_00059.jpg,ok_00059.jpg,ok,none,512,512,3,RGB,JPEG,62833,9d7574f913fd4dc5b1e057bc4271087d,True,
ok/ok_00060.jpg,ok_00060.jpg,ok,none,512,512,3,RGB,JPEG,54297,a5b0505370aaf4a24428fa9b3a61767d,True,
ok/ok_00061.jpg,ok_00061.jpg,ok,none,512,512,3,RGB,JPEG,60248,6987b8d69d20d55868df9143f3384c34,True,
ok/ok_00062.jpg,ok_00062.jpg,ok,none,512,512,3,RGB,JPEG,60172,0a185a27231f645ce721203b5d650572,True,
ok/ok_00063.jpg,ok_00063.jpg,ok,none,512,512,3,RGB,JPEG,79229,16fdb33b1d457ac1f9a66ccd98416d7a,True,
ok/ok_00064.jpg,ok_00064.jpg,ok,none,512,512,3,RGB,JPEG,49121,18a33194ae93097d6becf9ce895e9508,True,
ok/ok_00065.jpg,ok_00065.jpg,ok,none,512,512,3,RGB,JPEG,59435,8f120852606b27ab94bfb65de646fc68,True,
ok/ok_00066.jpg,ok_00066.jpg,ok,none,512,512,3,RGB,JPEG,188925,36107f5a31f9be778b4e8b6b227d5ad8,True,
ok/ok_00067.jpg,ok_00067.jpg,ok,none,512,512,3,RGB,JPEG,60363,f844b992b6833781e3a7151317985da3,True,
ok/ok_00068.jpg,ok_00068.jpg,ok,none,512,512,3,RGB,JPEG,101024,72d7eb2e50d77932f9264942fc2f0320,True,
ok/ok_00069.jpg,ok_00069.jpg,ok,none,512,512,3,RGB,JPEG,48195,478088298b17d592160f996624494678,True,
ok/ok_00070.jpg,ok_00070.jpg,ok,none,512,512,3,RGB,JPEG,60598,aec8e9c15e52450abb283198fa9faac8,True,
ok/ok_00071.jpg,ok_00071.jpg,ok,none,512,512,3,RGB,JPEG,61113,01824fcd196a24e9c664d6dae20b9d4a,True,
ok/ok_00072.jpg,ok_00072.jpg,ok,none,512,512,3,RGB,JPEG,48642,4916e0a811c5a431b31013844d9c1920,True,
ok/ok_00073.jpg,ok_00073.jpg,ok,none,512,512,3,RGB,JPEG,80709,d064c9c3cd8c200766cac27dee813839,True,
ok/ok_00074.jpg,ok_00074.jpg,ok,none,512,512,3,RGB,JPEG,55268,20cd8e066aea23d7c6fe7f13e66c76a7,True,
ok/ok_00075.jpg,ok_00075.jpg,ok,none,512,512,3,RGB,JPEG,49214,2ed9a821a86c5880eb9ed5876489e70e,True,
ok/ok_00076.jpg,ok_00076.jpg,ok,none,512,512,3,RGB,JPEG,289633,7c56c23c236b6947fb2b87af2dd99488,True,
ok/ok_00077.jpg,ok_00077.jpg,ok,none,512,512,3,RGB,JPEG,123972,b8d14cda66d8be6a72fdac8c07a45104,True,
ok/ok_00078.jpg,ok_00078.jpg,ok,none,512,512,3,RGB,JPEG,47956,4e842750f0ea2dc3df38e6ef9e91d125,True,
ok/ok_00079.jpg,ok_00079.jpg,ok,none,512,512,3,RGB,JPEG,53983,58f52035ed0f1bad3bb41c71580f3a4a,True,
ok/ok_00080.jpg,ok_00080.jpg,ok,none,512,512,3,RGB,JPEG,49134,823051eb8e9e50fc7ba0e1c0effcfc99,True,
ok/ok_00081.jpg,ok_00081.jpg,ok,none,512,512,3,RGB,JPEG,191213,eef098e03f66828b813cc91fb3cc4ed2,True,
ok/ok_00082.jpg,ok_00082.jpg,ok,none,512,512,3,RGB,JPEG,50765,54b3cc2290281305e45470bc78cf6c0a,True,
ok/ok_00083.jpg,ok_00083.jpg,ok,none,512,512,3,RGB,JPEG,74111,4ee55bea00d9a96b2dfe1b8481962954,True,
ok/ok_00084.jpg,ok_00084.jpg,ok,none,512,512,3,RGB,JPEG,60133,a41283ff21b222f27669c89eba6b7e64,True,
ok/ok_00085.jpg,ok_00085.jpg,ok,none,512,512,3,RGB,JPEG,33693,d48139c26e1459aab345f6bebc783de4,True,
ok/ok_00086.jpg,ok_00086.jpg,ok,none,512,512,3,RGB,JPEG,36670,e2862015b65972d02e791957aa6a660e,True,
ok/ok_00087.jpg,ok_00087.jpg,ok,none,512,512,3,RGB,JPEG,36579,58d0f43171585b8a66843e8cf3542de4,True,
ok/ok_00088.jpg,ok_00088.jpg,ok,none,512,512,3,RGB,JPEG,42939,4996a1aa01b7a8e12fb2dbfde2581a69,True,
ok/ok_00089.jpg,ok_00089.jpg,ok,none,512,512,3,RGB,JPEG,263036,c3e9cc026dfb0c9a8b5a56f5178c8992,True,
ok/ok_00090.jpg,ok_00090.jpg,ok,none,512,512,3,RGB,JPEG,46875,18b28bedd6dadc95728b72a21bf267c1,True,
ok/ok_00091.jpg,ok_00091.jpg,ok,none,512,512,3,RGB,JPEG,75302,8ec14cded0fb04454cbab59e15668d19,True,
ok/ok_00092.jpg,ok_00092.jpg,ok,none,512,512,3,RGB,JPEG,51470,539c97b0229341f7071c0b174729ecda,True,
ok/ok_00093.jpg,ok_00093.jpg,ok,none,512,512,3,RGB,JPEG,47562,5315aba37b8b47f8364ab542bc31e69d,True,
ok/ok_00094.jpg,ok_00094.jpg,ok,none,512,512,3,RGB,JPEG,37558,4aba9be870e3660097d205e2def1d2c2,True,
ok/ok_00095.jpg,ok_00095.jpg,ok,none,512,512,3,RGB,JPEG,31512,ab857673a46b54212aae269b7587a779,True,
ok/ok_00096.jpg,ok_00096.jpg,ok,none,512,512,3,RGB,JPEG,47889,ef9d8d795c6075b72bc759f0492553e8,True,
ok/ok_00097.jpg,ok_00097.jpg,ok,none,512,512,3,RGB,JPEG,35831,53588cf0a1b0d80e80f88792446cc7c7,True,
ok/ok_00098.jpg,ok_00098.jpg,ok,none,512,512,3,RGB,JPEG,31623,77dc4259283edeb6d23f45c254417188,True,
ok/ok_00099.jpg,ok_00099.jpg,ok,none,512,512,3,RGB,JPEG,42208,1e7cf2fe68b1f559d3b14585c14b09ae,True,
pinhole/pinhole_00000.jpg,pinhole_00000.jpg,pinhole,none,512,512,3,RGB,JPEG,48738,ac5b01ba1d6ed3ceaf8c7ddec3c0a2fe,True,
pinhole/pinhole_00001.jpg,pinhole_00001.jpg,pinhole,none,512,512,3,RGB,JPEG,125411,3083d5233d8cb41d0d5f21f29495b847,True,
pinhole/pinhole_00002.jpg,pinhole_00002.jpg,pinhole,none,512,512,3,RGB,JPEG,58831,f2ad60a8a220d2b887f845b022ab77e8,True,
pinhole/pinhole_00003.jpg,pinhole_00003.jpg,pinhole,none,512,512,3,RGB,JPEG,53539,6b7c9dc3788ab7a5d1f6e7eda9ec22f0,True,
pinhole/pinhole_00004.jpg,pinhole_00004.jpg,pinhole,none,512,512,3,RGB,JPEG,58015,33b411e9aeeacbab2125dbe5b63749f7,True,
pinhole/pinhole_00005.jpg,pinhole_00005.jpg,pinhole,none,512,512,3,RGB,JPEG,61859,60299fd45b6c87726bcca036aa0bf78c,True,
pinhole/pinhole_00006.jpg,pinhole_00006.jpg,pinhole,none,512,512,3,RGB,JPEG,59085,d94ba45b9d2f753a9505e973243c8dbd,True,
pinhole/pinhole_00007.jpg,pinhole_00007.jpg,pinhole,none,512,512,3,RGB,JPEG,73335,793953db5520ffe8b231093936da794d,True,
pinhole/pinhole_00008.jpg,pinhole_00008.jpg,pinhole,none,512,512,3,RGB,JPEG,306789,5ce2fffcbe724666ac6fc0385aae1dfb,True,
pinhole/pinhole_00009.jpg,pinhole_00009.jpg,pinhole,none,512,512,3,RGB,JPEG,74132,4ef761749d9c48f645bed38ca4b9e250,True,
pinhole/pinhole_00010.jpg,pinhole_00010.jpg,pinhole,none,512,512,3,RGB,JPEG,46845,52fcaa315ec126d3270a4b17b00f3048,True,
pinhole/pinhole_00011.jpg,pinhole_00011.jpg,pinhole,none,512,512,3,RGB,JPEG,53897,d97342bf4dff9a9063aa92c081f1eec9,True,
pinhole/pinhole_00012.jpg,pinhole_00012.jpg,pinhole,none,512,512,3,RGB,JPEG,51911,76f82131b6c2099c6a418252b947ebe7,True,
pinhole/pinhole_00013.jpg,pinhole_00013.jpg,pinhole,none,512,512,3,RGB,JPEG,55410,1682f808079f29543d3f3a9c4215cd7b,True,
pinhole/pinhole_00014.jpg,pinhole_00014.jpg,pinhole,none,512,512,3,RGB,JPEG,53289,c0994272b4cd0f9ff0bb7d3c03570cce,True,
pinhole/pinhole_00015.jpg,pinhole_00015.jpg,pinhole,none,512,512,3,RGB,JPEG,57802,b12e98193fd938221db86905297a48e3,True,
pinhole/pinhole_00016.jpg,pinhole_00016.jpg,pinhole,none,512,512,3,RGB,JPEG,57507,6a340f94a520dafb46077001a5b81e9d,True,
pinhole/pinhole_00017.jpg,pinhole_00017.jpg,pinhole,none,512,512,3,RGB,JPEG,84906,ee22e937a3bfceff2c787a62705f5bd9,True,
pinhole/pinhole_00018.jpg,pinhole_00018.jpg,pinhole,none,512,512,3,RGB,JPEG,64125,06b097d4a3b0313415fb8a9187b466d5,True,
pinhole/pinhole_00019.jpg,pinhole_00019.jpg,pinhole,none,512,512,3,RGB,JPEG,49788,99a537d7bda97e941d4f60f571369622,True,
pinhole/pinhole_00020.jpg,pinhole_00020.jpg,pinhole,none,512,512,3,RGB,JPEG,55471,080acafc51f825a065a48890310e5fdd,True,
pinhole/pinhole_00021.jpg,pinhole_00021.jpg,pinhole,none,512,512,3,RGB,JPEG,309858,42a8af8547db1657561b4a983fa12b9d,True,
pinhole/pinhole_00022.jpg,pinhole_00022.jpg,pinhole,none,512,512,3,RGB,JPEG,43658,2e90b8e758859413aba3ee5c3fd9e3c8,True,
pinhole/pinhole_00023.jpg,pinhole_00023.jpg,pinhole,none,512,512,3,RGB,JPEG,57431,ed1de792509c72484ffc63acc2efaa3b,True,
pinhole/pinhole_00024.jpg,pinhole_00024.jpg,pinhole,none,512,512,3,RGB,JPEG,42101,f37a87cf67d5d5d3e9d7a36e84855355,True,
pinhole/pinhole_00025.jpg,pinhole_00025.jpg,pinhole,none,512,512,3,RGB,JPEG,54599,8e5c0084561162527ce55175df0a2e9e,True,
pinhole/pinhole_00026.jpg,pinhole_00026.jpg,pinhole,none,512,512,3,RGB,JPEG,75685,d3e004b4eb938cedc828d81ceb3ff178,True,
pinhole/pinhole_00027.jpg,pinhole_00027.jpg,pinhole,none,512,512,3,RGB,JPEG,49672,87cb9362501c789cec53b1648480b6db,True,
pinhole/pinhole_00028.jpg,pinhole_00028.jpg,pinhole,none,512,512,3,RGB,JPEG,43251,0dc882f96fed8f1cf25ef48ea46b8805,True,
pinhole/pinhole_00029.jpg,pinhole_00029.jpg,pinhole,none,512,512,3,RGB,JPEG,307340,366bf54cc7bedcd44aedfa848f02e8e9,True,
pinhole/pinhole_00030.jpg,pinhole_00030.jpg,pinhole,none,512,512,3,RGB,JPEG,48799,07efefa1a320faef0bcd3e01e02b8f15,True,
pinhole/pinhole_00031.jpg,pinhole_00031.jpg,pinhole,none,512,512,3,RGB,JPEG,43025,adb9b8683b6f21aacf3d151765373678,True,
pinhole/pinhole_00032.jpg,pinhole_00032.jpg,pinhole,none,512,512,3,RGB,JPEG,46049,a674c4d72410a30ef9378b673befc0d5,True,
pinhole/pinhole_00033.jpg,pinhole_00033.jpg,pinhole,none,512,512,3,RGB,JPEG,64332,a6b4e87786304595daa9c4d0096d0b6d,True,
pinhole/pinhole_00034.jpg,pinhole_00034.jpg,pinhole,none,512,512,3,RGB,JPEG,56718,8ff7c4449214acada0a12261a31e0d01,True,
pinhole/pinhole_00035.jpg,pinhole_00035.jpg,pinhole,none,512,512,3,RGB,JPEG,70002,6a5983956ecb22d097b51e65c41051c4,True,
pinhole/pinhole_00036.jpg,pinhole_00036.jpg,pinhole,none,512,512,3,RGB,JPEG,80300,04be33b27514d765d3f9e85b9b1fcd32,True,
pinhole/pinhole_00037.jpg,pinhole_00037.jpg,pinhole,none,512,512,3,RGB,JPEG,308697,4cc0030692e80160c646b1a959cb8b3e,True,
pinhole/pinhole_00038.jpg,pinhole_00038.jpg,pinhole,none,512,512,3,RGB,JPEG,174042,206bcac67d5f4aacce5fa8cb5ac63088,True,
pinhole/pinhole_00039.jpg,pinhole_00039.jpg,pinhole,none,512,512,3,RGB,JPEG,64079,f10ade8d651ff011478b681c86d64e08,True,
pinhole/pinhole_00040.jpg,pinhole_00040.jpg,pinhole,none,512,512,3,RGB,JPEG,68285,3b170b7510155a4b5d0840f0d023fa3b,True,
pinhole/pinhole_00041.jpg,pinhole_00041.jpg,pinhole,none,512,512,3,RGB,JPEG,66721,2595860a07d59f0f22196fdec23b1685,True,
pinhole/pinhole_00042.jpg,pinhole_00042.jpg,pinhole,none,512,512,3,RGB,JPEG,61846,4079e266af2445ac827d35ad8b18364b,True,
pinhole/pinhole_00043.jpg,pinhole_00043.jpg,pinhole,none,512,512,3,RGB,JPEG,52478,9d0f2531ac3066aa3fa58ee25db0f41a,True,
pinhole/pinhole_00044.jpg,pinhole_00044.jpg,pinhole,none,512,512,3,RGB,JPEG,82879,be1c298eb20817f63fa55d3d62b2d82d,True,
pinhole/pinhole_00045.jpg,pinhole_00045.jpg,pinhole,none,512,512,3,RGB,JPEG,56428,bb6de855bc0feb63dbff8b6f56d8641d,True,
pinhole/pinhole_00046.jpg,pinhole_00046.jpg,pinhole,none,512,512,3,RGB,JPEG,290523,cfc1991e290357947827b41d63ca0361,True,
pinhole/pinhole_00047.jpg,pinhole_00047.jpg,pinhole,none,512,512,3,RGB,JPEG,58499,4ded617efe9be5c369a43e33f2ce52e1,True,
pinhole/pinhole_00048.jpg,pinhole_00048.jpg,pinhole,none,512,512,3,RGB,JPEG,98140,03cb92238019be36915fad9484a198a2,True,
pinhole/pinhole_00049.jpg,pinhole_00049.jpg,pinhole,none,512,512,3,RGB,JPEG,77241,7b73f68ae005f81fc73504884a9b7fce,True,
pinhole/pinhole_00050.jpg,pinhole_00050.jpg,pinhole,none,512,512,3,RGB,JPEG,288583,f76e8f40727a398f2c848380013aa459,True,
pinhole/pinhole_00051.jpg,pinhole_00051.jpg,pinhole,none,512,512,3,RGB,JPEG,289711,22e8fd57bd1c25ef9af769b9cb5d8930,True,
pinhole/pinhole_00052.jpg,pinhole_00052.jpg,pinhole,none,512,512,3,RGB,JPEG,59196,1f33c05364ec4d5c78abdb71acdae441,True,
pinhole/pinhole_00053.jpg,pinhole_00053.jpg,pinhole,none,512,512,3,RGB,JPEG,310358,9025cf917b75bf3a76441bf65ba5027f,True,
pinhole/pinhole_00054.jpg,pinhole_00054.jpg,pinhole,none,512,512,3,RGB,JPEG,62332,d1eda4580e0be6dd744cbd0f87f33db6,True,
pinhole/pinhole_00055.jpg,pinhole_00055.jpg,pinhole,none,512,512,3,RGB,JPEG,49487,6640574646641f5f9738518f0ddd98a9,True,
pinhole/pinhole_00056.jpg,pinhole_00056.jpg,pinhole,none,512,512,3,RGB,JPEG,54601,d6ec036aefb3a79ca3cd02b73a795331,True,
pinhole/pinhole_00057.jpg,pinhole_00057.jpg,pinhole,none,512,512,3,RGB,JPEG,316807,a849fb038d1c75dfb54386667685c1a6,True,
pinhole/pinhole_00058.jpg,pinhole_00058.jpg,pinhole,none,512,512,3,RGB,JPEG,56908,d85341a0334e582c6e27141e64b10e35,True,
pinhole/pinhole_00059.jpg,pinhole_00059.jpg,pinhole,none,512,512,3,RGB,JPEG,86085,7ec6f188d4fd4d5fcba4e38203ee864a,True,
pinhole/pinhole_00060.jpg,pinhole_00060.jpg,pinhole,none,512,512,3,RGB,JPEG,57699,1386bb09817008bab3992d1f34f7de8b,True,
pinhole/pinhole_00061.jpg,pinhole_00061.jpg,pinhole,none,512,512,3,RGB,JPEG,56683,20526977f1e9c3657d42b22a0a706f3c,True,
pinhole/pinhole_00062.jpg,pinhole_00062.jpg,pinhole,none,512,512,3,RGB,JPEG,43948,231f1c01e0e00327ec1a20929edae1bc,True,
pinhole/pinhole_00063.jpg,pinhole_00063.jpg,pinhole,none,512,512,3,RGB,JPEG,137685,16ad7592a3f62388f530e3eb78bc08a9,True,
pinhole/pinhole_00064.jpg,pinhole_00064.jpg,pinhole,none,512,512,3,RGB,JPEG,50202,30cde9dcf36397a94c3a9f5c4d9dfbd1,True,
pinhole/pinhole_00065.jpg,pinhole_00065.jpg,pinhole,none,512,512,3,RGB,JPEG,55127,e95f884a2bf3d044042c345b23a95fab,True,
pinhole/pinhole_00066.jpg,pinhole_00066.jpg,pinhole,none,512,512,3,RGB,JPEG,48747,8011b07a4b9cb9bf257a9f0c7d0450f5,True,
pinhole/pinhole_00067.jpg,pinhole_00067.jpg,pinhole,none,512,512,3,RGB,JPEG,56806,4a915dd7da554b304ef8cb6cca8d048d,True,
pinhole/pinhole_00068.jpg,pinhole_00068.jpg,pinhole,none,512,512,3,RGB,JPEG,60679,75c819a7815e36bec1126af785596489,True,
pinhole/pinhole_00069.jpg,pinhole_00069.jpg,pinhole,none,512,512,3,RGB,JPEG,52810,1bc62b8f9c0602b434da74fc1c491b3b,True,
pinhole/pinhole_00070.jpg,pinhole_00070.jpg,pinhole,none,512,512,3,RGB,JPEG,93564,8e39aa5d786507f8be90c1b0a3cc18ec,True,
pinhole/pinhole_00071.jpg,pinhole_00071.jpg,pinhole,none,512,512,3,RGB,JPEG,49859,41d2e1df5129e3635ad895667da0ac94,True,
pinhole/pinhole_00072.jpg,pinhole_00072.jpg,pinhole,none,512,512,3,RGB,JPEG,49209,1cf1fb3f7ec78dcc661679b804e8982e,True,
pinhole/pinhole_00073.jpg,pinhole_00073.jpg,pinhole,none,512,512,3,RGB,JPEG,50472,a8d73d13b08968504c1368973e92aa59,True,
pinhole/pinhole_00074.jpg,pinhole_00074.jpg,pinhole,none,512,512,3,RGB,JPEG,134430,b00ed938fea68a557b79b284a830f8f6,True,
pinhole/pinhole_00075.jpg,pinhole_00075.jpg,pinhole,none,512,512,3,RGB,JPEG,78980,04607e0f9325d52f3a6e9e797f138d77,True,
pinhole/pinhole_00076.jpg,pinhole_00076.jpg,pinhole,none,512,512,3,RGB,JPEG,90491,5239f3982c80bdfcf873d468c0ef61e0,True,
pinhole/pinhole_00077.jpg,pinhole_00077.jpg,pinhole,none,512,512,3,RGB,JPEG,57447,1e1beee0e773ffe6c400e522f9eb706f,True,
pinhole/pinhole_00078.jpg,pinhole_00078.jpg,pinhole,none,512,512,3,RGB,JPEG,54865,cda2abe0b38ca8baa2ccbfdc013d71e7,True,
pinhole/pinhole_00079.jpg,pinhole_00079.jpg,pinhole,none,512,512,3,RGB,JPEG,61987,4d9218437152efa60b987289604af593,True,
pinhole/pinhole_00080.jpg,pinhole_00080.jpg,pinhole,none,512,512,3,RGB,JPEG,82706,0da77b6a8d71e296f7d7a91d2dada5ab,True,
pinhole/pinhole_00081.jpg,pinhole_00081.jpg,pinhole,none,512,512,3,RGB,JPEG,79410,6beaf2009a14c65befd0c59b8d93ca81,True,
pinhole/pinhole_00082.jpg,pinhole_00082.jpg,pinhole,none,512,512,3,RGB,JPEG,50397,b2f4e2cefb74cb695c1d0cc9b5b8c2b7,True,
pinhole/pinhole_00083.jpg,pinhole_00083.jpg,pinhole,none,512,512,3,RGB,JPEG,49510,b72d615704a2730081846a337f6ed960,True,
pinhole/pinhole_00084.jpg,pinhole_00084.jpg,pinhole,none,512,512,3,RGB,JPEG,110589,75e2e02fe2eb8a981b3ccf93eb19bae2,True,
pinhole/pinhole_00085.jpg,pinhole_00085.jpg,pinhole,none,512,512,3,RGB,JPEG,49945,f543e76f82ea45f67fb855def2f01fb6,True,
pinhole/pinhole_00086.jpg,pinhole_00086.jpg,pinhole,none,512,512,3,RGB,JPEG,343448,f059767862798ae2b8691d2c744ed347,True,
pinhole/pinhole_00087.jpg,pinhole_00087.jpg,pinhole,none,512,512,3,RGB,JPEG,50491,cb2df1b71f7ed60c7f72afaa91aa47f4,True,
pinhole/pinhole_00088.jpg,pinhole_00088.jpg,pinhole,none,512,512,3,RGB,JPEG,284181,d88b223f2fa41d9808bf06f2173961c6,True,
pinhole/pinhole_00089.jpg,pinhole_00089.jpg,pinhole,none,512,512,3,RGB,JPEG,38897,d01ad4f19bf3cc45924e1e8b652f1b6b,True,
pinhole/pinhole_00090.jpg,pinhole_00090.jpg,pinhole,none,512,512,3,RGB,JPEG,34732,d03e5d0315c1b1384592c932f0ae9e7c,True,
pinhole/pinhole_00091.jpg,pinhole_00091.jpg,pinhole,none,512,512,3,RGB,JPEG,292511,f8abe994879aaba9c8c1be6eb3088ed0,True,
pinhole/pinhole_00092.jpg,pinhole_00092.jpg,pinhole,none,512,512,3,RGB,JPEG,335081,07cef2a7d10c4e5bcec12d67a977babc,True,
pinhole/pinhole_00093.jpg,pinhole_00093.jpg,pinhole,none,512,512,3,RGB,JPEG,76643,bc6520d4b3e4190df1f7fadfababe01c,True,
pinhole/pinhole_00094.jpg,pinhole_00094.jpg,pinhole,none,512,512,3,RGB,JPEG,183901,f00254ff79e5ce7edcce010eaacaea18,True,
pinhole/pinhole_00095.jpg,pinhole_00095.jpg,pinhole,none,512,512,3,RGB,JPEG,40228,a4e8d0453ad811a8ddc1430df65a36a5,True,
pinhole/pinhole_00096.jpg,pinhole_00096.jpg,pinhole,none,512,512,3,RGB,JPEG,56098,0eba54c73d2588722f6ef920ad93c878,True,
pinhole/pinhole_00097.jpg,pinhole_00097.jpg,pinhole,none,512,512,3,RGB,JPEG,49863,ce12cdb3453164f7549834297bae2bd7,True,
pinhole/pinhole_00098.jpg,pinhole_00098.jpg,pinhole,none,512,512,3,RGB,JPEG,49967,bb7d1f2f38631710de73123a76ae4d81,True,
pinhole/pinhole_00099.jpg,pinhole_00099.jpg,pinhole,none,512,512,3,RGB,JPEG,71608,3e93793909aad743e1e34383860c378a,True,
porosity/porosity_00000.jpg,porosity_00000.jpg,porosity,none,512,512,3,RGB,JPEG,48389,8962ce1d21b89b78da963485b2a1ec9b,True,
porosity/porosity_00001.jpg,porosity_00001.jpg,porosity,none,512,512,3,RGB,JPEG,80118,61e2c3d5d2645f6a5a29bfb9c28aea2d,True,
porosity/porosity_00002.jpg,porosity_00002.jpg,porosity,none,512,512,3,RGB,JPEG,50204,273f70b9ccb05dca047edb05798839f0,True,
porosity/porosity_00003.jpg,porosity_00003.jpg,porosity,none,512,512,3,RGB,JPEG,72958,12625f508394fc6213b9de1043d515ba,True,
porosity/porosity_00004.jpg,porosity_00004.jpg,porosity,none,512,512,3,RGB,JPEG,58873,352052721f83db315f924a012cca42c8,True,
porosity/porosity_00005.jpg,porosity_00005.jpg,porosity,none,512,512,3,RGB,JPEG,56096,45df7a386bfe43bb277ce4893e9cd17b,True,
porosity/porosity_00006.jpg,porosity_00006.jpg,porosity,none,512,512,3,RGB,JPEG,73488,177cb7d4c4515d1ec1ce6b284938ed70,True,
porosity/porosity_00007.jpg,porosity_00007.jpg,porosity,none,512,512,3,RGB,JPEG,44508,a5f1673b24b62c6277e691402fb82fae,True,
porosity/porosity_00008.jpg,porosity_00008.jpg,porosity,none,512,512,3,RGB,JPEG,50606,534d8751084d7a17c71130726c398002,True,
porosity/porosity_00009.jpg,porosity_00009.jpg,porosity,none,512,512,3,RGB,JPEG,46950,ec2b2a43792e74d563a0d7b0d042b2b1,True,
porosity/porosity_00010.jpg,porosity_00010.jpg,porosity,none,512,512,3,RGB,JPEG,48952,e128e2b7f9ac191742537334adeaa33f,True,
porosity/porosity_00011.jpg,porosity_00011.jpg,porosity,none,512,512,3,RGB,JPEG,58600,d234989e185e5d6d0bce784fa3a5797b,True,
porosity/porosity_00012.jpg,porosity_00012.jpg,porosity,none,512,512,3,RGB,JPEG,58958,5e9603bbc2d4ffaec685a8ffdc14266b,True,
porosity/porosity_00013.jpg,porosity_00013.jpg,porosity,none,512,512,3,RGB,JPEG,336307,9749e362eb150d5a7cf39805584372e7,True,
porosity/porosity_00014.jpg,porosity_00014.jpg,porosity,none,512,512,3,RGB,JPEG,58757,4caaef82a9e92634c6794ec7b65d3dc7,True,
porosity/porosity_00015.jpg,porosity_00015.jpg,porosity,none,512,512,3,RGB,JPEG,61237,bf4b40147d8c78e45af98dbde9792303,True,
porosity/porosity_00016.jpg,porosity_00016.jpg,porosity,none,512,512,3,RGB,JPEG,48714,d642288404c078853e98dec85d997cdf,True,
porosity/porosity_00017.jpg,porosity_00017.jpg,porosity,none,512,512,3,RGB,JPEG,344766,351485f7ada010988aae9749c724df96,True,
porosity/porosity_00018.jpg,porosity_00018.jpg,porosity,none,512,512,3,RGB,JPEG,50433,4f9d2f3259c3bd3b0921a09b0c723ae6,True,
porosity/porosity_00019.jpg,porosity_00019.jpg,porosity,none,512,512,3,RGB,JPEG,54490,79f880f879b2d5524e1121ad65c14cb6,True,
porosity/porosity_00020.jpg,porosity_00020.jpg,porosity,none,512,512,3,RGB,JPEG,268425,da5d888a7d3b53cca5bcf3dc687001f9,True,
porosity/porosity_00021.jpg,porosity_00021.jpg,porosity,none,512,512,3,RGB,JPEG,67656,f43c6c8015dff42b83bef49bb5a2d262,True,
porosity/porosity_00022.jpg,porosity_00022.jpg,porosity,none,512,512,3,RGB,JPEG,54011,9c4b73d33a76d581bb6da37f2986d081,True,
porosity/porosity_00023.jpg,porosity_00023.jpg,porosity,none,512,512,3,RGB,JPEG,77757,ffd340f515705068f7e0c1fc807444e7,True,
porosity/porosity_00024.jpg,porosity_00024.jpg,porosity,none,512,512,3,RGB,JPEG,55877,108140e06b5ad29f100b303ae0afca12,True,
porosity/porosity_00025.jpg,porosity_00025.jpg,porosity,none,512,512,3,RGB,JPEG,195364,26c9915a8ccc6f3efc1d1a99195235e3,True,
porosity/porosity_00026.jpg,porosity_00026.jpg,porosity,none,512,512,3,RGB,JPEG,70587,5f86b13ed5b950ca46317fe8e4b63ae5,True,
porosity/porosity_00027.jpg,porosity_00027.jpg,porosity,none,512,512,3,RGB,JPEG,37174,0d26e8ef8d95b6f2c5c2da930c3f7b95,True,
porosity/porosity_00028.jpg,porosity_00028.jpg,porosity,none,512,512,3,RGB,JPEG,56875,ac615400759551e3f5c4d94ae75242ba,True,
porosity/porosity_00029.jpg,porosity_00029.jpg,porosity,none,512,512,3,RGB,JPEG,50092,8d92b8cba20bd5c7659eabb7c42e12b4,True,
porosity/porosity_00030.jpg,porosity_00030.jpg,porosity,none,512,512,3,RGB,JPEG,39613,358559aab5c4bb9f8650eab1a7ccb654,True,
porosity/porosity_00031.jpg,porosity_00031.jpg,porosity,none,512,512,3,RGB,JPEG,54627,2f0fe72ff04d10fe5d6095cd01a516d8,True,
porosity/porosity_00032.jpg,porosity_00032.jpg,porosity,none,512,512,3,RGB,JPEG,56572,fb4c607bc5abd365aca484118a119dcf,True,
porosity/porosity_00033.jpg,porosity_00033.jpg,porosity,none,512,512,3,RGB,JPEG,51368,7478530029104af8d12f519877804aa9,True,
porosity/porosity_00034.jpg,porosity_00034.jpg,porosity,none,512,512,3,RGB,JPEG,52434,8d00e118a86b2fbfccc9e954c4e74801,True,
porosity/porosity_00035.jpg,porosity_00035.jpg,porosity,none,512,512,3,RGB,JPEG,53779,d0d8866b24b04bbdf3bc6003f08438ef,True,
porosity/porosity_00036.jpg,porosity_00036.jpg,porosity,none,512,512,3,RGB,JPEG,76094,a36d64d0306bf2375bbfb55d6343bbac,True,
porosity/porosity_00037.jpg,porosity_00037.jpg,porosity,none,512,512,3,RGB,JPEG,348664,dc8a9bfed644815890195505f665ab34,True,
porosity/porosity_00038.jpg,porosity_00038.jpg,porosity,none,512,512,3,RGB,JPEG,114711,ddf34ca6c8f4e82d0392398822b58c11,True,
porosity/porosity_00039.jpg,porosity_00039.jpg,porosity,none,512,512,3,RGB,JPEG,61711,9758463d3d443e40b151a3ce33988da2,True,
porosity/porosity_00040.jpg,porosity_00040.jpg,porosity,none,512,512,3,RGB,JPEG,62607,5e8982f84f1978fb49653a5f5df2a535,True,
porosity/porosity_00041.jpg,porosity_00041.jpg,porosity,none,512,512,3,RGB,JPEG,230110,a9e973e8419dd34f2415055e8289ba49,True,
porosity/porosity_00042.jpg,porosity_00042.jpg,porosity,none,512,512,3,RGB,JPEG,80611,577018ae349c3dba3684623c9d478a68,True,
porosity/porosity_00043.jpg,porosity_00043.jpg,porosity,none,512,512,3,RGB,JPEG,154541,3ab51d233080e911178c70e62e55e529,True,
porosity/porosity_00044.jpg,porosity_00044.jpg,porosity,none,512,512,3,RGB,JPEG,61360,fff3661c030a7d06e1cea73a676ece64,True,
porosity/porosity_00045.jpg,porosity_00045.jpg,porosity,none,512,512,3,RGB,JPEG,52710,44a7b6ff33e29f4e4e67ce7de7f0b9e8,True,
porosity/porosity_00046.jpg,porosity_00046.jpg,porosity,none,512,512,3,RGB,JPEG,66150,5f1e77e9fc4ea804342318d630e1cc8d,True,
porosity/porosity_00047.jpg,porosity_00047.jpg,porosity,none,512,512,3,RGB,JPEG,109040,394cecdba0eeffc452b26068f01f92a2,True,
porosity/porosity_00048.jpg,porosity_00048.jpg,porosity,none,512,512,3,RGB,JPEG,297290,1234b78b535e2c609f0ae708911f0290,True,
porosity/porosity_00049.jpg,porosity_00049.jpg,porosity,none,512,512,3,RGB,JPEG,168488,b99935921cf541e0f14317a653c9eeba,True,
porosity/porosity_00050.jpg,porosity_00050.jpg,porosity,none,512,512,3,RGB,JPEG,56364,445237f296b97b18733dd69be2aa5312,True,
porosity/porosity_00051.jpg,porosity_00051.jpg,porosity,none,512,512,3,RGB,JPEG,75669,cc23bdbddb5189e9e986ccf8f2302ce6,True,
porosity/porosity_00052.jpg,porosity_00052.jpg,porosity,none,512,512,3,RGB,JPEG,49324,bd12da0694b2ade6959b676a381ac80b,True,
porosity/porosity_00053.jpg,porosity_00053.jpg,porosity,none,512,512,3,RGB,JPEG,53877,1b268eb8bf35f5d368c002feaa08545c,True,
porosity/porosity_00054.jpg,porosity_00054.jpg,porosity,none,512,512,3,RGB,JPEG,51610,e40a30bdd9af8d2a6eb66b5b5c2740a4,True,
porosity/porosity_00055.jpg,porosity_00055.jpg,porosity,none,512,512,3,RGB,JPEG,51940,eaf20c0fe9d0ad7907333b15b861b455,True,
porosity/porosity_00056.jpg,porosity_00056.jpg,porosity,none,512,512,3,RGB,JPEG,54676,b5eb4ae2381b44ecb8b0a09f92d04f99,True,
porosity/porosity_00057.jpg,porosity_00057.jpg,porosity,none,512,512,3,RGB,JPEG,56010,8d92e81805b06cfe08e908bed81a2227,True,
porosity/porosity_00058.jpg,porosity_00058.jpg,porosity,none,512,512,3,RGB,JPEG,107051,877fe0b860b17dd2a5c83c69ab80510c,True,
porosity/porosity_00059.jpg,porosity_00059.jpg,porosity,none,512,512,3,RGB,JPEG,58061,cffcfd989632f773d4e00056ca77507e,True,
porosity/porosity_00060.jpg,porosity_00060.jpg,porosity,none,512,512,3,RGB,JPEG,46562,aedfc715c216f4d07152a575de04343c,True,
porosity/porosity_00061.jpg,porosity_00061.jpg,porosity,none,512,512,3,RGB,JPEG,136149,11d13863cd0b72fe6ae56236ae1bfbcc,True,
porosity/porosity_00062.jpg,porosity_00062.jpg,porosity,none,512,512,3,RGB,JPEG,60055,bc0cb39dea71abac68833074818d692a,True,
porosity/porosity_00063.jpg,porosity_00063.jpg,porosity,none,512,512,3,RGB,JPEG,81384,ff29b74a9a10fccbe670d65ca55a5667,True,
porosity/porosity_00064.jpg,porosity_00064.jpg,porosity,none,512,512,3,RGB,JPEG,57082,5bd0bbd59fd4deebe8f5d77e4cafea69,True,
porosity/porosity_00065.jpg,porosity_00065.jpg,porosity,none,512,512,3,RGB,JPEG,45268,856cbae3261d0a8ae70c0ed76da35054,True,
porosity/porosity_00066.jpg,porosity_00066.jpg,porosity,none,512,512,3,RGB,JPEG,310882,3e27b474856edf709a4dd2d80f2ec4be,True,
porosity/porosity_00067.jpg,porosity_00067.jpg,porosity,none,512,512,3,RGB,JPEG,75473,f8a179e928efe062ecbcd8730a089195,True,
porosity/porosity_00068.jpg,porosity_00068.jpg,porosity,none,512,512,3,RGB,JPEG,281664,067cc1d7d7945821f58e7678b0ba1293,True,
porosity/porosity_00069.jpg,porosity_00069.jpg,porosity,none,512,512,3,RGB,JPEG,126580,7fcd1cbe34fead44bb10377b4e327719,True,
porosity/porosity_00070.jpg,porosity_00070.jpg,porosity,none,512,512,3,RGB,JPEG,80771,3f83c95144f04216f86d4e05b58a0008,True,
porosity/porosity_00071.jpg,porosity_00071.jpg,porosity,none,512,512,3,RGB,JPEG,67041,d65c95b38d182f8abbad635f015ab8f0,True,
porosity/porosity_00072.jpg,porosity_00072.jpg,porosity,none,512,512,3,RGB,JPEG,346424,029c45197984599dc2816d0d895d661f,True,
porosity/porosity_00073.jpg,porosity_00073.jpg,porosity,none,512,512,3,RGB,JPEG,53522,97986b1cb2707c7ec50d82e49e99e4e5,True,
porosity/porosity_00074.jpg,porosity_00074.jpg,porosity,none,512,512,3,RGB,JPEG,147957,7f6e1139992347596bd501347a60c028,True,
porosity/porosity_00075.jpg,porosity_00075.jpg,porosity,none,512,512,3,RGB,JPEG,102457,1f51b4eab44ee9465894cb87075f1988,True,
porosity/porosity_00076.jpg,porosity_00076.jpg,porosity,none,512,512,3,RGB,JPEG,57338,166024dd0c8307ce1b1e522f1eb8f25b,True,
porosity/porosity_00077.jpg,porosity_00077.jpg,porosity,none,512,512,3,RGB,JPEG,261600,14535ad5888d1c0346844625130c1ddd,True,
porosity/porosity_00078.jpg,porosity_00078.jpg,porosity,none,512,512,3,RGB,JPEG,63673,fa8b5f05e28b393e5461fada7e95dcaf,True,
porosity/porosity_00079.jpg,porosity_00079.jpg,porosity,none,512,512,3,RGB,JPEG,94314,f8c6329a558639b8c7625c52a70c9b9e,True,
porosity/porosity_00080.jpg,porosity_00080.jpg,porosity,none,512,512,3,RGB,JPEG,62203,6bf681ee496a0a538e0cc3a238e40a43,True,
porosity/porosity_00081.jpg,porosity_00081.jpg,porosity,none,512,512,3,RGB,JPEG,54035,2a443c8840586da8a4fc337aa5acf1a4,True,
porosity/porosity_00082.jpg,porosity_00082.jpg,porosity,none,512,512,3,RGB,JPEG,45186,0eb313ea93651c30b941c0740cee0746,True,
porosity/porosity_00083.jpg,porosity_00083.jpg,porosity,none,512,512,3,RGB,JPEG,63139,8c6932643486440eeb502da60f09c379,True,
porosity/porosity_00084.jpg,porosity_00084.jpg,porosity,none,512,512,3,RGB,JPEG,66588,5f411b2854b565ef11331250e19a7ce6,True,
porosity/porosity_00085.jpg,porosity_00085.jpg,porosity,none,512,512,3,RGB,JPEG,49979,e099637298333c1c1551a76b4533ca15,True,
porosity/porosity_00086.jpg,porosity_00086.jpg,porosity,none,512,512,3,RGB,JPEG,117975,ed568e2cb1b3a3f4a76dd8b3f74a2b3f,True,
porosity/porosity_00087.jpg,porosity_00087.jpg,porosity,none,512,512,3,RGB,JPEG,333017,089ef11e7d6b83e07f83b5480fae880c,True,
porosity/porosity_00088.jpg,porosity_00088.jpg,porosity,none,512,512,3,RGB,JPEG,301830,1bdaeab3250a229365e3bdf9ab241e2a,True,
porosity/porosity_00089.jpg,porosity_00089.jpg,porosity,none,512,512,3,RGB,JPEG,52787,915e9794ddb05099c69067d0daa45f0f,True,
porosity/porosity_00090.jpg,porosity_00090.jpg,porosity,none,512,512,3,RGB,JPEG,84902,9a4a402eb157b000061ce5ca9ec94db1,True,
porosity/porosity_00091.jpg,porosity_00091.jpg,porosity,none,512,512,3,RGB,JPEG,52745,36ba01131e07efa92b55bf3bc9a28db7,True,
porosity/porosity_00092.jpg,porosity_00092.jpg,porosity,none,512,512,3,RGB,JPEG,49138,d7f9a2713a7cb93695c5af00352f6181,True,
porosity/porosity_00093.jpg,porosity_00093.jpg,porosity,none,512,512,3,RGB,JPEG,53107,831e2c9a0b4a2a7ce2f4bc30c2d6ab6e,True,
porosity/porosity_00094.jpg,porosity_00094.jpg,porosity,none,512,512,3,RGB,JPEG,44266,9945c8e2595ca30fbf8bbb8df8f10b57,True,
porosity/porosity_00095.jpg,porosity_00095.jpg,porosity,none,512,512,3,RGB,JPEG,51467,2c11a85458c22229a30462cfeccc988d,True,
porosity/porosity_00096.jpg,porosity_00096.jpg,porosity,none,512,512,3,RGB,JPEG,39773,4890eca189dc3e4dab4f0654a12cc8b5,True,
porosity/porosity_00097.jpg,porosity_00097.jpg,porosity,none,512,512,3,RGB,JPEG,38615,1ff9c68b2f58f219a46faa9df67d6b1f,True,
porosity/porosity_00098.jpg,porosity_00098.jpg,porosity,none,512,512,3,RGB,JPEG,37711,288f8699b5f7b81bebc56bb8c3222276,True,
porosity/porosity_00099.jpg,porosity_00099.jpg,porosity,none,512,512,3,RGB,JPEG,67096,f64c6a8ed01bedd658d96d147d25496e,True,
scratch/scratch_00000.jpg,scratch_00000.jpg,scratch,none,512,512,3,RGB,JPEG,66304,b12fe8bf1cb7fea340455e7818b1c90a,True,
scratch/scratch_00001.jpg,scratch_00001.jpg,scratch,none,512,512,3,RGB,JPEG,202602,f1bcd5f530f3e4217c0049d9a9bcd09b,True,
scratch/scratch_00002.jpg,scratch_00002.jpg,scratch,none,512,512,3,RGB,JPEG,112911,b932b5f73808c8309d829be78cba1da6,True,
scratch/scratch_00003.jpg,scratch_00003.jpg,scratch,none,512,512,3,RGB,JPEG,52106,4dc467d5504acd0209f0aac37ae97934,True,
scratch/scratch_00004.jpg,scratch_00004.jpg,scratch,none,512,512,3,RGB,JPEG,151576,d3dec13405b1d15aaa295325d77560eb,True,
scratch/scratch_00005.jpg,scratch_00005.jpg,scratch,none,512,512,3,RGB,JPEG,48438,5abca7a13b3b39c13d8d54bf6c74c058,True,
scratch/scratch_00006.jpg,scratch_00006.jpg,scratch,none,512,512,3,RGB,JPEG,44102,f762358c192bbb69d985935911df0cbb,True,
scratch/scratch_00007.jpg,scratch_00007.jpg,scratch,none,512,512,3,RGB,JPEG,43227,504db203138fb562e03a1ef90f24764a,True,
scratch/scratch_00008.jpg,scratch_00008.jpg,scratch,none,512,512,3,RGB,JPEG,44669,8c8c4dba8c345d9f77edc1e517c3acf2,True,
scratch/scratch_00009.jpg,scratch_00009.jpg,scratch,none,512,512,3,RGB,JPEG,44926,472b66c015b89282073479b207045e78,True,
scratch/scratch_00010.jpg,scratch_00010.jpg,scratch,none,512,512,3,RGB,JPEG,97289,e969fdf2f25a120800f73daa84b9a00e,True,
scratch/scratch_00011.jpg,scratch_00011.jpg,scratch,none,512,512,3,RGB,JPEG,62263,d8a3e0a1d0b2b0f5dd74727f633404b7,True,
scratch/scratch_00012.jpg,scratch_00012.jpg,scratch,none,512,512,3,RGB,JPEG,43284,7c790ac80e4765516fb00f3c014bb27b,True,
scratch/scratch_00013.jpg,scratch_00013.jpg,scratch,none,512,512,3,RGB,JPEG,45767,400b08d47ed6049cdbd905f9195ddf01,True,
scratch/scratch_00014.jpg,scratch_00014.jpg,scratch,none,512,512,3,RGB,JPEG,111159,55aa5a508521ca9267083c407c6aa500,True,
scratch/scratch_00015.jpg,scratch_00015.jpg,scratch,none,512,512,3,RGB,JPEG,40987,2ec81b7ffe5550832607fbf8ac540781,True,
scratch/scratch_00016.jpg,scratch_00016.jpg,scratch,none,512,512,3,RGB,JPEG,41833,0ffc1c707928c8300a7332d2e610faa1,True,
scratch/scratch_00017.jpg,scratch_00017.jpg,scratch,none,512,512,3,RGB,JPEG,47530,4172138d12aeb4673e25ccfa17cf6f3d,True,
scratch/scratch_00018.jpg,scratch_00018.jpg,scratch,none,512,512,3,RGB,JPEG,50612,50ef960c3b2c7cdf953e6405da54b791,True,
scratch/scratch_00019.jpg,scratch_00019.jpg,scratch,none,512,512,3,RGB,JPEG,44314,a91528e2feeb6f1db19e288c5d83235e,True,
scratch/scratch_00020.jpg,scratch_00020.jpg,scratch,none,512,512,3,RGB,JPEG,43204,17e2c5d8beaff9d0e7a5fef86dc5030a,True,
scratch/scratch_00021.jpg,scratch_00021.jpg,scratch,none,512,512,3,RGB,JPEG,44436,5884477b382d997a4ddfec6b678f88c2,True,
scratch/scratch_00022.jpg,scratch_00022.jpg,scratch,none,512,512,3,RGB,JPEG,39516,2e0fbf343f795441ec0ae4d4f5b3d634,True,
scratch/scratch_00023.jpg,scratch_00023.jpg,scratch,none,512,512,3,RGB,JPEG,41813,f33d6d7dd935a745e8839229d19ed4d1,True,
scratch/scratch_00024.jpg,scratch_00024.jpg,scratch,none,512,512,3,RGB,JPEG,53122,bb8906bffe7f2cf35e8c9cb479289654,True,
scratch/scratch_00025.jpg,scratch_00025.jpg,scratch,none,512,512,3,RGB,JPEG,41145,303bd20495f65bddae2041d3dd879673,True,
scratch/scratch_00026.jpg,scratch_00026.jpg,scratch,none,512,512,3,RGB,JPEG,42510,89cdce7542f832554349f490c17ac1c4,True,
scratch/scratch_00027.jpg,scratch_00027.jpg,scratch,none,512,512,3,RGB,JPEG,36084,0cc4d08a1ef48de47abf9a3e567458ff,True,
scratch/scratch_00028.jpg,scratch_00028.jpg,scratch,none,512,512,3,RGB,JPEG,41301,0f598e7e23ae59caf109cd49daf24869,True,
scratch/scratch_00029.jpg,scratch_00029.jpg,scratch,none,512,512,3,RGB,JPEG,40862,7ec8032c11be68b6f3267ab232f55fe3,True,
scratch/scratch_00030.jpg,scratch_00030.jpg,scratch,none,512,512,3,RGB,JPEG,45437,d9010a41bd08bb896ccc93d43bebf307,True,
scratch/scratch_00031.jpg,scratch_00031.jpg,scratch,none,512,512,3,RGB,JPEG,36245,082475e46dcffc62ec60cb7ca9850de2,True,
scratch/scratch_00032.jpg,scratch_00032.jpg,scratch,none,512,512,3,RGB,JPEG,40415,6d9a70afc7ad3c1c5dac6405fe599b61,True,
scratch/scratch_00033.jpg,scratch_00033.jpg,scratch,none,512,512,3,RGB,JPEG,45264,b9fc155dad1f5d221f33c12859e13d1e,True,
scratch/scratch_00034.jpg,scratch_00034.jpg,scratch,none,512,512,3,RGB,JPEG,46385,4f65e03786b80f255ebe6da09d777d35,True,
scratch/scratch_00035.jpg,scratch_00035.jpg,scratch,none,512,512,3,RGB,JPEG,44082,e3be24a4b8473c806b3eb01af1c97a19,True,
scratch/scratch_00036.jpg,scratch_00036.jpg,scratch,none,512,512,3,RGB,JPEG,54856,71cd4cace0b8a3222983b1a5125cc5cf,True,
scratch/scratch_00037.jpg,scratch_00037.jpg,scratch,none,512,512,3,RGB,JPEG,50159,7890554d442be1f0fa41492a9de7c76c,True,
scratch/scratch_00038.jpg,scratch_00038.jpg,scratch,none,512,512,3,RGB,JPEG,51781,7598b9b1bd908a4dabc1b738d00a0a18,True,
scratch/scratch_00039.jpg,scratch_00039.jpg,scratch,none,512,512,3,RGB,JPEG,66305,4df5f24f6fafe607f122505fcc4dd9e1,True,
scratch/scratch_00040.jpg,scratch_00040.jpg,scratch,none,512,512,3,RGB,JPEG,43176,5cc482b0c400ce7b97d27b220a1ab2e1,True,
scratch/scratch_00041.jpg,scratch_00041.jpg,scratch,none,512,512,3,RGB,JPEG,44815,2e19a743377475d350d4a850617f6419,True,
scratch/scratch_00042.jpg,scratch_00042.jpg,scratch,none,512,512,3,RGB,JPEG,52182,add3f8de0f97f07725ce4648500b9817,True,
scratch/scratch_00043.jpg,scratch_00043.jpg,scratch,none,512,512,3,RGB,JPEG,76000,738bb113d0010cdb4e5a53aaccda2f2b,True,
scratch/scratch_00044.jpg,scratch_00044.jpg,scratch,none,512,512,3,RGB,JPEG,141316,48f4ef0cefed12aab4ae627c256d4935,True,
scratch/scratch_00045.jpg,scratch_00045.jpg,scratch,none,512,512,3,RGB,JPEG,40425,526dc0c792ebbd6484d4f9248e60fcb2,True,
scratch/scratch_00046.jpg,scratch_00046.jpg,scratch,none,512,512,3,RGB,JPEG,52971,dd2dcedd1532060ea3d0eb0ee8affe56,True,
scratch/scratch_00047.jpg,scratch_00047.jpg,scratch,none,512,512,3,RGB,JPEG,48477,765be9414e470c67ff1b5cc51a5071e2,True,
scratch/scratch_00048.jpg,scratch_00048.jpg,scratch,none,512,512,3,RGB,JPEG,52526,dae289e72af4709a9f3a244bf0f52419,True,
scratch/scratch_00049.jpg,scratch_00049.jpg,scratch,none,512,512,3,RGB,JPEG,68022,5320728688b597115c7dd901bfe4cbd3,True,
scratch/scratch_00050.jpg,scratch_00050.jpg,scratch,none,512,512,3,RGB,JPEG,38684,e0e06f7964576f0aec491285ca5b97a8,True,
scratch/scratch_00051.jpg,scratch_00051.jpg,scratch,none,512,512,3,RGB,JPEG,73313,44bc6fefa835ace9b75c75322424a89a,True,
scratch/scratch_00052.jpg,scratch_00052.jpg,scratch,none,512,512,3,RGB,JPEG,188475,65f44d2cca0ef856aba636d5773465b1,True,
scratch/scratch_00053.jpg,scratch_00053.jpg,scratch,none,512,512,3,RGB,JPEG,51684,fd153d96671758a97460a19ec5748087,True,
scratch/scratch_00054.jpg,scratch_00054.jpg,scratch,none,512,512,3,RGB,JPEG,44835,b7a7f20b9c0775155090fe21b2af088c,True,
scratch/scratch_00055.jpg,scratch_00055.jpg,scratch,none,512,512,3,RGB,JPEG,38900,8cd9459fa5f55cc3e4dc02d94655302e,True,
scratch/scratch_00056.jpg,scratch_00056.jpg,scratch,none,512,512,3,RGB,JPEG,59174,5d36ff9adb3e6204b69b11fb66e418a5,True,
scratch/scratch_00057.jpg,scratch_00057.jpg,scratch,none,512,512,3,RGB,JPEG,40657,d6ec91bc0b13adaba20435d994c44451,True,
scratch/scratch_00058.jpg,scratch_00058.jpg,scratch,none,512,512,3,RGB,JPEG,94859,90315668fbd6aa9decd060f9ca9e8c26,True,
scratch/scratch_00059.jpg,scratch_00059.jpg,scratch,none,512,512,3,RGB,JPEG,42830,358c22cbe8f969349f28cebf73a7a36f,True,
scratch/scratch_00060.jpg,scratch_00060.jpg,scratch,none,512,512,3,RGB,JPEG,47367,bb6f20d466acad73f4882cbe592250ce,True,
scratch/scratch_00061.jpg,scratch_00061.jpg,scratch,none,512,512,3,RGB,JPEG,39310,9ca4bb26cc3c8f9fad4cd45de54b1483,True,
scratch/scratch_00062.jpg,scratch_00062.jpg,scratch,none,512,512,3,RGB,JPEG,39278,8e186ddad9d4b99456a4bb0b6abade30,True,
scratch/scratch_00063.jpg,scratch_00063.jpg,scratch,none,512,512,3,RGB,JPEG,40760,50e11ce298870cb024fdedf7e8dd103d,True,
scratch/scratch_00064.jpg,scratch_00064.jpg,scratch,none,512,512,3,RGB,JPEG,44157,5d41dd65ccf1d4e6f7f3ec2b76802d6b,True,
scratch/scratch_00065.jpg,scratch_00065.jpg,scratch,none,512,512,3,RGB,JPEG,43288,20ef7347db90fbfe5492eb617fc5bb76,True,
scratch/scratch_00066.jpg,scratch_00066.jpg,scratch,none,512,512,3,RGB,JPEG,46341,482466996c5d221cf05625ff50520e3b,True,
scratch/scratch_00067.jpg,scratch_00067.jpg,scratch,none,512,512,3,RGB,JPEG,109966,4e5fdeeadf58f4163df2f54fd01b996e,True,
scratch/scratch_00068.jpg,scratch_00068.jpg,scratch,none,512,512,3,RGB,JPEG,112233,6b0a8de622aa2be7242b357e656633ac,True,
scratch/scratch_00069.jpg,scratch_00069.jpg,scratch,none,512,512,3,RGB,JPEG,40019,503a643c454bcbf14055c43612c55346,True,
scratch/scratch_00070.jpg,scratch_00070.jpg,scratch,none,512,512,3,RGB,JPEG,39964,59a3c73adb12c83e70632b8735112627,True,
scratch/scratch_00071.jpg,scratch_00071.jpg,scratch,none,512,512,3,RGB,JPEG,68429,3a3a68e125e86d94f4778b549f9f5fd3,True,
scratch/scratch_00072.jpg,scratch_00072.jpg,scratch,none,512,512,3,RGB,JPEG,44233,d78b283b4b3fa82cf5968e04d0d3cefd,True,
scratch/scratch_00073.jpg,scratch_00073.jpg,scratch,none,512,512,3,RGB,JPEG,40604,fdbfabda56522b0deeb13cc67736be41,True,
scratch/scratch_00074.jpg,scratch_00074.jpg,scratch,none,512,512,3,RGB,JPEG,40387,55efd517f713fa40bdb4ed79ceb01251,True,
scratch/scratch_00075.jpg,scratch_00075.jpg,scratch,none,512,512,3,RGB,JPEG,38739,f27e8426025493b162c051ee554f57cb,True,
scratch/scratch_00076.jpg,scratch_00076.jpg,scratch,none,512,512,3,RGB,JPEG,41615,ea54fbf430224d83b047d9b47793088a,True,
scratch/scratch_00077.jpg,scratch_00077.jpg,scratch,none,512,512,3,RGB,JPEG,50527,1622cfb02afcac9dc572d10ba6af802e,True,
scratch/scratch_00078.jpg,scratch_00078.jpg,scratch,none,512,512,3,RGB,JPEG,99903,42eb162ba93de6e421d1b356020b86b3,True,
scratch/scratch_00079.jpg,scratch_00079.jpg,scratch,none,512,512,3,RGB,JPEG,44811,ee458d1244db056db67937b6c57d0d0c,True,
scratch/scratch_00080.jpg,scratch_00080.jpg,scratch,none,512,512,3,RGB,JPEG,36735,9f1fbf07ba6626c5550ddac70cbb33da,True,
scratch/scratch_00081.jpg,scratch_00081.jpg,scratch,none,512,512,3,RGB,JPEG,52280,d915945c8c33cdab14dbbfe12225985e,True,
scratch/scratch_00082.jpg,scratch_00082.jpg,scratch,none,512,512,3,RGB,JPEG,38205,f3ab74dde5741935bd2f5f9bfe9a57f9,True,
scratch/scratch_00083.jpg,scratch_00083.jpg,scratch,none,512,512,3,RGB,JPEG,38711,67623864a21a4c9dbd1aac943082415d,True,
scratch/scratch_00084.jpg,scratch_00084.jpg,scratch,none,512,512,3,RGB,JPEG,48159,a0c0ffea385268978084681f123c7116,True,
scratch/scratch_00085.jpg,scratch_00085.jpg,scratch,none,512,512,3,RGB,JPEG,42081,eb69662b6bd8a7a258932744ccf67b4d,True,
scratch/scratch_00086.jpg,scratch_00086.jpg,scratch,none,512,512,3,RGB,JPEG,54126,2bd2af1133aa1028e8ae1684de881f85,True,
scratch/scratch_00087.jpg,scratch_00087.jpg,scratch,none,512,512,3,RGB,JPEG,36753,d05dd32366a43a351afcd9664d0d1efc,True,
scratch/scratch_00088.jpg,scratch_00088.jpg,scratch,none,512,512,3,RGB,JPEG,45684,6ba4b3669fe54627887f0d91c7e9c3d8,True,
scratch/scratch_00089.jpg,scratch_00089.jpg,scratch,none,512,512,3,RGB,JPEG,40556,522b4ea5a6c2f55fb4115f2b8088b1a8,True,
scratch/scratch_00090.jpg,scratch_00090.jpg,scratch,none,512,512,3,RGB,JPEG,36133,f2904aadf213970e958bb69d681e6cf3,True,
scratch/scratch_00091.jpg,scratch_00091.jpg,scratch,none,512,512,3,RGB,JPEG,37670,86bc0b3e35681c6eb1e4f8dff6bb092a,True,
scratch/scratch_00092.jpg,scratch_00092.jpg,scratch,none,512,512,3,RGB,JPEG,32661,0b078a122f27c6ac63387972db852bab,True,
scratch/scratch_00093.jpg,scratch_00093.jpg,scratch,none,512,512,3,RGB,JPEG,37343,dd8809ee3ee6284f02a5c4195818165c,True,
scratch/scratch_00094.jpg,scratch_00094.jpg,scratch,none,512,512,3,RGB,JPEG,37608,b91f43c4849cc13e03db008f88477417,True,
scratch/scratch_00095.jpg,scratch_00095.jpg,scratch,none,512,512,3,RGB,JPEG,34536,1e1898eb04324348776b65d4082dd4d9,True,
scratch/scratch_00096.jpg,scratch_00096.jpg,scratch,none,512,512,3,RGB,JPEG,36341,19b02d49329b03da3df499b1de01c623,True,
scratch/scratch_00097.jpg,scratch_00097.jpg,scratch,none,512,512,3,RGB,JPEG,35449,819a720740bc788ffe3e4a10b1f26705,True,
scratch/scratch_00098.jpg,scratch_00098.jpg,scratch,none,512,512,3,RGB,JPEG,31767,61118a88fef21f7b425cb878f5847d18,True,
scratch/scratch_00099.jpg,scratch_00099.jpg,scratch,none,512,512,3,RGB,JPEG,45556,5e5fca0252b541e44204d2faed6f25e7,True,
shrinkage/shrinkage_00000.jpg,shrinkage_00000.jpg,shrinkage,none,512,512,3,RGB,JPEG,53209,fc002a5ffa6d0da8e78f9dd6c94d3302,True,
shrinkage/shrinkage_00001.jpg,shrinkage_00001.jpg,shrinkage,none,512,512,3,RGB,JPEG,126129,a26f68c12a192f0e063f4986830c8e84,True,
shrinkage/shrinkage_00002.jpg,shrinkage_00002.jpg,shrinkage,none,512,512,3,RGB,JPEG,55532,536414e88810b292d001001774f42e14,True,
shrinkage/shrinkage_00003.jpg,shrinkage_00003.jpg,shrinkage,none,512,512,3,RGB,JPEG,52975,40924d0772e043994087f07fe5f3b1df,True,
shrinkage/shrinkage_00004.jpg,shrinkage_00004.jpg,shrinkage,none,512,512,3,RGB,JPEG,56157,b106bd2bb7c787a2d335ff7445000353,True,
shrinkage/shrinkage_00005.jpg,shrinkage_00005.jpg,shrinkage,none,512,512,3,RGB,JPEG,52616,20f10b2780620797d8b1e7f3bcf4423f,True,
shrinkage/shrinkage_00006.jpg,shrinkage_00006.jpg,shrinkage,none,512,512,3,RGB,JPEG,62222,7d27fe80d91ddcf4d167811ab41ac9b6,True,
shrinkage/shrinkage_00007.jpg,shrinkage_00007.jpg,shrinkage,none,512,512,3,RGB,JPEG,329947,8eb4349750475a4a87ddf68a20b050ac,True,
shrinkage/shrinkage_00008.jpg,shrinkage_00008.jpg,shrinkage,none,512,512,3,RGB,JPEG,299857,217605a75bc254866a842f6b3838ead7,True,
shrinkage/shrinkage_00009.jpg,shrinkage_00009.jpg,shrinkage,none,512,512,3,RGB,JPEG,133546,102b8790f32754fd068644400d5afa03,True,
shrinkage/shrinkage_00010.jpg,shrinkage_00010.jpg,shrinkage,none,512,512,3,RGB,JPEG,47524,7caf7eb56bcf6a3a69450a63df02936e,True,
shrinkage/shrinkage_00011.jpg,shrinkage_00011.jpg,shrinkage,none,512,512,3,RGB,JPEG,327785,e96d4146dfe98f3e287aded4d5b7cd81,True,
shrinkage/shrinkage_00012.jpg,shrinkage_00012.jpg,shrinkage,none,512,512,3,RGB,JPEG,301740,a7f5d2188aaf572d1b27bae03883760d,True,
shrinkage/shrinkage_00013.jpg,shrinkage_00013.jpg,shrinkage,none,512,512,3,RGB,JPEG,47022,54d0b73b43d78cde233739a644f5adc4,True,
shrinkage/shrinkage_00014.jpg,shrinkage_00014.jpg,shrinkage,none,512,512,3,RGB,JPEG,167340,edc9ee9d756172b6733bde02d713064a,True,
shrinkage/shrinkage_00015.jpg,shrinkage_00015.jpg,shrinkage,none,512,512,3,RGB,JPEG,44254,5538878fb6d65600fa3d30a7a984521f,True,
shrinkage/shrinkage_00016.jpg,shrinkage_00016.jpg,shrinkage,none,512,512,3,RGB,JPEG,40798,f2752f29fbf3514b00bca83e9e8ddb98,True,
shrinkage/shrinkage_00017.jpg,shrinkage_00017.jpg,shrinkage,none,512,512,3,RGB,JPEG,82046,9a2046e0c119ad2477f0b143193e2d01,True,
shrinkage/shrinkage_00018.jpg,shrinkage_00018.jpg,shrinkage,none,512,512,3,RGB,JPEG,41812,e6b3f64954100f9eb3b5a40402316e14,True,
shrinkage/shrinkage_00019.jpg,shrinkage_00019.jpg,shrinkage,none,512,512,3,RGB,JPEG,54402,1ad355dec3508b9ae3aba94e9e7faa33,True,
shrinkage/shrinkage_00020.jpg,shrinkage_00020.jpg,shrinkage,none,512,512,3,RGB,JPEG,149799,7895672adeca227f32327c33634eafe7,True,
shrinkage/shrinkage_00021.jpg,shrinkage_00021.jpg,shrinkage,none,512,512,3,RGB,JPEG,45927,4e09ca0bb37031d317d7c356f7a4737d,True,
shrinkage/shrinkage_00022.jpg,shrinkage_00022.jpg,shrinkage,none,512,512,3,RGB,JPEG,143333,044f3f438cdbd6c2d52d06397332a1f0,True,
shrinkage/shrinkage_00023.jpg,shrinkage_00023.jpg,shrinkage,none,512,512,3,RGB,JPEG,44445,37808a1a12a5799a0d95552be0d852ad,True,
shrinkage/shrinkage_00024.jpg,shrinkage_00024.jpg,shrinkage,none,512,512,3,RGB,JPEG,43192,b29f8ce1d00ebb305eae4fd6f251e897,True,
shrinkage/shrinkage_00025.jpg,shrinkage_00025.jpg,shrinkage,none,512,512,3,RGB,JPEG,69957,56d61f37e64b8fd70ad61269e8a5bdd3,True,
shrinkage/shrinkage_00026.jpg,shrinkage_00026.jpg,shrinkage,none,512,512,3,RGB,JPEG,55009,4799c5e0c5fded0a94118e025d1a7131,True,
shrinkage/shrinkage_00027.jpg,shrinkage_00027.jpg,shrinkage,none,512,512,3,RGB,JPEG,48514,8dd94461f8384b37b6ac4b052b519fca,True,
shrinkage/shrinkage_00028.jpg,shrinkage_00028.jpg,shrinkage,none,512,512,3,RGB,JPEG,77728,88b0075ff784fc56bc385f09635de048,True,
shrinkage/shrinkage_00029.jpg,shrinkage_00029.jpg,shrinkage,none,512,512,3,RGB,JPEG,56391,5d94dd72c95bf6a081a49e75fe29be02,True,
shrinkage/shrinkage_00030.jpg,shrinkage_00030.jpg,shrinkage,none,512,512,3,RGB,JPEG,54563,2519b9b86dda1f8a3a205a173c68845b,True,
shrinkage/shrinkage_00031.jpg,shrinkage_00031.jpg,shrinkage,none,512,512,3,RGB,JPEG,318820,5a183cd7eae0f83a418a0315971b96ef,True,
shrinkage/shrinkage_00032.jpg,shrinkage_00032.jpg,shrinkage,none,512,512,3,RGB,JPEG,53864,1047ce3ba994740a83b712537bb72652,True,
shrinkage/shrinkage_00033.jpg,shrinkage_00033.jpg,shrinkage,none,512,512,3,RGB,JPEG,300376,4edee03af50dd5524f5e080dc120f92c,True,
shrinkage/shrinkage_00034.jpg,shrinkage_00034.jpg,shrinkage,none,512,512,3,RGB,JPEG,70747,dcb046143a4b46d3b9a5fc1d6333bece,True,
shrinkage/shrinkage_00035.jpg,shrinkage_00035.jpg,shrinkage,none,512,512,3,RGB,JPEG,57212,668678df6eece1c0f6b87ccf29180e6e,True,
shrinkage/shrinkage_00036.jpg,shrinkage_00036.jpg,shrinkage,none,512,512,3,RGB,JPEG,157593,16ffaf95b2bc652dc0645a6d455aa509,True,
shrinkage/shrinkage_00037.jpg,shrinkage_00037.jpg,shrinkage,none,512,512,3,RGB,JPEG,83919,2fc6c8578d5ac9f2d3406f3b659f8cac,True,
shrinkage/shrinkage_00038.jpg,shrinkage_00038.jpg,shrinkage,none,512,512,3,RGB,JPEG,59200,1b1f77e5a63fd829db5db715d5b1ae4e,True,
shrinkage/shrinkage_00039.jpg,shrinkage_00039.jpg,shrinkage,none,512,512,3,RGB,JPEG,294698,ab10bb4b8ea4359801e63d6cf2ea5c6b,True,
shrinkage/shrinkage_00040.jpg,shrinkage_00040.jpg,shrinkage,none,512,512,3,RGB,JPEG,94952,4ccb276edca38a97b55b5a626e28ca72,True,
shrinkage/shrinkage_00041.jpg,shrinkage_00041.jpg,shrinkage,none,512,512,3,RGB,JPEG,56353,5fe5e6356e7818013b6294746a936c5e,True,
shrinkage/shrinkage_00042.jpg,shrinkage_00042.jpg,shrinkage,none,512,512,3,RGB,JPEG,263740,99f073cc78b552cab439efcb484a464d,True,
shrinkage/shrinkage_00043.jpg,shrinkage_00043.jpg,shrinkage,none,512,512,3,RGB,JPEG,53694,d15232d7351b12042dd1ad7bb0323e03,True,
shrinkage/shrinkage_00044.jpg,shrinkage_00044.jpg,shrinkage,none,512,512,3,RGB,JPEG,141241,49bd7f86c2e3adc4ebefd6ced46aea8d,True,
shrinkage/shrinkage_00045.jpg,shrinkage_00045.jpg,shrinkage,none,512,512,3,RGB,JPEG,51769,fd1de55813057f2a9320707fbd898ad1,True,
shrinkage/shrinkage_00046.jpg,shrinkage_00046.jpg,shrinkage,none,512,512,3,RGB,JPEG,54399,c3fbeee545b28f51697306a0dde922b5,True,
shrinkage/shrinkage_00047.jpg,shrinkage_00047.jpg,shrinkage,none,512,512,3,RGB,JPEG,87189,aaa0e605b5873ae320114ce42465eccd,True,
shrinkage/shrinkage_00048.jpg,shrinkage_00048.jpg,shrinkage,none,512,512,3,RGB,JPEG,79302,88834586531f99dd7b43bf6b1f4c453c,True,
shrinkage/shrinkage_00049.jpg,shrinkage_00049.jpg,shrinkage,none,512,512,3,RGB,JPEG,138700,16d6a513ef50cbb50dbb1d888a477b01,True,
shrinkage/shrinkage_00050.jpg,shrinkage_00050.jpg,shrinkage,none,512,512,3,RGB,JPEG,54649,c152f6710aca8afb93609208599145dd,True,
shrinkage/shrinkage_00051.jpg,shrinkage_00051.jpg,shrinkage,none,512,512,3,RGB,JPEG,317116,d4c0f8aa53671ef3d99fe6ac400efed6,True,
shrinkage/shrinkage_00052.jpg,shrinkage_00052.jpg,shrinkage,none,512,512,3,RGB,JPEG,266458,20a474d98f9cbcbd831a4b4dde7ccb1e,True,
shrinkage/shrinkage_00053.jpg,shrinkage_00053.jpg,shrinkage,none,512,512,3,RGB,JPEG,48792,57883bdfd6962ec1a979f97ce4a06108,True,
shrinkage/shrinkage_00054.jpg,shrinkage_00054.jpg,shrinkage,none,512,512,3,RGB,JPEG,189653,21520d5a2ce4350cf4f205cba2910eb7,True,
shrinkage/shrinkage_00055.jpg,shrinkage_00055.jpg,shrinkage,none,512,512,3,RGB,JPEG,49552,52c63924407cd8df48e3277495ed3af7,True,
shrinkage/shrinkage_00056.jpg,shrinkage_00056.jpg,shrinkage,none,512,512,3,RGB,JPEG,326526,b666fad55fbb6d24b2bd6ea61859127c,True,
shrinkage/shrinkage_00057.jpg,shrinkage_00057.jpg,shrinkage,none,512,512,3,RGB,JPEG,49630,29d53b205734918f5607310f1e0dc7d4,True,
shrinkage/shrinkage_00058.jpg,shrinkage_00058.jpg,shrinkage,none,512,512,3,RGB,JPEG,57461,4ba193c4833b2cc14b20b56d2024293f,True,
shrinkage/shrinkage_00059.jpg,shrinkage_00059.jpg,shrinkage,none,512,512,3,RGB,JPEG,87146,3640d3ed6bb3dcf54f89cc00fce785cb,True,
shrinkage/shrinkage_00060.jpg,shrinkage_00060.jpg,shrinkage,none,512,512,3,RGB,JPEG,49142,45210ad4fb5f2a9c47ac688dfd18a49f,True,
shrinkage/shrinkage_00061.jpg,shrinkage_00061.jpg,shrinkage,none,512,512,3,RGB,JPEG,52775,2f3ec1bb6353a4e462155586e185187d,True,
shrinkage/shrinkage_00062.jpg,shrinkage_00062.jpg,shrinkage,none,512,512,3,RGB,JPEG,49281,a8a1e45564039b411c61033daa9e3bae,True,
shrinkage/shrinkage_00063.jpg,shrinkage_00063.jpg,shrinkage,none,512,512,3,RGB,JPEG,63662,547ff62c76b81ff14642e665f592fd7f,True,
shrinkage/shrinkage_00064.jpg,shrinkage_00064.jpg,shrinkage,none,512,512,3,RGB,JPEG,48635,10f29bc7bfba0a5322f8a284616fda76,True,
shrinkage/shrinkage_00065.jpg,shrinkage_00065.jpg,shrinkage,none,512,512,3,RGB,JPEG,61633,699527b20c78161462f406fda455ae94,True,
shrinkage/shrinkage_00066.jpg,shrinkage_00066.jpg,shrinkage,none,512,512,3,RGB,JPEG,57579,faa5e3b3148e5b53b3b29c72624e87fc,True,
shrinkage/shrinkage_00067.jpg,shrinkage_00067.jpg,shrinkage,none,512,512,3,RGB,JPEG,252713,bcc85f08967684bb8770c4c9f2d9a05a,True,
shrinkage/shrinkage_00068.jpg,shrinkage_00068.jpg,shrinkage,none,512,512,3,RGB,JPEG,87484,fd468e3531c0eb8e540892d696f48f48,True,
shrinkage/shrinkage_00069.jpg,shrinkage_00069.jpg,shrinkage,none,512,512,3,RGB,JPEG,47281,42905254b7f2660913da4ac1e6ef1823,True,
shrinkage/shrinkage_00070.jpg,shrinkage_00070.jpg,shrinkage,none,512,512,3,RGB,JPEG,98433,023cabde4ad3e61f125ef361b58c73a9,True,
shrinkage/shrinkage_00071.jpg,shrinkage_00071.jpg,shrinkage,none,512,512,3,RGB,JPEG,48987,3830c83c5b4c4374eb66833fa20af84f,True,
shrinkage/shrinkage_00072.jpg,shrinkage_00072.jpg,shrinkage,none,512,512,3,RGB,JPEG,64304,19ef7b6bb8e8fc51d5a1581b82a761f1,True,
shrinkage/shrinkage_00073.jpg,shrinkage_00073.jpg,shrinkage,none,512,512,3,RGB,JPEG,48670,cd22d78a30f0214759b9eb77935799f5,True,
shrinkage/shrinkage_00074.jpg,shrinkage_00074.jpg,shrinkage,none,512,512,3,RGB,JPEG,92227,50df934ca843a536adcb946dc56bac27,True,
shrinkage/shrinkage_00075.jpg,shrinkage_00075.jpg,shrinkage,none,512,512,3,RGB,JPEG,62445,7fe071bcf9aad09dd1c1c9fda9d996a0,True,
shrinkage/shrinkage_00076.jpg,shrinkage_00076.jpg,shrinkage,none,512,512,3,RGB,JPEG,89240,ffafe9afc7ed7f56645bc3561736d4eb,True,
shrinkage/shrinkage_00077.jpg,shrinkage_00077.jpg,shrinkage,none,512,512,3,RGB,JPEG,53912,6b199a0d1c2a7fbfd4c3a555f5cdd235,True,
shrinkage/shrinkage_00078.jpg,shrinkage_00078.jpg,shrinkage,none,512,512,3,RGB,JPEG,86882,4bc577ac75b35c4bf3304ece1fc3ba34,True,
shrinkage/shrinkage_00079.jpg,shrinkage_00079.jpg,shrinkage,none,512,512,3,RGB,JPEG,59704,19e1b9bcb9cd6c71bec22d7c8a1d96d9,True,
shrinkage/shrinkage_00080.jpg,shrinkage_00080.jpg,shrinkage,none,512,512,3,RGB,JPEG,59194,f5aea760f712529ac4f40005b45c2e42,True,
shrinkage/shrinkage_00081.jpg,shrinkage_00081.jpg,shrinkage,none,512,512,3,RGB,JPEG,59297,747e047dc312bdddbf1397590fec8761,True,
shrinkage/shrinkage_00082.jpg,shrinkage_00082.jpg,shrinkage,none,512,512,3,RGB,JPEG,63293,6b14fbc7826cbeefc70650e257eb974d,True,
shrinkage/shrinkage_00083.jpg,shrinkage_00083.jpg,shrinkage,none,512,512,3,RGB,JPEG,138192,2713b699700535ab25a646248318c25b,True,
shrinkage/shrinkage_00084.jpg,shrinkage_00084.jpg,shrinkage,none,512,512,3,RGB,JPEG,281316,98c763164e47e76a5d425de3ca224baa,True,
shrinkage/shrinkage_00085.jpg,shrinkage_00085.jpg,shrinkage,none,512,512,3,RGB,JPEG,52103,6f8c2ac9c27c84d496462605c6a16954,True,
shrinkage/shrinkage_00086.jpg,shrinkage_00086.jpg,shrinkage,none,512,512,3,RGB,JPEG,38019,74c3ba8601696c36a5da46b120e599f7,True,
shrinkage/shrinkage_00087.jpg,shrinkage_00087.jpg,shrinkage,none,512,512,3,RGB,JPEG,47757,a3c5ac09b36dec89822a18b088da2f54,True,
shrinkage/shrinkage_00088.jpg,shrinkage_00088.jpg,shrinkage,none,512,512,3,RGB,JPEG,39413,c4434d579147f581fc28f7edc9dcc81d,True,
shrinkage/shrinkage_00089.jpg,shrinkage_00089.jpg,shrinkage,none,512,512,3,RGB,JPEG,51662,201ec53c853655df4b26c8becde60eef,True,
shrinkage/shrinkage_00090.jpg,shrinkage_00090.jpg,shrinkage,none,512,512,3,RGB,JPEG,69530,9f01962c3b43499667531da187104b51,True,
shrinkage/shrinkage_00091.jpg,shrinkage_00091.jpg,shrinkage,none,512,512,3,RGB,JPEG,52172,bf9938f38fc08024bdf7d17b605727f4,True,
shrinkage/shrinkage_00092.jpg,shrinkage_00092.jpg,shrinkage,none,512,512,3,RGB,JPEG,61951,9656a023d9c662acb795908ec1e5f42f,True,
shrinkage/shrinkage_00093.jpg,shrinkage_00093.jpg,shrinkage,none,512,512,3,RGB,JPEG,47053,0313ab77bf4af7a9dddb04cb63b65821,True,
shrinkage/shrinkage_00094.jpg,shrinkage_00094.jpg,shrinkage,none,512,512,3,RGB,JPEG,252413,c8a62cf55cdfc0b8057a9001bf995e3f,True,
shrinkage/shrinkage_00095.jpg,shrinkage_00095.jpg,shrinkage,none,512,512,3,RGB,JPEG,48810,9bf58f9891a1ad414c3351e2df809bb6,True,
shrinkage/shrinkage_00096.jpg,shrinkage_00096.jpg,shrinkage,none,512,512,3,RGB,JPEG,38136,0523fbf8af691966e1148c0753a2164a,True,
shrinkage/shrinkage_00097.jpg,shrinkage_00097.jpg,shrinkage,none,512,512,3,RGB,JPEG,36687,410393b5b02ba071481038c55265bf75,True,
shrinkage/shrinkage_00098.jpg,shrinkage_00098.jpg,shrinkage,none,512,512,3,RGB,JPEG,322396,481fe1db5c5b24641fe41a4275cee3cc,True,
shrinkage/shrinkage_00099.jpg,shrinkage_00099.jpg,shrinkage,none,512,512,3,RGB,JPEG,73411,c606bfa83a1bb6e8ea114ed81e54d202,True,
surface_roughness/surface_roughness_00000.jpg,surface_roughness_00000.jpg,surface_roughness,none,512,512,3,RGB,JPEG,226065,5aec79d75497919674ac6e93a9c230e1,True,
surface_roughness/surface_roughness_00001.jpg,surface_roughness_00001.jpg,surface_roughness,none,512,512,3,RGB,JPEG,184487,e8b22235c55387a6fefc6ab3c5b5a2da,True,
surface_roughness/surface_roughness_00002.jpg,surface_roughness_00002.jpg,surface_roughness,none,512,512,3,RGB,JPEG,238241,0b6eb5bd96f7d2befe395600232299af,True,
surface_roughness/surface_roughness_00003.jpg,surface_roughness_00003.jpg,surface_roughness,none,512,512,3,RGB,JPEG,190397,94bcacf362fb5754970a0fb7d835e19e,True,
surface_roughness/surface_roughness_00004.jpg,surface_roughness_00004.jpg,surface_roughness,none,512,512,3,RGB,JPEG,244526,2edab69a57da781bad49e9a3d845a62f,True,
surface_roughness/surface_roughness_00005.jpg,surface_roughness_00005.jpg,surface_roughness,none,512,512,3,RGB,JPEG,152439,933194dc8640d4451a8cd85aba879fb1,True,
surface_roughness/surface_roughness_00006.jpg,surface_roughness_00006.jpg,surface_roughness,none,512,512,3,RGB,JPEG,226444,6dcbd19db366fb4bd6bc04788a28ec31,True,
surface_roughness/surface_roughness_00007.jpg,surface_roughness_00007.jpg,surface_roughness,none,512,512,3,RGB,JPEG,346911,decd597375818c31b0969dc0597b8a9d,True,
surface_roughness/surface_roughness_00008.jpg,surface_roughness_00008.jpg,surface_roughness,none,512,512,3,RGB,JPEG,234351,36643502d1e725c4ba8a2bae793f7a00,True,
surface_roughness/surface_roughness_00009.jpg,surface_roughness_00009.jpg,surface_roughness,none,512,512,3,RGB,JPEG,194974,b613ef77deb9104a9a84e008482b2d5a,True,
surface_roughness/surface_roughness_00010.jpg,surface_roughness_00010.jpg,surface_roughness,none,512,512,3,RGB,JPEG,219687,63a02bef7495301bbe0922e0da217f6b,True,
surface_roughness/surface_roughness_00011.jpg,surface_roughness_00011.jpg,surface_roughness,none,512,512,3,RGB,JPEG,195044,40e8116f249b70983cb08bcb5ff3ce95,True,
surface_roughness/surface_roughness_00012.jpg,surface_roughness_00012.jpg,surface_roughness,none,512,512,3,RGB,JPEG,216703,5d47929a0901d226a7dca93976db11dc,True,
surface_roughness/surface_roughness_00013.jpg,surface_roughness_00013.jpg,surface_roughness,none,512,512,3,RGB,JPEG,237047,01eb3b7de98c5f2999f853db8d4d45d1,True,
surface_roughness/surface_roughness_00014.jpg,surface_roughness_00014.jpg,surface_roughness,none,512,512,3,RGB,JPEG,188603,ea5a810a0bb750e6de5fd2aa80f79fe1,True,
surface_roughness/surface_roughness_00015.jpg,surface_roughness_00015.jpg,surface_roughness,none,512,512,3,RGB,JPEG,319366,274550c2b632503a00639fe702089600,True,
surface_roughness/surface_roughness_00016.jpg,surface_roughness_00016.jpg,surface_roughness,none,512,512,3,RGB,JPEG,227881,0a43907f714f4da543776129cab7e5e7,True,
surface_roughness/surface_roughness_00017.jpg,surface_roughness_00017.jpg,surface_roughness,none,512,512,3,RGB,JPEG,221787,65da20a06342ddb25d9627ebf25525e3,True,
surface_roughness/surface_roughness_00018.jpg,surface_roughness_00018.jpg,surface_roughness,none,512,512,3,RGB,JPEG,195868,9e5733daf2a0576bc67226ece674f4ff,True,
surface_roughness/surface_roughness_00019.jpg,surface_roughness_00019.jpg,surface_roughness,none,512,512,3,RGB,JPEG,317664,275bf97098f798effa9a88301f54eabd,True,
surface_roughness/surface_roughness_00020.jpg,surface_roughness_00020.jpg,surface_roughness,none,512,512,3,RGB,JPEG,222088,9e1216462f2402f9dd919d8214dc0b20,True,
surface_roughness/surface_roughness_00021.jpg,surface_roughness_00021.jpg,surface_roughness,none,512,512,3,RGB,JPEG,173472,675f9753a1bc3f83e0fd30ca7806c2cf,True,
surface_roughness/surface_roughness_00022.jpg,surface_roughness_00022.jpg,surface_roughness,none,512,512,3,RGB,JPEG,188580,373b32a001383e1b0789e8b064333c7c,True,
surface_roughness/surface_roughness_00023.jpg,surface_roughness_00023.jpg,surface_roughness,none,512,512,3,RGB,JPEG,158854,168cd59f337eb3aa0b193d39d2367711,True,
surface_roughness/surface_roughness_00024.jpg,surface_roughness_00024.jpg,surface_roughness,none,512,512,3,RGB,JPEG,183073,ada049c0a3782468eaf6687d07001c16,True,
surface_roughness/surface_roughness_00025.jpg,surface_roughness_00025.jpg,surface_roughness,none,512,512,3,RGB,JPEG,177779,52c67b0961782203a980821b148b63bd,True,
surface_roughness/surface_roughness_00026.jpg,surface_roughness_00026.jpg,surface_roughness,none,512,512,3,RGB,JPEG,248765,9875232f716222301b8c95c7e5010586,True,
surface_roughness/surface_roughness_00027.jpg,surface_roughness_00027.jpg,surface_roughness,none,512,512,3,RGB,JPEG,218394,d73e6145b74501947348078761ff6766,True,
surface_roughness/surface_roughness_00028.jpg,surface_roughness_00028.jpg,surface_roughness,none,512,512,3,RGB,JPEG,230585,9f43bc6abe127ba6177aab5b5ead269c,True,
surface_roughness/surface_roughness_00029.jpg,surface_roughness_00029.jpg,surface_roughness,none,512,512,3,RGB,JPEG,234130,7755c99c775992b6c30faa986af2411e,True,
surface_roughness/surface_roughness_00030.jpg,surface_roughness_00030.jpg,surface_roughness,none,512,512,3,RGB,JPEG,150114,8fa36dc0a5f25b08ee466a2ba87e8081,True,
surface_roughness/surface_roughness_00031.jpg,surface_roughness_00031.jpg,surface_roughness,none,512,512,3,RGB,JPEG,233581,4b5808b16aa2c3dd515de92268c55a65,True,
surface_roughness/surface_roughness_00032.jpg,surface_roughness_00032.jpg,surface_roughness,none,512,512,3,RGB,JPEG,212348,42957913250d86b61b8f0ee18976911d,True,
surface_roughness/surface_roughness_00033.jpg,surface_roughness_00033.jpg,surface_roughness,none,512,512,3,RGB,JPEG,182435,5fa89257d3f6d8a7a7b23e299d94973b,True,
surface_roughness/surface_roughness_00034.jpg,surface_roughness_00034.jpg,surface_roughness,none,512,512,3,RGB,JPEG,203313,3e12825bc9e1e1d71b8e622afba3e446,True,
surface_roughness/surface_roughness_00035.jpg,surface_roughness_00035.jpg,surface_roughness,none,512,512,3,RGB,JPEG,340777,a8e77f2a5a2ac291af4ecdee1e4adbe1,True,
surface_roughness/surface_roughness_00036.jpg,surface_roughness_00036.jpg,surface_roughness,none,512,512,3,RGB,JPEG,236887,d63a32840ec14bbe0b77c42e84867680,True,
surface_roughness/surface_roughness_00037.jpg,surface_roughness_00037.jpg,surface_roughness,none,512,512,3,RGB,JPEG,291022,9950790cea8d91909a1db0340b10b155,True,
surface_roughness/surface_roughness_00038.jpg,surface_roughness_00038.jpg,surface_roughness,none,512,512,3,RGB,JPEG,168720,72848e7576bcac8bccb1959a61de3b14,True,
surface_roughness/surface_roughness_00039.jpg,surface_roughness_00039.jpg,surface_roughness,none,512,512,3,RGB,JPEG,239851,46ecccfad7b38de62973320c40fea018,True,
surface_roughness/surface_roughness_00040.jpg,surface_roughness_00040.jpg,surface_roughness,none,512,512,3,RGB,JPEG,207225,ab20983ec0f4347982ae20680f9e01d1,True,
surface_roughness/surface_roughness_00041.jpg,surface_roughness_00041.jpg,surface_roughness,none,512,512,3,RGB,JPEG,187293,e97157a2e4cd888d9bd934fb747ffaa9,True,
surface_roughness/surface_roughness_00042.jpg,surface_roughness_00042.jpg,surface_roughness,none,512,512,3,RGB,JPEG,190937,95fde5515cb9c2b94d1231b91db92f89,True,
surface_roughness/surface_roughness_00043.jpg,surface_roughness_00043.jpg,surface_roughness,none,512,512,3,RGB,JPEG,235207,56597cbd50edcf45d069c3a9f8472840,True,
surface_roughness/surface_roughness_00044.jpg,surface_roughness_00044.jpg,surface_roughness,none,512,512,3,RGB,JPEG,182219,d3b271626730a5ef9a404842308f92d0,True,
surface_roughness/surface_roughness_00045.jpg,surface_roughness_00045.jpg,surface_roughness,none,512,512,3,RGB,JPEG,153504,ab4869c99d19dbb54590c93037473744,True,
surface_roughness/surface_roughness_00046.jpg,surface_roughness_00046.jpg,surface_roughness,none,512,512,3,RGB,JPEG,208443,2418c977a8eeca4d4b437f2b5897d988,True,
surface_roughness/surface_roughness_00047.jpg,surface_roughness_00047.jpg,surface_roughness,none,512,512,3,RGB,JPEG,230128,daef39008fc446f1d4b48bb482686678,True,
surface_roughness/surface_roughness_00048.jpg,surface_roughness_00048.jpg,surface_roughness,none,512,512,3,RGB,JPEG,216693,0e8132e30f39ba4ea14c178206dce598,True,
surface_roughness/surface_roughness_00049.jpg,surface_roughness_00049.jpg,surface_roughness,none,512,512,3,RGB,JPEG,299840,92baa5041688356a9886c39a71893def,True,
surface_roughness/surface_roughness_00050.jpg,surface_roughness_00050.jpg,surface_roughness,none,512,512,3,RGB,JPEG,163863,2e311fb041ca9a7c36a3518de57deab1,True,
surface_roughness/surface_roughness_00051.jpg,surface_roughness_00051.jpg,surface_roughness,none,512,512,3,RGB,JPEG,182998,fda7a03ed80f132a44393e3e12f4c186,True,
surface_roughness/surface_roughness_00052.jpg,surface_roughness_00052.jpg,surface_roughness,none,512,512,3,RGB,JPEG,199466,22898e47bf10b6a61163239270208453,True,
surface_roughness/surface_roughness_00053.jpg,surface_roughness_00053.jpg,surface_roughness,none,512,512,3,RGB,JPEG,239858,a3243723d63e164f045437d083203bf4,True,
surface_roughness/surface_roughness_00054.jpg,surface_roughness_00054.jpg,surface_roughness,none,512,512,3,RGB,JPEG,213540,0041400b182e3eeffb4768d3649a1790,True,
surface_roughness/surface_roughness_00055.jpg,surface_roughness_00055.jpg,surface_roughness,none,512,512,3,RGB,JPEG,240307,7e25025be6dd2ae6d8d44571399a91dd,True,
surface_roughness/surface_roughness_00056.jpg,surface_roughness_00056.jpg,surface_roughness,none,512,512,3,RGB,JPEG,214909,0249ed87c3d440b81301f653dee60e18,True,
surface_roughness/surface_roughness_00057.jpg,surface_roughness_00057.jpg,surface_roughness,none,512,512,3,RGB,JPEG,214447,2a48b8b29d061e2f6d35d79f3a3b3d5e,True,
surface_roughness/surface_roughness_00058.jpg,surface_roughness_00058.jpg,surface_roughness,none,512,512,3,RGB,JPEG,239623,f9d2e797840a661b0f90e044d55dd9dc,True,
surface_roughness/surface_roughness_00059.jpg,surface_roughness_00059.jpg,surface_roughness,none,512,512,3,RGB,JPEG,142325,264abdbad12350992d38e3aded5ca85e,True,
surface_roughness/surface_roughness_00060.jpg,surface_roughness_00060.jpg,surface_roughness,none,512,512,3,RGB,JPEG,287053,31aa085f4b0208cc8d730e8a2e41c902,True,
surface_roughness/surface_roughness_00061.jpg,surface_roughness_00061.jpg,surface_roughness,none,512,512,3,RGB,JPEG,248188,f3d5ba3d7465fd70e892a70f364dd284,True,
surface_roughness/surface_roughness_00062.jpg,surface_roughness_00062.jpg,surface_roughness,none,512,512,3,RGB,JPEG,158778,db755f4a5fbd9233af4a10f118d2b254,True,
surface_roughness/surface_roughness_00063.jpg,surface_roughness_00063.jpg,surface_roughness,none,512,512,3,RGB,JPEG,251449,bb820faa233781ccced7f015b38d31b9,True,
surface_roughness/surface_roughness_00064.jpg,surface_roughness_00064.jpg,surface_roughness,none,512,512,3,RGB,JPEG,173053,3edaacb7bafd0c1b2a3b9eb3030b6e6c,True,
surface_roughness/surface_roughness_00065.jpg,surface_roughness_00065.jpg,surface_roughness,none,512,512,3,RGB,JPEG,169928,35fb10329c8540e929aed06ccabc5bbf,True,
surface_roughness/surface_roughness_00066.jpg,surface_roughness_00066.jpg,surface_roughness,none,512,512,3,RGB,JPEG,341923,ad4b8404e8bb2036ae3d2556ad5037cd,True,
surface_roughness/surface_roughness_00067.jpg,surface_roughness_00067.jpg,surface_roughness,none,512,512,3,RGB,JPEG,200619,ba893c45c5cdc27371c2d13752364d37,True,
surface_roughness/surface_roughness_00068.jpg,surface_roughness_00068.jpg,surface_roughness,none,512,512,3,RGB,JPEG,299641,439bc159aeca358daab439aa0d5b6747,True,
surface_roughness/surface_roughness_00069.jpg,surface_roughness_00069.jpg,surface_roughness,none,512,512,3,RGB,JPEG,228248,19c558b887fdb1bbc16da437772d67ab,True,
surface_roughness/surface_roughness_00070.jpg,surface_roughness_00070.jpg,surface_roughness,none,512,512,3,RGB,JPEG,225542,91567f987f9a2e82180ea2bbda80eea3,True,
surface_roughness/surface_roughness_00071.jpg,surface_roughness_00071.jpg,surface_roughness,none,512,512,3,RGB,JPEG,174664,72e99fe09a25cf8aa6ad7cdb3b0b9c76,True,
surface_roughness/surface_roughness_00072.jpg,surface_roughness_00072.jpg,surface_roughness,none,512,512,3,RGB,JPEG,181365,52fcce8e1b65d223fe5c1255c73a10bd,True,
surface_roughness/surface_roughness_00073.jpg,surface_roughness_00073.jpg,surface_roughness,none,512,512,3,RGB,JPEG,215224,34ad02c7a9f77cdc02f204215305b51e,True,
surface_roughness/surface_roughness_00074.jpg,surface_roughness_00074.jpg,surface_roughness,none,512,512,3,RGB,JPEG,291045,f1c071287c5a8906cb304e4e51d3c5df,True,
surface_roughness/surface_roughness_00075.jpg,surface_roughness_00075.jpg,surface_roughness,none,512,512,3,RGB,JPEG,185503,664184a7c34d759bf5dc45a0ae91668d,True,
surface_roughness/surface_roughness_00076.jpg,surface_roughness_00076.jpg,surface_roughness,none,512,512,3,RGB,JPEG,313813,53444889a3814ac002bbd05c447fe6e9,True,
surface_roughness/surface_roughness_00077.jpg,surface_roughness_00077.jpg,surface_roughness,none,512,512,3,RGB,JPEG,221629,e1180c339def194ecc4b04a12b9bb8c7,True,
surface_roughness/surface_roughness_00078.jpg,surface_roughness_00078.jpg,surface_roughness,none,512,512,3,RGB,JPEG,220738,f87bf6008b468a16bb97c431c8b42d6d,True,
surface_roughness/surface_roughness_00079.jpg,surface_roughness_00079.jpg,surface_roughness,none,512,512,3,RGB,JPEG,182958,eac1b49dc0d868cd09cbf89e43e63d73,True,
surface_roughness/surface_roughness_00080.jpg,surface_roughness_00080.jpg,surface_roughness,none,512,512,3,RGB,JPEG,212256,5f6621c43ae7d4a63171c3904f94dc62,True,
surface_roughness/surface_roughness_00081.jpg,surface_roughness_00081.jpg,surface_roughness,none,512,512,3,RGB,JPEG,306953,d99ffd522e5aee8b36663f24e0409aa4,True,
surface_roughness/surface_roughness_00082.jpg,surface_roughness_00082.jpg,surface_roughness,none,512,512,3,RGB,JPEG,317516,5d80e362a88451827b2fd8113b38f305,True,
surface_roughness/surface_roughness_00083.jpg,surface_roughness_00083.jpg,surface_roughness,none,512,512,3,RGB,JPEG,286983,46a6b4110bdb1874f542a8dba7aba98c,True,
surface_roughness/surface_roughness_00084.jpg,surface_roughness_00084.jpg,surface_roughness,none,512,512,3,RGB,JPEG,201374,076af1bb88a116c28972c089d3b975db,True,
surface_roughness/surface_roughness_00085.jpg,surface_roughness_00085.jpg,surface_roughness,none,512,512,3,RGB,JPEG,160484,77fc783869bee77aa7d0e50c27bc9cf1,True,
surface_roughness/surface_roughness_00086.jpg,surface_roughness_00086.jpg,surface_roughness,none,512,512,3,RGB,JPEG,303868,2ecf5973ab5e43da6f713aa87f7123db,True,
surface_roughness/surface_roughness_00087.jpg,surface_roughness_00087.jpg,surface_roughness,none,512,512,3,RGB,JPEG,335627,ea4c65d96d2d26918d4863b1729d50b0,True,
surface_roughness/surface_roughness_00088.jpg,surface_roughness_00088.jpg,surface_roughness,none,512,512,3,RGB,JPEG,301041,51330216881d7807ecf3ab6c40f0e6d2,True,
surface_roughness/surface_roughness_00089.jpg,surface_roughness_00089.jpg,surface_roughness,none,512,512,3,RGB,JPEG,236515,8b95cee1ba5fc296a49216aa2631a8a1,True,
surface_roughness/surface_roughness_00090.jpg,surface_roughness_00090.jpg,surface_roughness,none,512,512,3,RGB,JPEG,218134,6a35df537da49676eb2d7eb0a888b616,True,
surface_roughness/surface_roughness_00091.jpg,surface_roughness_00091.jpg,surface_roughness,none,512,512,3,RGB,JPEG,175292,9835b9da49ceb879267d3ba832067c98,True,
surface_roughness/surface_roughness_00092.jpg,surface_roughness_00092.jpg,surface_roughness,none,512,512,3,RGB,JPEG,227134,cc3bfb3f86fa430f17d948707d69b219,True,
surface_roughness/surface_roughness_00093.jpg,surface_roughness_00093.jpg,surface_roughness,none,512,512,3,RGB,JPEG,218628,f4c0c982476c08ff6981a68f84dc5212,True,
surface_roughness/surface_roughness_00094.jpg,surface_roughness_00094.jpg,surface_roughness,none,512,512,3,RGB,JPEG,217328,76e9f668d4efcfa8b84f7e43d094dca1,True,
surface_roughness/surface_roughness_00095.jpg,surface_roughness_00095.jpg,surface_roughness,none,512,512,3,RGB,JPEG,193631,8e96082d8faccd36d797904427e622f8,True,
surface_roughness/surface_roughness_00096.jpg,surface_roughness_00096.jpg,surface_roughness,none,512,512,3,RGB,JPEG,235444,b77364d1ca4bd55da7ba554cd2648f2a,True,
surface_roughness/surface_roughness_00097.jpg,surface_roughness_00097.jpg,surface_roughness,none,512,512,3,RGB,JPEG,300004,f17769f6dc782caffb059ad7f4aeeb59,True,
surface_roughness/surface_roughness_00098.jpg,surface_roughness_00098.jpg,surface_roughness,none,512,512,3,RGB,JPEG,148108,64416f4aed71a6b19b810008fc615450,True,
surface_roughness/surface_roughness_00099.jpg,surface_roughness_00099.jpg,surface_roughness,none,512,512,3,RGB,JPEG,199614,f5bddf08724cdcbd6ea195c8bcc1a428,True,
