relpath,prompt_id,ground_truth,base_prediction,base_defect_type,base_confidence,base_response,finetuned_prediction,finetuned_defect_type,finetuned_confidence,finetuned_response,base_correct,finetuned_correct,quadrant
cold_shut/cold_shut_00004.jpg,prompt_1,Defective,Defective,Unknown,85.0,"Classification: Defective
Reason: A wavy, dashed line is superimposed on the casting, suggesting a non-physical defect or artifact, not a real feature of the part. The casting appears to have internal voids or porosity visible through the center, which is a common casting defect.
Confidence: 85%",Defective,Unknown,95.0,"Classification: Defective
Reason: Defect type: cold_shut
Confidence: 95%",True,True,both_correct
cold_shut/cold_shut_00004.jpg,prompt_2,Defective,OK,,100.0,"Defect present: No
Defect type: Unknown
Evidence: The image shows a metallic casting with concentric rings and a central bore, appearing structurally sound with no visible cracks, porosity, inclusions, or surface irregularities that would indicate a defect. The dashed line may be an annotation or overlay, not a defect itself.
Confidence: 100%",Defective,cold_shut,,"Classification: Defective
Defect type: cold_shut
Evidence: A cold shut is visible as a wavy line across the surface.",False,True,fixed_by_finetuning
cold_shut/cold_shut_00004.jpg,prompt_3,Defective,OK,,,"Prediction: OK
Evidence: The image shows a metallic casting with concentric circular features, likely a bearing or similar mechanical component. There are no visible cracks, porosity, inclusions, or surface defects that would indicate a manufacturing defect. The surface appears smooth and uniform, and the dashed line overlay does not indicate a defect but rather a visual guide or measurement line. No evidence of dimensional deviation or material flaw is present.
Confidence: High",Defective,cold_shut,,"Classification: Defective
Defect type: cold_shut",False,True,fixed_by_finetuning
cold_shut/cold_shut_00009.jpg,prompt_1,Defective,Defective,Unknown,90.0,"Classification: Defective
Reason: A wavy, dashed line is superimposed across the casting, indicating a defect such as porosity, inclusions, or surface irregularity that deviates from the expected uniformity.
Confidence: 90%",Defective,cold_shut,,"Classification: Defective
Defect type: cold_shut",True,True,both_correct
cold_shut/cold_shut_00009.jpg,prompt_2,Defective,Defective,Unknown,30.0,"Defect present: Yes
Defect type: Unknown
Evidence: The image shows a circular casting with a central bore and concentric rings. A wavy dashed line traverses the image, possibly indicating a measurement or inspection path, but no clear, identifiable defect such as porosity, inclusions, cracks, or surface irregularities is visible. The internal dark region may suggest a casting void or shadow, but without reference to standards or known defect patterns, it cannot be confidently classified. The image quality and lack of context prevent definitive defect identification.
Confidence: 30%",Defective,cold_shut,,"Classification: Defective
Defect type: cold_shut
Evidence: A cold shut is visible as a wavy line across the surface.",True,True,both_correct
cold_shut/cold_shut_00009.jpg,prompt_3,Defective,Defective,Unknown,,"Prediction: Defective
Evidence: The image shows a casting with a central bore and concentric rings. A dashed line traces a wavy path across the inner region, which appears to be a defect — possibly a void, porosity, or inclusion — that disrupts the uniformity of the casting. The wavy line suggests an irregularity or discontinuity in the material, which is not acceptable in a quality inspection context.
Confidence: High",Defective,cold_shut,,"Classification: Defective
Defect type: cold_shut",True,True,both_correct
cold_shut/cold_shut_00017.jpg,prompt_1,Defective,Defective,Unknown,85.0,"Classification: Defective
Reason: Presence of two black rectangular areas indicating possible voids, inclusions, or incomplete filling in the casting, which are non-conforming to quality standards.
Confidence: 85%",Defective,Unknown,90.0,"Classification: Defective
Reason: Defect type: cold_shut
Confidence: 90%",True,True,both_correct
cold_shut/cold_shut_00017.jpg,prompt_2,Defective,Defective,Inclusion,85.0,"Defect present: Yes
Defect type: Inclusion
Evidence: The image shows a dark, irregularly shaped void or inclusion within the circular casting, particularly visible in the central region between the concentric rings. This void appears to be a non-metallic or metallic inclusion, which is a common casting defect. The presence of two black squares obscuring parts of the image does not mask the inclusion; the defect is still discernible in the surrounding area.
Confidence: 85%",Defective,cold_shut,,"Classification: Defective
Defect type: cold_shut
Evidence: Defect type: cold_shut, Defect location: [1, 2, 3, 4, 5, 6, 7, 8, 9, 10, 11, 12, 13, 14, 15, 16, 17, 18, 19, 20, 21, 22, 23, 24, 25, 26, 27, 2",True,True,both_correct
cold_shut/cold_shut_00017.jpg,prompt_3,Defective,Defective,Unknown,,"Prediction: Defective
Evidence: The image shows a casting with two distinct black rectangular areas that appear to be missing or voided material within the circular structure. These voids are inconsistent with the expected solid, uniform casting and suggest a manufacturing defect such as porosity, incomplete filling, or a crack. Additionally, the wavy line across the bottom may indicate a surface irregularity or a measurement artifact, but the primary defect is the presence of the black voids.
Confidence: High",Defective,cold_shut,,"Classification: Defective
Defect type: cold_shut",True,True,both_correct
cold_shut/cold_shut_00027.jpg,prompt_1,Defective,Defective,Unknown,85.0,"Classification: Defective
Reason: A wavy, irregular line (possibly a casting defect or surface imperfection) is visible across the top of the casting, indicating non-uniformity or potential porosity.
Confidence: 85%",Defective,Unknown,95.0,"Classification: Defective
Reason: Defect type: cold_shut
Confidence: 95%",True,True,both_correct
cold_shut/cold_shut_00027.jpg,prompt_2,Defective,OK,,100.0,"Defect present: No
Defect type: Unknown
Evidence: The image shows a metallic casting with a concentric circular structure, likely a bearing or similar component. There are no visible cracks, porosity, inclusions, or surface irregularities that would indicate a defect. The dashed line across the image appears to be an overlay or annotation, not a defect. The surface appears uniform and smooth, with no signs of manufacturing flaws.
Confidence: 100%",Defective,cold_shut,,"Classification: Defective
Defect type: cold_shut
Evidence: A cold shut is visible as a wavy line across the surface.",False,True,fixed_by_finetuning
cold_shut/cold_shut_00027.jpg,prompt_3,Defective,OK,,,"Prediction: OK
Evidence: The image shows a casting with a concentric circular feature (likely a bore or internal cavity) and a smooth, uniform surface. There are no visible cracks, porosity, inclusions, or dimensional deviations that would indicate a defect. The dashed line across the image appears to be a graphical overlay for annotation or measurement, not a defect itself. The surface texture and geometry appear consistent with a well-manufactured part.
Confidence: High",Defective,cold_shut,,"Classification: Defective
Defect type: cold_shut",False,True,fixed_by_finetuning
cold_shut/cold_shut_00029.jpg,prompt_1,Defective,Defective,Unknown,90.0,"Classification: Defective
Reason: The casting exhibits a visible, irregularly shaped dark line or crack running across the surface, indicating a structural flaw.
Confidence: 90%",Defective,Unknown,95.0,"Classification: Defective
Reason: Defect type: cold_shut
Confidence: 95%",True,True,both_correct
cold_shut/cold_shut_00029.jpg,prompt_2,Defective,OK,,90.0,"Defect present: No
Defect type: Unknown
Evidence: The image shows a circular, concentric structure with a smooth, uniform surface and no visible cracks, porosity, inclusions, or surface irregularities that would indicate a defect. The casting appears intact and well-formed, though the image quality is grainy and the perspective is angled, which may obscure finer details. Without reference to a specific defect database or known standards, no defect can be confidently identified.
Confidence: 90%",Defective,cold_shut,,"Classification: Defective
Defect type: cold_shut",False,True,fixed_by_finetuning
cold_shut/cold_shut_00029.jpg,prompt_3,Defective,OK,,,"Prediction: OK
Evidence: The image shows a casting with concentric circular features and a central hole, consistent with a machined or cast component. There are no visible cracks, porosity, inclusions, or surface defects that would indicate a manufacturing defect. The surface appears uniform and the geometry is intact. The image quality, while grainy, does not obscure critical features.
Confidence: High",Defective,cold_shut,,"Classification: Defective
Defect type: cold_shut",False,True,fixed_by_finetuning
cold_shut/cold_shut_00034.jpg,prompt_1,Defective,Defective,Unknown,85.0,"Classification: Defective
Reason: The casting exhibits a prominent, irregularly shaped dark area across its central region, suggesting a void, inclusion, or porosity that compromises structural integrity.
Confidence: 85%",Defective,Unknown,95.0,"Classification: Defective
Reason: Defect type: cold_shut
Confidence: 95%",True,True,both_correct
cold_shut/cold_shut_00034.jpg,prompt_2,Defective,OK,,95.0,"Defect present: No
Defect type: Unknown
Evidence: The image shows a circular industrial casting (likely a bearing or disc) with a smooth, uniform surface and no visible cracks, porosity, inclusions, or surface irregularities. The concentric rings and central hole appear machined or cast with consistent geometry. While the image is in black and white and has a stylized overlay (wavy line and black rectangle), these are likely graphical elements for presentation or annotation, not actual defects. No defect labels are available in the dataset to confirm or reject any specific type.
Confidence: 95%",Defective,cold_shut,,"Classification: Defective
Defect type: cold_shut
Evidence: A cold shut is visible as a wavy line running across the surface of the casting.",False,True,fixed_by_finetuning
cold_shut/cold_shut_00034.jpg,prompt_3,Defective,OK,,,"Prediction: OK
Evidence: The casting shows no visible cracks, porosity, or surface defects. The concentric rings and central bore are well-defined, and the surface appears smooth and uniform. The black dashed line across the image is likely a graphical overlay for annotation and does not indicate a physical defect. No evidence of material flaws or dimensional inconsistencies is present.
Confidence: High",Defective,cold_shut,,"Classification: Defective
Defect type: cold_shut",False,True,fixed_by_finetuning
cold_shut/cold_shut_00039.jpg,prompt_1,Defective,Defective,Unknown,85.0,"Classification: Defective
Reason: A wavy, irregular line (likely a casting defect such as porosity or inclusions) is visible across the inner ring, indicating non-uniformity or material flaw.
Confidence: 85%",Defective,Unknown,95.0,"Classification: Defective
Reason: Defect type: cold_shut
Confidence: 95%",True,True,both_correct
cold_shut/cold_shut_00039.jpg,prompt_2,Defective,Defective,Surface cracking,75.0,"Defect present: Yes
Defect type: Surface cracking
Evidence: A wavy, discontinuous line (dashed black outline) traverses the outer ring and inner bore, suggesting a crack or fracture along the metal surface, particularly visible in the transition zone between the outer ring and the inner bore. The line appears to follow a path of stress concentration or material separation.
Confidence: 75%",Defective,cold_shut,,"Classification: Defective
Defect type: cold_shut
Evidence: Defect is a cold_shut with a defect type of cold_shut, and a defect length of 0.325 m.",True,True,both_correct
cold_shut/cold_shut_00039.jpg,prompt_3,Defective,Defective,Unknown,,"Prediction: Defective
Evidence: The image shows a casting with a distinct, irregular wavy line (indicated by the dashed line) traversing the inner surface, which appears to be a defect such as porosity, inclusions, or surface cracking. This feature is not consistent with a properly manufactured, uniform casting surface and deviates from expected smoothness. The presence of this anomaly suggests a manufacturing defect.
Confidence: High",Defective,cold_shut,,"Classification: Defective
Defect type: cold_shut",True,True,both_correct
cold_shut/cold_shut_00045.jpg,prompt_1,Defective,Defective,Unknown,85.0,"Classification: Defective
Reason: A wavy, irregular line (likely a casting defect such as porosity or inclusions) is visible across the casting, indicating non-uniformity or material flaw.
Confidence: 85%",Defective,Unknown,95.0,"Classification: Defective
Reason: Defect type: cold_shut
Confidence: 95%",True,True,both_correct
cold_shut/cold_shut_00045.jpg,prompt_2,Defective,OK,,100.0,"Defect present: No
Defect type: Unknown
Evidence: The image shows a circular metallic component with a central bore and concentric rings, likely a bearing or shaft component. There are no visible cracks, porosity, inclusions, surface pitting, or dimensional irregularities that would indicate a defect. The black wavy line appears to be an overlay or annotation, not a physical defect. The surface appears smooth and uniform.
Confidence: 100%",Defective,cold_shut,,"Classification: Defective
Defect type: cold_shut
Evidence: A cold shut is present, indicated by the wavy line across the surface.",False,True,fixed_by_finetuning
cold_shut/cold_shut_00045.jpg,prompt_3,Defective,OK,,,"Prediction: OK
Evidence: The image shows a circular metallic casting with a central bore and concentric rings. There are no visible cracks, porosity, inclusions, or surface defects that would indicate a manufacturing defect. The surface appears smooth and uniform, and the black dashed line across the image is likely a graphical overlay for annotation or measurement, not a defect. No evidence of material failure or dimensional deviation is present.
Confidence: High",Defective,cold_shut,,"Classification: Defective
Defect type: cold_shut",False,True,fixed_by_finetuning
cold_shut/cold_shut_00051.jpg,prompt_1,Defective,Defective,Unknown,85.0,"Classification: Defective
Reason: The black wavy line overlay suggests a defect or surface irregularity, possibly indicating porosity, inclusions, or surface cracking within the casting.
Confidence: 85%",Defective,Unknown,95.0,"Classification: Defective
Reason: Defect type: cold_shut
Confidence: 95%",True,True,both_correct
cold_shut/cold_shut_00051.jpg,prompt_2,Defective,OK,,100.0,"Defect present: No
Defect type: Unknown
Evidence: The image shows a metallic casting with a central hub and internal vanes, likely a pump impeller or similar component. There are no visible cracks, porosity, inclusions, or surface irregularities that would indicate a defect. The black wavy line overlaid on the image appears to be an annotation or artifact, not a defect. The casting surface appears uniform and well-finished.
Confidence: 100%",Defective,cold_shut,,"Classification: Defective
Defect type: cold_shut
Evidence: A cold shut is visible as a wavy line across the surface.",False,True,fixed_by_finetuning
cold_shut/cold_shut_00051.jpg,prompt_3,Defective,Defective,Unknown,,"Prediction: Defective
Evidence: The black wavy line superimposed on the image appears to be an artificial annotation, not a real feature of the casting. It is drawn across the outer rim and inner cavity, suggesting a defect or irregularity that is not physically present in the casting itself. Since the casting appears to be a clean, machined component with no visible cracks, porosity, or surface defects, the presence of this artificial line indicates the image is being used to simulate or highlight a defect that does not exist in reality. Therefore, based on the visual evidence, the casting is not defective — but the image is misleading",Defective,cold_shut,,"Classification: Defective
Defect type: cold_shut",True,True,both_correct
cold_shut/cold_shut_00053.jpg,prompt_1,Defective,Defective,Unknown,85.0,"Classification: Defective
Reason: The image shows a wavy, irregular line across the top of the casting, which suggests a surface defect such as porosity, inclusions, or casting shrinkage — not a normal feature.
Confidence: 85%",Defective,Unknown,95.0,"Classification: Defective
Reason: Defect type: cold_shut
Confidence: 95%",True,True,both_correct
cold_shut/cold_shut_00053.jpg,prompt_2,Defective,OK,,90.0,"Defect present: No
Defect type: Unknown
Evidence: The image shows a grayscale, abstract pattern with concentric rings and a wavy line across the top. There are no clear visual indicators of typical casting defects such as porosity, shrinkage, inclusions, cracks, or surface irregularities. The image appears to be a stylized or noisy representation rather than a high-resolution industrial casting image with discernible defects.
Confidence: 90%",Defective,cold_shut,,"Classification: Defective
Defect type: cold_shut",False,True,fixed_by_finetuning
cold_shut/cold_shut_00053.jpg,prompt_3,Defective,Defective,Unknown,,"Prediction: Defective
Evidence: The image exhibits significant visual noise and pixelation, which obscures clear inspection of the casting’s surface and internal features. The concentric circular patterns appear distorted and indistinct, making it impossible to verify if the casting meets dimensional or surface quality specifications. The wavy line across the top is also unclear and may be an artifact rather than a meaningful feature. These artifacts prevent reliable visual quality assessment.
Confidence: High",Defective,cold_shut,,"Classification: Defective
Defect type: cold_shut",True,True,both_correct
cold_shut/cold_shut_00058.jpg,prompt_1,Defective,Defective,Unknown,85.0,"Classification: Defective
Reason: The image shows a casting with a visible, irregularly shaped dark inclusion or void near the center, which suggests a porosity or internal defect. The black line across the casting also appears to be a crack or separation.
Confidence: 85%",Defective,Unknown,95.0,"Classification: Defective
Reason: Defect type: cold_shut
Confidence: 95%",True,True,both_correct
cold_shut/cold_shut_00058.jpg,prompt_2,Defective,OK,,70.0,"Defect present: No
Defect type: Unknown
Evidence: The image shows a circular, concentric structure with a black inner ring and a white outer ring, possibly a casting or mold. There are no visible cracks, porosity, inclusions, or surface irregularities that would indicate a defect. The image is grainy and low-resolution, which limits the ability to discern finer details, but no clear defect is apparent.
Confidence: 70%",Defective,cold_shut,,"Classification: Defective
Defect type: cold_shut
Evidence: A cold shut is visible as a wavy line running along the surface of the part.",False,True,fixed_by_finetuning
cold_shut/cold_shut_00058.jpg,prompt_3,Defective,Defective,Unknown,,"Prediction: Defective
Evidence: The image shows a casting with a visible, irregularly shaped dark line or defect running across the inner surface, which appears to be a crack or void. The concentric circular patterns suggest a casting process, but the presence of this discontinuity indicates a manufacturing flaw.
Confidence: High",Defective,cold_shut,,"Classification: Defective
Defect type: cold_shut",True,True,both_correct
cold_shut/cold_shut_00063.jpg,prompt_1,Defective,Defective,Unknown,85.0,"Classification: Defective
Reason: The inner ring shows visible internal voids or porosity, and the dashed line indicates a discontinuity or irregularity in the casting wall thickness, suggesting a manufacturing defect.
Confidence: 85%",Defective,Unknown,90.0,"Classification: Defective
Reason: Defect type: cold_shut
Confidence: 90%",True,True,both_correct
cold_shut/cold_shut_00063.jpg,prompt_2,Defective,Defective,Inclusion,85.0,"Defect present: Yes
Defect type: Inclusion
Evidence: The black, irregularly shaped material within the casting’s interior, particularly visible in the central region, appears to be a foreign inclusion or void, inconsistent with the surrounding metallic matrix. The dashed line highlights its boundary, suggesting it is a non-metallic or non-homogeneous inclusion.
Confidence: 85%",Defective,cold_shut,,"Classification: Defective
Defect type: cold_shut
Evidence: A cold shut is visible as a wavy line running through the center of the part.",True,True,both_correct
cold_shut/cold_shut_00063.jpg,prompt_3,Defective,Defective,Unknown,,"Prediction: Defective
Evidence: The image shows a casting with a visible, irregularly shaped void or internal defect in the center, surrounded by a dark, possibly porous or incomplete material. The dashed line traces this defect, indicating it is not a normal feature of the casting. The presence of such a void or internal flaw suggests a manufacturing defect.
Confidence: High",Defective,cold_shut,,"Classification: Defective
Defect type: cold_shut",True,True,both_correct
cold_shut/cold_shut_00065.jpg,prompt_1,Defective,Defective,Unknown,85.0,"Classification: Defective
Reason: The dashed line highlights a visible, irregular wave-like pattern on the inner surface, indicating surface imperfections or casting defects such as porosity, inclusions, or lack of proper surface finish.
Confidence: 85%",Defective,Unknown,95.0,"Classification: Defective
Reason: Defect type: cold_shut
Confidence: 95%",True,True,both_correct
cold_shut/cold_shut_00065.jpg,prompt_2,Defective,OK,,95.0,"Defect present: No
Defect type: Unknown
Evidence: The image shows a metallic casting with a central hub and concentric rings. The surface appears generally smooth with no obvious cracks, porosity, inclusions, or surface irregularities that would indicate a defect. The dashed line may be a visual annotation for segmentation or measurement, not a defect. No labeling or context suggests a specific defect type.
Confidence: 95%",Defective,cold_shut,,"Classification: Defective
Defect type: cold_shut
Evidence: Defect is a cold_shut with a defect type of cold_shut, and it is located at the center of the image.",False,True,fixed_by_finetuning
cold_shut/cold_shut_00065.jpg,prompt_3,Defective,OK,,,"Prediction: OK
Evidence: The image shows a casting with a smooth, uniform surface and no visible cracks, porosity, or dimensional defects. The internal structure appears consistent with a properly manufactured component, and the dashed line highlights a feature that is not indicative of a defect (e.g., it may be a measurement or inspection guide line). No visual evidence of defects is present.
Confidence: High",Defective,cold_shut,,"Classification: Defective
Defect type: cold_shut",False,True,fixed_by_finetuning
cold_shut/cold_shut_00066.jpg,prompt_1,Defective,Defective,Unknown,85.0,"Classification: Defective
Reason: Presence of black rectangular blocks obscuring critical areas and a wavy line suggesting surface irregularities or defects.
Confidence: 85%",Defective,Unknown,95.0,"Classification: Defective
Reason: Defect type: cold_shut
Confidence: 95%",True,True,both_correct
cold_shut/cold_shut_00066.jpg,prompt_2,Defective,Defective,Unknown,,"Defect present: Yes
Defect type: Unknown
Evidence: The image shows a casting with two black rectangular blocks obscuring parts of the view and a wavy black line that appears to be a hand-drawn annotation, not a physical defect. The surface has a granular texture and some irregularities, but without clear evidence of a specific defect type (e.g., porosity, inclusions, cracks, or dimensional deviations), the nature of the defect cannot be determined from the available visual information. The annotations suggest the image may be used for qualitative inspection, but no labeled defect type is present in the dataset.
Confidence:",Defective,cold_shut,,"Classification: Defective
Defect type: cold_shut
Evidence: A cold shut is visible as a wavy black line across the surface.",True,True,both_correct
cold_shut/cold_shut_00066.jpg,prompt_3,Defective,Defective,Unknown,,"Prediction: Defective
Evidence: The image shows a casting with two large black rectangular blocks obscuring critical areas, and a wavy black line drawn across the central region. These are not part of the casting’s structure and suggest that the image is either edited or that the inspection area is intentionally masked — which is not acceptable for a visual quality inspection. Additionally, the presence of what appears to be a wavy line (possibly indicating a defect or measurement) and the obscured regions imply that the inspection cannot be performed reliably. The casting’s surface also appears to have speckles or noise, which may indicate surface defects or poor image quality",Defective,cold_shut,,"Classification: Defective
Defect type: cold_shut",True,True,both_correct
cold_shut/cold_shut_00069.jpg,prompt_1,Defective,Defective,Unknown,85.0,"Classification: Defective
Reason: The black dotted line indicates a visible, irregular, and non-uniform surface feature or defect along the casting’s outer rim, suggesting possible porosity, inclusions, or machining imperfection.
Confidence: 85%",Defective,Unknown,95.0,"Classification: Defective
Reason: Defect type: cold_shut
Confidence: 95%",True,True,both_correct
cold_shut/cold_shut_00069.jpg,prompt_2,Defective,OK,,90.0,"Defect present: No
Defect type: Unknown
Evidence: The image shows a metallic casting with a central hub and radial blades, likely a pump impeller or turbine component. The surface appears generally smooth with minor texture variations typical of casting processes. No obvious cracks, porosity, inclusions, or surface irregularities are visible. The dashed line may be a schematic overlay and does not indicate a defect. Without reference to a specific defect database or known standards, no defect can be confidently identified.
Confidence: 90%",Defective,cold_shut,,"Classification: Defective
Defect type: cold_shut
Evidence: A cold shut is visible as a wavy, dotted line across the surface.",False,True,fixed_by_finetuning
cold_shut/cold_shut_00069.jpg,prompt_3,Defective,OK,,,"Prediction: OK
Evidence: The casting shows no visible cracks, porosity, or surface defects. The internal structure appears uniform, and the outer surface is smooth with no signs of machining or casting defects. The dashed line is likely a visual annotation for inspection purposes and does not indicate a defect. All features are consistent with a properly manufactured casting.
Confidence: High",Defective,cold_shut,,"Classification: Defective
Defect type: cold_shut",False,True,fixed_by_finetuning
cold_shut/cold_shut_00072.jpg,prompt_1,Defective,Defective,Unknown,95.0,"Classification: Defective
Reason: A prominent black rectangular void or inclusion is visible in the casting, indicating a missing material or internal defect.
Confidence: 95%",Defective,Unknown,95.0,"Classification: Defective
Reason: Defect type: cold_shut
Confidence: 95%",True,True,both_correct
cold_shut/cold_shut_00072.jpg,prompt_2,Defective,OK,,90.0,"Defect present: No
Defect type: Unknown
Evidence: The image shows a metallic casting with a central impeller-like structure, likely from a pump or turbine. There are no obvious surface cracks, porosity, inclusions, or dimensional inconsistencies visible. The casting appears structurally sound and uniformly machined, though the black rectangular overlay and wavy line may be graphical annotations rather than actual defects. Without reference to a specific defect database or known standards, no defect can be confidently identified.
Confidence: 90%",Defective,cold_shut,,"Classification: Defective
Defect type: cold_shut
Evidence: A cold shut is visible as a wavy line across the surface.",False,True,fixed_by_finetuning
cold_shut/cold_shut_00072.jpg,prompt_3,Defective,Defective,Unknown,,"Prediction: Defective
Evidence: The image shows a casting with a prominent black rectangular void or inclusion located in the center of the internal cavity, which is not consistent with a properly manufactured part. Additionally, the wavy black line across the image appears to be an artifact or overlay, not part of the casting, suggesting the image may be corrupted or misaligned. The presence of a large, irregular void indicates a manufacturing defect such as porosity or incomplete filling.
Confidence: High",Defective,cold_shut,,"Classification: Defective
Defect type: cold_shut",True,True,both_correct
cold_shut/cold_shut_00075.jpg,prompt_1,Defective,Defective,Unknown,85.0,"Classification: Defective
Reason: A wavy, irregular line (likely a casting defect such as porosity or inclusions) is visible across the casting’s outer surface, indicating non-uniformity or material flaw.
Confidence: 85%",Defective,Unknown,95.0,"Classification: Defective
Reason: Defect type: cold_shut
Confidence: 95%",True,True,both_correct
cold_shut/cold_shut_00075.jpg,prompt_2,Defective,OK,,100.0,"Defect present: No
Defect type: Unknown
Evidence: The image shows a metallic casting with a smooth, concentric structure and no visible cracks, porosity, inclusions, or surface irregularities that would indicate a defect. The dashed line appears to be an annotation or overlay, not a defect. The internal geometry is consistent with a well-fabricated component.
Confidence: 100%",Defective,cold_shut,,"Classification: Defective
Defect type: cold_shut
Evidence: A cold shut is present, indicated by the wavy dotted line.",False,True,fixed_by_finetuning
cold_shut/cold_shut_00075.jpg,prompt_3,Defective,Defective,Unknown,,"Prediction: Defective
Evidence: The black dashed line indicates a visible discontinuity or irregularity in the casting’s outer surface — specifically, a wavy or uneven edge that deviates from the expected smooth, uniform contour. This suggests a manufacturing defect such as incomplete filling, porosity, or surface imperfection.
Confidence: High",Defective,cold_shut,,"Classification: Defective
Defect type: cold_shut",True,True,both_correct
cold_shut/cold_shut_00078.jpg,prompt_1,Defective,Defective,Unknown,85.0,"Classification: Defective
Reason: A wavy, irregular black line (likely a casting defect or surface imperfection) is visible across the casting, indicating potential porosity, inclusions, or surface cracking.
Confidence: 85%",Defective,Unknown,95.0,"Classification: Defective
Reason: Defect type: cold_shut
Confidence: 95%",True,True,both_correct
cold_shut/cold_shut_00078.jpg,prompt_2,Defective,OK,,95.0,"Defect present: No
Defect type: Unknown
Evidence: The image shows a metallic casting with a central hub and surrounding ring, likely a pump impeller or similar component. The surface appears generally smooth with no visible cracks, porosity, inclusions, or surface irregularities that would indicate a defect. The dashed line may be an annotation for measurement or reference, not a defect. No labeling or context suggests a specific defect type is present.
Confidence: 95%",Defective,cold_shut,,"Classification: Defective
Defect type: cold_shut
Evidence: A cold shut is visible as a wavy line across the surface.",False,True,fixed_by_finetuning
cold_shut/cold_shut_00078.jpg,prompt_3,Defective,OK,,,"Prediction: OK
Evidence: The image shows a metallic casting with a clean, symmetrical circular profile and no visible cracks, porosity, or surface defects. The internal structure appears uniform, and the dashed line across the image does not indicate a defect; it is likely a graphical overlay for annotation or measurement purposes. No visual evidence of manufacturing flaws is present.
Confidence: High",Defective,cold_shut,,"Classification: Defective
Defect type: cold_shut
Defect location: [0.0, 0.45, 1.0, 0.55]",False,True,fixed_by_finetuning
cold_shut/cold_shut_00082.jpg,prompt_1,Defective,Defective,Unknown,85.0,"Classification: Defective
Reason: The black wavy line overlay suggests a defect or imperfection (possibly a crack, porosity, or surface irregularity) running across the casting’s surface, which is not acceptable in a quality casting.
Confidence: 85%",Defective,Unknown,95.0,"Classification: Defective
Reason: Defect type: cold_shut
Confidence: 95%",True,True,both_correct
cold_shut/cold_shut_00082.jpg,prompt_2,Defective,OK,,100.0,"Defect present: No
Defect type: Unknown
Evidence: The image shows a circular industrial casting (likely a sink drain or similar component) with a smooth, concentric structure and no visible cracks, porosity, inclusions, or surface irregularities that would indicate a defect. The black wavy line appears to be an annotation or overlay, not a physical defect. No labeling or defect markers are present in the image to support a specific defect type.
Confidence: 100%",Defective,cold_shut,,"Classification: Defective
Defect type: cold_shut
Evidence: A cold shut is visible as a wavy dotted line across the surface.",False,True,fixed_by_finetuning
cold_shut/cold_shut_00082.jpg,prompt_3,Defective,OK,,,"Prediction: OK
Evidence: The image shows a circular metallic casting with a concentric design, likely a sink drain or similar component. There are no visible cracks, porosity, inclusions, or surface defects that would indicate a manufacturing defect. The dashed line appears to be a graphical overlay for annotation or measurement, not a defect itself. The surface appears uniform and consistent with a well-manufactured part.
Confidence: High",Defective,cold_shut,,"Classification: Defective
Defect type: cold_shut",False,True,fixed_by_finetuning
crack/crack_00018.jpg,prompt_1,Defective,Defective,Unknown,85.0,"Classification: Defective
Reason: The image shows a dark, irregularly shaped void or inclusion within the casting, particularly visible between the inner and outer rings, which suggests a porosity or internal defect.
Confidence: 85%",Defective,Unknown,90.0,"Classification: Defective
Reason: crack
Confidence: 90%",True,True,both_correct
crack/crack_00018.jpg,prompt_2,Defective,OK,,90.0,"Defect present: No
Defect type: Unknown
Evidence: The image shows a circular, concentric structure consistent with a cast component (possibly a bearing or shaft housing), with smooth, uniform surfaces and no visible cracks, porosity, inclusions, or surface irregularities that would indicate a defect. The radial striations may be from the casting process or machining, but do not constitute a defect. Without reference to a specific defect database or known standards, no defect type can be confidently assigned.
Confidence: 90%",Defective,crack,,"Classification: Defective
Defect type: crack
Evidence: Two cracks are visible on the surface of the part.",False,True,fixed_by_finetuning
crack/crack_00018.jpg,prompt_3,Defective,OK,,,"Prediction: OK
Evidence: The image shows a circular casting with concentric rings and a central hole, consistent with a typical manufactured part. There are no visible cracks, porosity, inclusions, or surface defects that would indicate a defect. The edges and surfaces appear smooth and uniform, and the black lines in the image appear to be annotations or markers, not defects. No visual evidence supports a classification as defective.
Confidence: High",Defective,crack,,"Classification: Defective
Defect type: crack",False,True,fixed_by_finetuning
crack/crack_00019.jpg,prompt_1,Defective,Defective,Unknown,90.0,"Classification: Defective
Reason: Black rectangular areas indicate missing or obscured material, suggesting a casting defect such as incomplete filling or porosity.
Confidence: 90%",Defective,Unknown,90.0,"Classification: Defective
Reason: Defect type: crack
Confidence: 90%",True,True,both_correct
crack/crack_00019.jpg,prompt_2,Defective,Defective,Unknown,50.0,"Defect present: Yes
Defect type: Unknown
Evidence: The image shows a circular metallic component with two black rectangular blocks obscuring parts of the surface, which may indicate masking or damage, but no clear, identifiable defect such as cracks, porosity, inclusions, or surface roughness is visible. The central area appears to have a dark, possibly lubricated or coated region, but without context or reference standards, the nature of the obstruction or condition cannot be classified as a specific defect.
Confidence: 50%",Defective,crack,,"Classification: Defective
Defect type: crack
Evidence: A crack is visible at the top of the image.",True,True,both_correct
crack/crack_00019.jpg,prompt_3,Defective,Defective,Unknown,,"Prediction: Defective
Evidence: The image shows a casting with two black rectangular blocks obscuring parts of the surface, which suggests masking or damage. Additionally, there is a black line at the top of the image that appears to be an artifact or defect. These features are not consistent with a clean, intact casting and indicate visual anomalies that would be flagged during quality inspection.
Confidence: High",Defective,crack,,"Classification: Defective
Defect type: crack",True,True,both_correct
crack/crack_00028.jpg,prompt_1,Defective,Defective,Unknown,85.0,"Classification: Defective
Reason: A distinct dark, irregularly shaped flaw is visible in the center of the casting, suggesting porosity or internal voids, which compromises structural integrity.
Confidence: 85%",Defective,Unknown,90.0,"Classification: Defective
Reason: Defect type: crack
Confidence: 90%",True,True,both_correct
crack/crack_00028.jpg,prompt_2,Defective,OK,,95.0,"Defect present: No
Defect type: Unknown
Evidence: The image shows a metallic casting with a central bore and concentric rings, appearing structurally sound with no visible cracks, porosity, inclusions, or surface irregularities that would indicate a defect. The surface finish is uniform, and the geometry is consistent with a well-manufactured component. However, without reference to a specific defect database or known standards, no definitive defect classification can be assigned.
Confidence: 95%",Defective,crack,,"Classification: Defective
Defect present: Yes
Defect type: crack
Evidence: A crack is visible on the left side of the image.",False,True,fixed_by_finetuning
crack/crack_00028.jpg,prompt_3,Defective,Defective,Unknown,,"Prediction: Defective
Evidence: A distinct, sharp, linear mark (indicated by the black line) is visible on the outer metallic surface of the casting, which appears to be a scratch or flaw. This is not a normal feature or acceptable variation in a finished casting.
Confidence: High",Defective,crack,,"Classification: Defective
Defect type: crack",True,True,both_correct
crack/crack_00044.jpg,prompt_1,Defective,OK,,95.0,"Classification: OK
Reason: The casting shows no visible cracks, porosity, or dimensional defects; the concentric rings and central bore appear properly formed and aligned.
Confidence: 95%",Defective,Unknown,90.0,"Classification: Defective
Reason: Defect type: crack
Confidence: 90%",False,True,fixed_by_finetuning
crack/crack_00044.jpg,prompt_2,Defective,OK,,95.0,"Defect present: No
Defect type: Unknown
Evidence: The image shows a circular metallic component with a central bore and a smooth, uniform surface. There are no visible cracks, pits, inclusions, or surface irregularities that would indicate a defect. The edges and concentric rings appear consistent with a well-finished casting. However, without reference to a specific defect database or known standards, no definitive defect classification can be made.
Confidence: 95%",Defective,crack,90.0,"Classification: Defective
Defect type: crack
Evidence: The image shows a crack extending from the left side to the right side of the object.
Confidence: 90%",False,True,fixed_by_finetuning
crack/crack_00044.jpg,prompt_3,Defective,OK,,,"Prediction: OK
Evidence: The image shows a circular metallic casting with a central bore and a smooth, uniform surface. There are no visible cracks, porosity, inclusions, or surface defects that would indicate a manufacturing defect. The edges are clean, and the concentric rings appear properly formed. The lighting and shadows are consistent with a standard inspection setup, and no anomalies are present.
Confidence: High",Defective,crack,,"Classification: Defective
Defect type: crack
Defect location: [0, 740, 999, 940]",False,True,fixed_by_finetuning
crack/crack_00045.jpg,prompt_1,Defective,Defective,Unknown,85.0,"Classification: Defective
Reason: Visible internal voids or porosity in the central region, indicating incomplete filling or gas inclusion during casting.
Confidence: 85%",Defective,Unknown,90.0,"Classification: Defective
Reason: crack
Confidence: 90%",True,True,both_correct
crack/crack_00045.jpg,prompt_2,Defective,OK,,90.0,"Defect present: No
Defect type: Unknown
Evidence: The image shows a circular metallic component with a central bore and a dark, possibly machined or coated inner ring. There are no visible cracks, porosity, inclusions, surface pitting, or other typical casting defects. The outer surface appears smooth and uniform, and the inner ring shows no signs of warping or separation. However, without additional context or reference to a known defect database, it is not possible to definitively classify any anomaly as a specific defect type.
Confidence: 90%",Defective,crack,90.0,"Classification: Defective
Defect present: Yes
Defect type: crack
Evidence: The image shows a crack extending from the center to the edge of the part. The crack is visible as a thin, dark line that runs diagonally across the surface.
Confidence: 90%",False,True,fixed_by_finetuning
crack/crack_00045.jpg,prompt_3,Defective,OK,,,"Prediction: OK
Evidence: The image shows a circular metallic casting with a central bore and a visible inner ring. There are no visible cracks, porosity, inclusions, or surface defects that would indicate a manufacturing defect. The outer surface appears smooth and uniform, and the inner ring is properly formed with no signs of warping or incomplete casting. The annotations (Y) appear to be pointing to areas that are structurally sound and consistent with the expected geometry of a casting.
Confidence: High",Defective,crack,,"Classification: Defective
Defect type: crack
Defect location: [1, 0, 1, 1]",False,True,fixed_by_finetuning
crack/crack_00050.jpg,prompt_1,Defective,Defective,Unknown,85.0,"Classification: Defective
Reason: A distinct, irregularly shaped mark or flaw is visible near the top edge of the casting (indicated by 'Y'), suggesting a casting defect such as porosity, inclusions, or surface cracking.
Confidence: 85%",Defective,Unknown,95.0,"Classification: Defective
Reason: Defect type: crack, crack length: 1.05cm
Confidence: 95%",True,True,both_correct
crack/crack_00050.jpg,prompt_2,Defective,OK,,95.0,"Defect present: No
Defect type: Unknown
Evidence: The image shows a circular metallic component with a central bore and a dark, possibly lubricated or coated, inner ring. There are no visible cracks, porosity, inclusions, surface pitting, or dimensional inconsistencies that would indicate a defect. The marked “Y” appears to be a label or annotation, not a defect. The surface appears uniform and machined, consistent with a well-processed casting.
Confidence: 95%",Defective,crack,90.0,"Classification: Defective
Defect present: Yes
Defect type: crack
Evidence: A crack is visible at the top left of the image.
Confidence: 90%",False,True,fixed_by_finetuning
crack/crack_00050.jpg,prompt_3,Defective,OK,,,"Prediction: OK
Evidence: The casting shows no visible cracks, porosity, or surface defects. The concentric rings and central bore are well-defined, and the surface appears uniform and smooth. The marked area (labeled 'Y') does not show any irregularities or damage. All features are consistent with a properly manufactured casting.
Confidence: High",Defective,crack,,"Classification: Defective
Defect type: crack
Defect location: [100, 0, 200, 220]",False,True,fixed_by_finetuning
crack/crack_00062.jpg,prompt_1,Defective,Defective,Unknown,85.0,"Classification: Defective
Reason: Visible surface porosity and roughness, along with internal voids or inclusions in the central region, indicate casting defects.
Confidence: 85%",Defective,Unknown,90.0,"Classification: Defective
Reason: Defect type: crack
Confidence: 90%",True,True,both_correct
crack/crack_00062.jpg,prompt_2,Defective,OK,,90.0,"Defect present: No
Defect type: Unknown
Evidence: The image shows a metallic industrial casting, likely a pump impeller or similar component, with a smooth, concentric structure and no visible cracks, porosity, inclusions, or surface irregularities that would indicate a defect. The casting appears uniform and well-finished, though the black-and-white nature and lack of magnification prevent definitive assessment of microstructural or surface-level flaws.
Confidence: 90%",Defective,crack,95.0,"Classification: Defective
Defect type: crack
Evidence: The image shows multiple cracks extending from the center of the part outward. The cracks are long, thin, and appear to be oriented in different directions.
Confidence: 95%",False,True,fixed_by_finetuning
crack/crack_00062.jpg,prompt_3,Defective,OK,,,"Prediction: OK
Evidence: The casting shows no visible cracks, porosity, or surface defects. The concentric rings and internal structure appear uniform and properly formed, with no signs of warping, flash, or incomplete filling. The surface texture is consistent with a machined or cast metal part, and there are no obvious imperfections or irregularities that would indicate a manufacturing defect.
Confidence: High",Defective,crack,,"Classification: Defective
Defect type: crack
Defect location: [0.0, 0.48, 0.2, 0.65]",False,True,fixed_by_finetuning
crack/crack_00063.jpg,prompt_1,Defective,Defective,Unknown,85.0,"Classification: Defective
Reason: Presence of internal voids or porosity indicated by the dark, irregularly shaped voids within the casting, particularly near the center and along the inner wall, suggesting incomplete filling or gas entrapment during casting.
Confidence: 85%",Defective,Unknown,95.0,"Classification: Defective
Reason: Presence of cracks
Confidence: 95%",True,True,both_correct
crack/crack_00063.jpg,prompt_2,Defective,Defective,Inclusion,85.0,"Defect present: Yes
Defect type: Inclusion
Evidence: The image shows a dark, irregularly shaped region within the casting’s interior, consistent with a metallic inclusion or foreign material trapped during the casting process. The inclusion is located near the center of the circular cross-section and appears distinct from the surrounding metal, suggesting it was not part of the intended casting structure.
Confidence: 85%",Defective,crack,90.0,"Classification: Defective
Defect type: crack
Evidence: Two black lines are visible in the image, which are cracks.
Confidence: 90%",True,True,both_correct
crack/crack_00063.jpg,prompt_3,Defective,Defective,Unknown,,"Prediction: Defective
Evidence: The image shows a casting with a visible internal defect — a dark, irregularly shaped void or inclusion located within the central region of the casting, which is not consistent with a properly solidified casting. The defect appears to be a void or porosity, which is a common casting defect. The black arrow points to this area, indicating it is the focus of concern. The surrounding material appears to be solid, but the presence of this internal void suggests a failure in the casting process.
Confidence: High",Defective,crack,,"Classification: Defective
Defect type: crack
Defect location: [158, 178, 320, 240]",True,True,both_correct
crack/crack_00066.jpg,prompt_1,Defective,Defective,Unknown,85.0,"Classification: Defective
Reason: Black markings or debris are present inside the casting, indicating contamination or improper cleaning post-casting.
Confidence: 85%",Defective,Unknown,90.0,"Classification: Defective
Reason: crack
Confidence: 90%",True,True,both_correct
crack/crack_00066.jpg,prompt_2,Defective,Defective,Unknown,60.0,"Defect present: Yes
Defect type: Unknown
Evidence: The image shows a circular industrial casting with a central bore and a dark, possibly lubricated or coated inner surface. Superimposed black lines appear to be annotations or markings, not actual defects. However, the inner surface exhibits irregularities and a non-uniform texture, which may indicate casting defects such as porosity, inclusions, or surface roughness. Without reference to a specific defect database or known standards, the exact nature of the irregularity cannot be confidently classified. The annotations may be misleading or unrelated to actual defects.
Confidence: 60%",Defective,crack,95.0,"Classification: Defective
Defect type: crack
Evidence: The image shows a crack extending from the center to the edge of the part. The crack is clearly visible and appears to be a significant defect.
Confidence: 95%",True,True,both_correct
crack/crack_00066.jpg,prompt_3,Defective,Defective,Unknown,,"Prediction: Defective
Evidence: The image shows a casting with a central cylindrical bore and a surrounding ring. Superimposed on the image are black lines that appear to be hand-drawn annotations, likely indicating a defect or area of concern. These lines point to irregularities or potential flaws in the casting’s surface or internal structure, which are not part of the original casting geometry. Since the annotations suggest a defect, and no visual evidence of a defect is present in the actual casting (as the annotations are not part of the physical object), the presence of these annotations implies the casting is being flagged as defective during inspection.
Confidence:",Defective,crack,,"Classification: Defective
Defect type: crack
Defect location: [0.39, 0.3, 0.7, 0.47]",True,True,both_correct
crack/crack_00078.jpg,prompt_1,Defective,Defective,Unknown,85.0,"Classification: Defective
Reason: Presence of a large black rectangular area obscuring internal structure, suggesting possible void, inclusion, or incomplete filling — indicative of casting defect.
Confidence: 85%",Defective,Unknown,90.0,"Classification: Defective
Reason: crack
Confidence: 90%",True,True,both_correct
crack/crack_00078.jpg,prompt_2,Defective,Defective,Unknown,50.0,"Defect present: Yes
Defect type: Unknown
Evidence: The image shows a circular industrial casting with a central bore and a blackened inner region, possibly indicating a core or insert. A black rectangular area is masked, likely to obscure a defect or sensitive area. The outer ring exhibits some surface texture and minor irregularities, but no clear, identifiable defect such as porosity, inclusions, cracks, or dimensional deviations is visible. The presence of the black mask and lack of clear defect indicators prevent definitive classification.
Confidence: 50%",Defective,crack,,"Classification: Defective
Defect type: crack
Evidence: Two cracks are visible on the surface of the casting.",True,True,both_correct
crack/crack_00078.jpg,prompt_3,Defective,Defective,Unknown,,"Prediction: Defective
Evidence: The image shows a casting with a black rectangular area obscuring part of the internal structure, which suggests a defect such as a void, inclusion, or incomplete fill. Additionally, there is a visible crack or separation line extending from the inner ring toward the outer edge, which is a clear indication of a manufacturing defect. The presence of these features contradicts the expected uniformity and integrity of a properly cast part.
Confidence: High",Defective,crack,,"Classification: Defective
Defect type: crack",True,True,both_correct
crack/crack_00088.jpg,prompt_1,Defective,Defective,Unknown,95.0,"Classification: Defective
Reason: Presence of two large black squares obscuring critical features, suggesting either masking, damage, or incomplete inspection area — not a normal casting feature.
Confidence: 95%",Defective,Unknown,90.0,"Classification: Defective
Reason: surface_roughness
Confidence: 90%",True,True,both_correct
crack/crack_00088.jpg,prompt_2,Defective,Defective,Unknown,,"Defect present: Yes
Defect type: Unknown
Evidence: The image shows a circular industrial casting with two large black squares obscuring parts of the surface. These black areas appear to be intentional masks or artifacts, not actual defects. However, the surface exhibits a granular, speckled texture that may indicate porosity, inclusions, or surface roughness — common casting defects — but without clear visual evidence of a specific defect type (e.g., cracks, voids, slag, or shrinkage), the exact nature cannot be determined. The black squares prevent accurate assessment of the inner ring or central bore for potential defects.",Defective,flash,,"Classification: Defective
Defect type: flash
Evidence: Flash is visible at the top of the part.",True,True,both_correct
crack/crack_00088.jpg,prompt_3,Defective,Defective,Unknown,,"Prediction: Defective
Evidence: The image shows a casting with two large black squares obscuring critical areas, which prevents a proper visual inspection of surface quality, dimensional accuracy, or presence of defects such as porosity, inclusions, or cracks. Without visible inspection areas, it is impossible to determine if the casting meets quality standards.
Confidence: High",Defective,flash,,"Classification: Defective
Defect type: flash",True,True,both_correct
crack/crack_00091.jpg,prompt_1,Defective,Defective,Unknown,85.0,"Classification: Defective
Reason: Presence of visible internal voids or porosity in the central region, indicating incomplete filling or gas inclusion during casting.
Confidence: 85%",Defective,Unknown,90.0,"Classification: Defective
Reason: Defect type: crack
Confidence: 90%",True,True,both_correct
crack/crack_00091.jpg,prompt_2,Defective,OK,,100.0,"Defect present: No
Defect type: Unknown
Evidence: The image shows a metallic casting with a central hub and radial fins, appearing structurally intact with no visible cracks, porosity, inclusions, or surface irregularities. The black squares at the bottom may be artifacts or occlusions in the image, not defects. No labeled defect types are present in the dataset to match any observed anomalies.
Confidence: 100%",Defective,crack,,"Classification: Defective
Defect type: crack
Evidence: A crack is visible in the image, extending diagonally from the top left to the bottom right.",False,True,fixed_by_finetuning
crack/crack_00091.jpg,prompt_3,Defective,Defective,Unknown,,"Prediction: Defective
Evidence: The image shows a casting with visible internal defects — specifically, a dark, irregularly shaped void or inclusion within the central region of the casting, which is not consistent with a properly solidified, uniform casting. The presence of this internal flaw suggests a manufacturing defect such as porosity, shrinkage cavity, or inclusion. The black squares at the bottom are likely placeholders or artifacts and do not indicate defects themselves.
Confidence: High",Defective,crack,,"Classification: Defective
Defect type: crack",True,True,both_correct
dent/dent_00003.jpg,prompt_1,Defective,Defective,Unknown,85.0,"Classification: Defective
Reason: Presence of dark, irregularly shaped inclusions or voids within the casting, particularly visible in the central region and near the outer ring, indicating potential porosity or incomplete filling.
Confidence: 85%",Defective,Unknown,80.0,"Classification: Defective
Reason: Defect type: dent
Confidence: 80%",True,True,both_correct
dent/dent_00003.jpg,prompt_2,Defective,Defective,Unknown,50.0,"Defect present: Yes
Defect type: Unknown
Evidence: The image shows a circular industrial casting with a central bore and concentric rings. There are three dark, irregularly shaped areas: one large dark patch near the center, and two smaller dark circles below. These appear to be non-uniformities or possible inclusions, but without context or reference standards, it is impossible to classify them as a specific known defect type (e.g., porosity, shrinkage cavity, inclusions, etc.). The image lacks sufficient detail or comparative data to confirm a specific defect category.
Confidence: 50%",Defective,dent,,"Classification: Defective
Defect type: dent
Evidence: Defects are visible as dark circles on the surface of the object.",True,True,both_correct
dent/dent_00003.jpg,prompt_3,Defective,Defective,Unknown,,"Prediction: Defective
Evidence: The image shows a casting with a central circular feature that appears to be a bearing or similar mechanical component. There is a prominent black rectangular area obscuring part of the central region, which suggests a defect such as a missing or damaged part, or a manufacturing flaw. Additionally, there are two dark circular marks outside the main circular feature, which may indicate surface defects, inclusions, or contamination. These anomalies are not consistent with a properly manufactured, defect-free casting.
Confidence: High",Defective,dent,,"Classification: Defective
Defect type: dent",True,True,both_correct
dent/dent_00005.jpg,prompt_1,Defective,Defective,Unknown,90.0,"Classification: Defective
Reason: Three distinct dark circular inclusions are visible within the casting, indicating potential porosity or slag inclusions that compromise structural integrity.
Confidence: 90%",Defective,Unknown,95.0,"Classification: Defective
Reason: Defect type: dent; Defect location: center
Confidence: 95%",True,True,both_correct
dent/dent_00005.jpg,prompt_2,Defective,Defective,Surface cracking,75.0,"Defect present: Yes
Defect type: Surface cracking
Evidence: The image shows a distinct, irregularly shaped dark area near the center of the casting, with a rough, possibly fractured texture that contrasts with the surrounding metallic surface. This suggests a localized failure in the material integrity, consistent with surface cracking. The presence of multiple dark, circular regions also implies potential stress concentration or casting porosity, which can lead to cracking.
Confidence: 75%",Defective,dent,,"Classification: Defective
Defect present: Yes
Defect type: dent
Evidence: Defects are visible as three black circular marks on the surface of the part.",True,True,both_correct
dent/dent_00005.jpg,prompt_3,Defective,Defective,Unknown,,"Prediction: Defective
Evidence: The image shows three distinct dark, circular voids or inclusions within the casting, particularly visible in the central region. These are not part of the intended structure and indicate a manufacturing defect such as porosity or inclusion, which compromises the integrity of the part.
Confidence: High",Defective,dent,,"Classification: Defective
Defect type: dent",True,True,both_correct
dent/dent_00006.jpg,prompt_1,Defective,Defective,Unknown,85.0,"Classification: Defective
Reason: The casting exhibits significant surface irregularities, including a rough, uneven outer edge and visible internal voids or inclusions, indicating poor casting quality.
Confidence: 85%",Defective,Unknown,90.0,"Classification: Defective
Reason: Defect type: dent
Confidence: 90%",True,True,both_correct
dent/dent_00006.jpg,prompt_2,Defective,Defective,Surface cracking,85.0,"Defect present: Yes
Defect type: Surface cracking
Evidence: The image shows a distinct, irregularly shaped crack or fracture line along the inner edge of the casting, particularly visible as a discontinuity in the metallic surface texture and a break in the concentric ring structure. The crack appears to propagate inward from the outer rim, suggesting a failure in the casting’s integrity.
Confidence: 85%",Defective,dent,,"Classification: Defective
Defect type: dent
Evidence: A dent is present in the lower left corner of the image.",True,True,both_correct
dent/dent_00006.jpg,prompt_3,Defective,Defective,Unknown,,"Prediction: Defective
Evidence: The casting exhibits a significant irregularity in its outer edge — it is not a perfect circle but rather an oval or distorted shape with uneven contours. Additionally, there is a dark, circular mark in the lower-left corner that appears to be an artifact or defect not consistent with the casting’s intended form. These visual anomalies suggest manufacturing or processing defects.
Confidence: High",Defective,dent,,"Classification: Defective
Defect type: dent",True,True,both_correct
dent/dent_00008.jpg,prompt_1,Defective,Defective,Unknown,85.0,"Classification: Defective
Reason: Visible internal voids or porosity in the casting center, indicating incomplete filling or gas inclusion during the casting process.
Confidence: 85%",Defective,Unknown,90.0,"Classification: Defective
Reason: Defect type: dent
Confidence: 90%",True,True,both_correct
dent/dent_00008.jpg,prompt_2,Defective,Defective,Surface cracking,75.0,"Defect present: Yes
Defect type: Surface cracking
Evidence: The inner ring shows a distinct, irregularly shaped dark area with a web-like or fractured appearance, suggesting a surface crack or internal void that has become visible due to the casting’s geometry or surface finish. The crack appears to radiate from the center, consistent with stress-induced cracking in cast metal components.
Confidence: 75%",Defective,dent,,"Classification: Defective
Defect type: dent
Evidence: A dent is visible on the surface of the object.",True,True,both_correct
dent/dent_00008.jpg,prompt_3,Defective,Defective,Unknown,,"Prediction: Defective
Evidence: The image shows a casting with a visible, irregularly shaped dark area inside the central bore, which appears to be a void, inclusion, or porosity. This is inconsistent with a properly manufactured casting that should have a uniform, solid structure. The dark region suggests a defect that compromises integrity.
Confidence: High",Defective,dent,,"Classification: Defective
Defect type: dent",True,True,both_correct
dent/dent_00029.jpg,prompt_1,Defective,Defective,Unknown,85.0,"Classification: Defective
Reason: Presence of two distinct dark circular inclusions or voids on the outer ring, indicating potential porosity or casting defects.
Confidence: 85%",Defective,Unknown,95.0,"Classification: Defective
Reason: Defect type: dent
Defect location: [178, 460, 340, 560]
Defect location: [178, 200, 260, 290]
Confidence: 95%",True,True,both_correct
dent/dent_00029.jpg,prompt_2,Defective,Defective,Inclusion,85.0,"Defect present: Yes
Defect type: Inclusion
Evidence: Two dark, circular inclusions are visible within the casting, particularly noticeable in the outer ring and near the central bore. These appear as embedded foreign material or voids, which are characteristic of inclusions in metal castings.
Confidence: 85%",Defective,dent,90.0,"Classification: Defective
Defect present: Yes
Defect type: dent
Evidence: Defects: dent
Confidence: 90%",True,True,both_correct
dent/dent_00029.jpg,prompt_3,Defective,Defective,Unknown,,"Prediction: Defective
Evidence: The image shows a casting with two distinct dark, circular marks on the outer ring, which appear to be pits, inclusions, or surface defects inconsistent with a flawless casting. These features are not typical of a properly manufactured part and suggest material imperfections or machining damage.
Confidence: High",Defective,dent,,"Classification: Defective
Defect type: dent",True,True,both_correct
dent/dent_00031.jpg,prompt_1,Defective,Defective,Unknown,85.0,"Classification: Defective
Reason: The inner bearing area shows visible deformation and irregularities in the metal surface, suggesting casting defects such as porosity, inclusions, or improper solidification.
Confidence: 85%",Defective,Unknown,90.0,"Classification: Defective
Reason: Defect type: dent
Confidence: 90%",True,True,both_correct
dent/dent_00031.jpg,prompt_2,Defective,OK,,95.0,"Defect present: No
Defect type: Unknown
Evidence: The image shows a metallic circular component, likely a bearing or shaft housing, with a clean, uniform surface and no visible cracks, pits, corrosion, or machining defects. The internal structure appears intact, and the outer ring shows consistent machining marks. No specific defect type can be confidently identified from this single image without comparative or historical data.
Confidence: 95%",Defective,dent,,"Classification: Defective
Defect present: Yes
Defect type: dent
Evidence: Defects are visible as dark circles on the surface of the part.",False,True,fixed_by_finetuning
dent/dent_00031.jpg,prompt_3,Defective,OK,,,"Prediction: OK
Evidence: The casting shows no visible cracks, porosity, or surface defects. The concentric rings and internal structure appear uniform and well-defined, with no signs of deformation or contamination. The surface finish is consistent with typical machining or casting standards. No evidence of defects is present in the visible area.
Confidence: High",Defective,dent,,"Classification: Defective
Defect type: dent
Defect location: [0.32, 0.0, 0.47, 0.12] [0.79, 0.49, 0.89, 0.57]",False,True,fixed_by_finetuning
dent/dent_00037.jpg,prompt_1,Defective,OK,,95.0,"Classification: OK
Reason: The casting shows no visible cracks, porosity, or surface defects; the concentric rings and central bore are well-defined and uniform, indicating proper manufacturing.
Confidence: 95%",Defective,Unknown,90.0,"Classification: Defective
Reason: Defect type: dent; Defect location: right side
Confidence: 90%",False,True,fixed_by_finetuning
dent/dent_00037.jpg,prompt_2,Defective,OK,,90.0,"Defect present: No
Defect type: Unknown
Evidence: The image shows a circular metallic component with a central bore and a smooth, uniform surface. There are no visible cracks, porosity, inclusions, or surface irregularities that would indicate a defect. The edges and internal structure appear consistent with a well-finished casting. However, without reference to a specific defect database or known standards, it is not possible to confirm or rule out subtle or microscopic defects.
Confidence: 90%",Defective,dent,,"Classification: Defective
Defect present: Yes
Defect type: dent
Evidence: Defects are marked with black circles.",False,True,fixed_by_finetuning
dent/dent_00037.jpg,prompt_3,Defective,OK,,,"Prediction: OK
Evidence: The casting shows no visible cracks, porosity, or surface defects. The concentric rings and central bore are well-defined, with uniform material texture and no signs of deformation or contamination. The edges are clean and the overall geometry appears consistent with a properly manufactured part.
Confidence: High",Defective,dent,,"Classification: Defective
Defect type: dent",False,True,fixed_by_finetuning
dent/dent_00044.jpg,prompt_1,Defective,Defective,Unknown,85.0,"Classification: Defective
Reason: Presence of dark, irregularly shaped inclusions or voids within the casting, particularly visible in the central region and near the outer rim, indicating potential porosity or contamination.
Confidence: 85%",Defective,Unknown,90.0,"Classification: Defective
Reason: Defect type: dent
Confidence: 90%",True,True,both_correct
dent/dent_00044.jpg,prompt_2,Defective,Defective,Unknown,,"Defect present: Yes
Defect type: Unknown
Evidence: The image shows a circular metallic component with three dark, irregularly shaped spots on its surface — one near the center, one on the outer rim, and one near the bottom. These spots appear non-uniform and inconsistent with the expected surface finish, suggesting possible contamination, inclusions, or surface damage. However, without comparative reference images or known defect databases, it is not possible to definitively classify the nature of these marks (e.g., porosity, inclusions, cracks, or oxidation). The context of “industrial casting” implies potential casting defects, but",Defective,dent,,"Classification: Defective
Defect present: Yes
Defect type: dent
Evidence: Defects are marked with circles.",True,True,both_correct
dent/dent_00044.jpg,prompt_3,Defective,Defective,Unknown,,"Prediction: Defective
Evidence: The image shows a casting with three distinct dark circular marks on its surface — one near the center-right, one on the lower-left, and one on the lower-center. These marks appear to be non-uniform, possibly indicating surface defects such as porosity, inclusions, or machining marks that are inconsistent with a properly finished casting. The presence of these irregularities suggests a deviation from the expected quality standards.
Confidence: High",Defective,dent,,"Classification: Defective
Defect type: dent",True,True,both_correct
dent/dent_00054.jpg,prompt_1,Defective,Defective,Unknown,95.0,"Classification: Defective
Reason: Two distinct dark circular inclusions are visible within the casting, indicating foreign material or porosity that compromises structural integrity.
Confidence: 95%",Defective,Unknown,95.0,"Classification: Defective
Reason: Defective: Defect type: dent, Defect location: left, right
Confidence: 95%",True,True,both_correct
dent/dent_00054.jpg,prompt_2,Defective,Defective,Unknown,60.0,"Defect present: Yes
Defect type: Unknown
Evidence: The image shows two dark, circular areas within the casting that appear to be voids or inclusions, which may indicate porosity or shrinkage cavities. However, without comparative reference images or material-specific analysis, it is not possible to definitively classify the defect type (e.g., porosity, inclusions, cracks, etc.). The shape and location are suggestive of internal voids, but the exact nature cannot be confirmed from this single image alone.
Confidence: 60%",Defective,dent,,"Classification: Defective
Defect present: Yes
Defect type: dent
Evidence: Defects are marked with black circles.",True,True,both_correct
dent/dent_00054.jpg,prompt_3,Defective,Defective,Unknown,,"Prediction: Defective
Evidence: The image shows two distinct dark circular areas within the casting’s interior, which appear to be voids, inclusions, or porosity. These are not part of the intended design and indicate a manufacturing defect. The presence of these voids contradicts the expectation of a solid, uniform casting.
Confidence: High",Defective,dent,,"Classification: Defective
Defect type: dent",True,True,both_correct
dent/dent_00059.jpg,prompt_1,Defective,Defective,Unknown,85.0,"Classification: Defective
Reason: Two dark circular spots are visible on the casting surface, which appear to be inclusions or surface defects inconsistent with a clean, high-quality casting.
Confidence: 85%",Defective,Unknown,90.0,"Classification: Defective
Reason: Defect type: dent
Confidence: 90%",True,True,both_correct
dent/dent_00059.jpg,prompt_2,Defective,OK,,95.0,"Defect present: No
Defect type: Unknown
Evidence: The image shows a metallic casting with a central hub and surrounding blades or vanes, typical of a pump impeller or turbine component. There are no visible cracks, porosity, inclusions, or surface irregularities that would indicate a defect. The two dark circular marks appear to be artifacts or shadows from the imaging process, not defects. No labeling or dataset annotations are provided to confirm specific defect types.
Confidence: 95%",Defective,dent,,"Classification: Defective
Defect present: Yes
Defect type: dent
Evidence: Two dent defects are visible on the surface of the part.",False,True,fixed_by_finetuning
dent/dent_00059.jpg,prompt_3,Defective,OK,,,"Prediction: OK
Evidence: The image shows a metallic casting with a central hub and surrounding blades or vanes, consistent with a pump impeller or similar mechanical component. There are no visible cracks, porosity, inclusions, or surface defects that would indicate manufacturing failure. The surface appears uniform and the geometry is intact. The two dark circular marks are likely shadows or minor surface imperfections not indicative of a defect in the casting process. No evidence of dimensional deviation or material failure is present.
Confidence: High",Defective,dent,,"Classification: Defective
Defect type: dent
Defect location: [0.32, 0.74, 0.39, 0.81] [0.7, 0.15, 0.79, 0.22]",False,True,fixed_by_finetuning
dent/dent_00063.jpg,prompt_1,Defective,OK,,95.0,"Classification: OK
Reason: The casting shows no visible cracks, porosity, or surface defects; the internal geometry and concentric rings appear intact and properly formed.
Confidence: 95%",Defective,Unknown,90.0,"Classification: Defective
Reason: Defect type: dent
Confidence: 90%",False,True,fixed_by_finetuning
dent/dent_00063.jpg,prompt_2,Defective,OK,,90.0,"Defect present: No
Defect type: Unknown
Evidence: The image shows a metallic casting with a central hub and radial fins, appearing structurally sound and uniformly machined. No visible cracks, porosity, inclusions, or surface irregularities are discernible. The surface texture is consistent with typical industrial casting finishes. Without comparative reference or known defect standards, no specific defect type can be confidently identified.
Confidence: 90%",Defective,dent,90.0,"Classification: Defective
Defect type: dent
Evidence: A dent is visible on the right side of the image.
Confidence: 90%",False,True,fixed_by_finetuning
dent/dent_00063.jpg,prompt_3,Defective,OK,,,"Prediction: OK
Evidence: The casting shows no visible cracks, porosity, or surface defects. The internal geometry, including the central bore and the surrounding ring, appears consistent and well-defined. The surface texture is uniform, with no signs of flash, slag, or machining marks that would indicate a defect. The overall structure is intact and symmetrical.
Confidence: High",Defective,dent,,"Classification: Defective
Defect type: dent",False,True,fixed_by_finetuning
dent/dent_00068.jpg,prompt_1,Defective,Defective,Unknown,85.0,"Classification: Defective
Reason: Presence of dark, irregular spots on the casting surface, likely indicating surface porosity, inclusions, or casting defects.
Confidence: 85%",Defective,Unknown,95.0,"Classification: Defective
Reason: Defect type: dent
Defect location: [0.62, 0.15, 0.73, 0.24], [0.81, 0.51, 0.89, 0.59], [0.92, 0.53, 1.0, 0.65]
Confidence: 95%",True,True,both_correct
dent/dent_00068.jpg,prompt_2,Defective,OK,,95.0,"Defect present: No
Defect type: Unknown
Evidence: The image shows a metallic industrial casting with a central hub and radial fins, appearing structurally intact with no visible cracks, porosity, inclusions, or surface irregularities that would indicate a defect. The surface is relatively uniform, though minor speckles may be due to material texture or imaging noise. No labeled defect types are present in the dataset to match any anomalies.
Confidence: 95%",Defective,dent,,"Classification: Defective
Defect present: Yes
Defect type: dent
Evidence: Defects are marked with circles.",False,True,fixed_by_finetuning
dent/dent_00068.jpg,prompt_3,Defective,OK,,,"Prediction: OK
Evidence: The casting shows no visible cracks, porosity, or surface defects. The metallic surface appears uniform and smooth, with no signs of machining errors or contamination. The internal structure is consistent with a properly formed casting, and the circular features are intact. No evidence of defects is present in the visible area.
Confidence: High",Defective,dent,,"Classification: Defective
Defect type: dent
Defect location: [0.62, 0.15, 0.72, 0.24], [0.8, 0.51, 0.89, 0.59], [0.92, 0.52, 1.0, 0.65]",False,True,fixed_by_finetuning
dent/dent_00075.jpg,prompt_1,Defective,OK,,95.0,"Classification: OK
Reason: The casting shows no visible cracks, porosity, or surface defects; the internal geometry and concentric rings appear intact and properly formed.
Confidence: 95%",Defective,Unknown,95.0,"Classification: Defective
Reason: Defective: dent
Confidence: 95%",False,True,fixed_by_finetuning
dent/dent_00075.jpg,prompt_2,Defective,OK,,90.0,"Defect present: No
Defect type: Unknown
Evidence: The image shows a metallic casting with a smooth, concentrically designed internal structure, likely a pump impeller or similar component. There are no visible cracks, porosity, inclusions, or surface irregularities that would indicate a defect. The surface appears uniform and machined, though the image quality and angle limit detailed inspection. No labeled defect types are present in the dataset to match any observed anomalies.
Confidence: 90%",Defective,dent,,"Classification: Defective
Defect type: dent
Evidence: Defects are visible as black circles on the surface of the part.",False,True,fixed_by_finetuning
dent/dent_00075.jpg,prompt_3,Defective,OK,,,"Prediction: OK
Evidence: The casting shows no visible cracks, porosity, or surface defects. The internal geometry appears consistent with a well-machined or cast component, and the surface finish is uniform. There are no signs of material inclusions, warping, or dimensional deviations that would indicate a defect. The image is clear and the features are well-defined.
Confidence: High",Defective,dent,,"Classification: Defective
Defect type: dent
Defect location: [0.0, 0.2, 0.2, 0.3]",False,True,fixed_by_finetuning
dent/dent_00076.jpg,prompt_1,Defective,OK,,95.0,"Classification: OK
Reason: The casting shows no visible cracks, porosity, or surface defects; the internal structure appears uniform and well-defined, consistent with a properly manufactured component.
Confidence: 95%",Defective,Unknown,90.0,"Classification: Defective
Reason: dent
Confidence: 90%",False,True,fixed_by_finetuning
dent/dent_00076.jpg,prompt_2,Defective,OK,,90.0,"Defect present: No
Defect type: Unknown
Evidence: The image shows a circular industrial casting with a central hub and concentric rings. The surface appears generally uniform, with no visible cracks, porosity, inclusions, or surface irregularities that would indicate a defect. The internal structure suggests a designed flow or impeller geometry, which is typical for such components. Without comparative standards or known defect databases, no specific defect type can be confidently identified.
Confidence: 90%",Defective,dent,,"Classification: Defective
Defect type: dent
Evidence: dent is present at the top left and top right",False,True,fixed_by_finetuning
dent/dent_00076.jpg,prompt_3,Defective,OK,,,"Prediction: OK
Evidence: The casting shows no visible cracks, porosity, or surface defects. The concentric rings and internal structure appear uniform and well-defined, consistent with a properly manufactured part. There are no signs of flash, misalignment, or material inconsistencies that would indicate a defect. The image quality is sufficient to assess the surface and internal features without ambiguity.
Confidence: High",Defective,dent,,"Classification: Defective
Defect type: dent
Defect location: [0.0, 0.1, 0.1, 0.2]",False,True,fixed_by_finetuning
dent/dent_00081.jpg,prompt_1,Defective,Defective,Unknown,85.0,"Classification: Defective
Reason: Presence of dark, irregularly shaped inclusions or voids within the casting, particularly noticeable in the central region, indicating potential porosity or contamination.
Confidence: 85%",Defective,Unknown,90.0,"Classification: Defective
Reason: Defect type: dent
Confidence: 90%",True,True,both_correct
dent/dent_00081.jpg,prompt_2,Defective,Defective,Unknown,60.0,"Defect present: Yes
Defect type: Unknown
Evidence: The image shows a circular industrial casting with two prominent dark, irregularly shaped spots on the inner surface, which appear to be voids or inclusions. These are not uniform in shape or size and do not conform to typical casting surface finish or machining marks. However, without comparative reference images or material-specific standards, it is not possible to definitively classify the defect type (e.g., porosity, shrinkage cavity, slag inclusion, etc.).
Confidence: 60%",Defective,dent,,"Classification: Defective
Defect present: Yes
Defect type: dent
Evidence: Defects are visible as black circles on the surface of the part.",True,True,both_correct
dent/dent_00081.jpg,prompt_3,Defective,Defective,Unknown,,"Prediction: Defective
Evidence: The image shows a casting with two distinct dark, circular areas that appear to be voids or inclusions within the metal structure, located near the inner bore. These are not consistent with a properly solidified casting and suggest internal defects such as porosity or shrinkage cavities. Additionally, a third dark spot is visible near the bottom edge, further indicating non-uniformity or defects. These features are not typical of a high-quality casting.
Confidence: High",Defective,dent,,"Classification: Defective
Defect type: dent",True,True,both_correct
dent/dent_00085.jpg,prompt_1,Defective,Defective,Unknown,85.0,"Classification: Defective
Reason: The casting exhibits a visible internal void or cavity near the center, which is inconsistent with a solid, properly formed part. This suggests a casting defect such as porosity or incomplete filling.
Confidence: 85%",Defective,Unknown,90.0,"Classification: Defective
Reason: Defect type: dent
Confidence: 90%",True,True,both_correct
dent/dent_00085.jpg,prompt_2,Defective,OK,,95.0,"Defect present: No
Defect type: Unknown
Evidence: The image shows a symmetrical, concentric circular structure with smooth, uniform surfaces and no visible cracks, porosity, inclusions, or surface irregularities that would indicate a defect. The internal and external walls appear consistent, and the overall geometry is intact. Without additional context or reference to a specific defect database, no defect can be confidently identified.
Confidence: 95%",Defective,dent,,"Classification: Defective
Defect type: dent
Evidence: A dent is visible at the bottom of the image.",False,True,fixed_by_finetuning
dent/dent_00085.jpg,prompt_3,Defective,OK,,,"Prediction: OK
Evidence: The image shows a casting with concentric circular features, likely a bore or internal structure, and the surfaces appear smooth and uniform without visible cracks, porosity, or inclusions that would indicate defects. The edges are clean and the internal geometry is consistent with a well-manufactured part. No signs of surface damage or dimensional irregularities are present.
Confidence: High",Defective,dent,,"Classification: Defective
Defect type: dent",False,True,fixed_by_finetuning
dent/dent_00087.jpg,prompt_1,Defective,OK,,95.0,"Classification: OK
Reason: The casting shows no visible cracks, porosity, or dimensional defects; the internal structure and surface finish appear uniform and consistent with a well-cast component.
Confidence: 95%",Defective,Unknown,90.0,"Classification: Defective
Reason: Defect type: dent
Confidence: 90%",False,True,fixed_by_finetuning
dent/dent_00087.jpg,prompt_2,Defective,OK,,95.0,"Defect present: No
Defect type: Unknown
Evidence: The image shows a metallic casting with a central hub and concentric rings, appearing structurally sound with no visible cracks, porosity, inclusions, or surface irregularities. The three circular marks on the periphery are likely artifacts or unrelated objects (e.g., calibration dots or background noise) and not defects in the casting itself. No labeled defect types are present in the dataset to match any observed anomalies.
Confidence: 95%",Defective,dent,,"Classification: Defective
Defect present: Yes
Defect type: dent
Evidence: Defects are visible as gray circles with different sizes.",False,True,fixed_by_finetuning
dent/dent_00087.jpg,prompt_3,Defective,OK,,,"Prediction: OK
Evidence: The casting shows no visible cracks, porosity, or surface defects. The concentric circular features and internal structure appear uniform and well-defined, consistent with a properly manufactured part. The three small circular marks on the outer edge are likely non-structural artifacts or part of the inspection setup and do not indicate defects in the casting itself.
Confidence: High",Defective,dent,,"Classification: Defective
Defect type: dent",False,True,fixed_by_finetuning
dent/dent_00090.jpg,prompt_1,Defective,Defective,Unknown,85.0,"Classification: Defective
Reason: A small dark circular mark is visible on the outer surface, indicating a surface defect or contamination.
Confidence: 85%",Defective,Unknown,90.0,"Classification: Defective
Reason: Defect type: dent
Confidence: 90%",True,True,both_correct
dent/dent_00090.jpg,prompt_2,Defective,OK,,90.0,"Defect present: No
Defect type: Unknown
Evidence: The image shows a circular metallic casting with concentric rings and a central bore. The surface appears smooth with consistent machining marks, and no obvious cracks, porosity, inclusions, or surface irregularities are visible. The small dark circle on the right may be a shadow or artifact, not a defect. Without comparative standards or known defect patterns, no specific defect type can be identified.
Confidence: 90%",Defective,dent,,"Classification: Defective
Defect type: dent
Evidence: A dent is visible on the surface of the part.",False,True,fixed_by_finetuning
dent/dent_00090.jpg,prompt_3,Defective,OK,,,"Prediction: OK
Evidence: The image shows a circular metallic casting with a clean, concentric bore and no visible cracks, porosity, or surface defects. The inner and outer surfaces appear smooth and uniformly machined, with no signs of contamination or irregularities. The small dark spot on the outer rim is likely a minor shadow or artifact from the imaging process and does not indicate a defect in the casting itself.
Confidence: High",Defective,dent,,"Classification: Defective
Defect type: dent",False,True,fixed_by_finetuning
flash/flash_00001.jpg,prompt_1,Defective,OK,,95.0,"Classification: OK
Reason: The casting shows no visible cracks, porosity, or surface defects; the concentric rings and central bore are well-defined and uniform, indicating proper casting and finishing.
Confidence: 95%",Defective,Unknown,90.0,"Classification: Defective
Reason: surface_roughness
Confidence: 90%",False,True,fixed_by_finetuning
flash/flash_00001.jpg,prompt_2,Defective,OK,,90.0,"Defect present: No
Defect type: Unknown
Evidence: The image shows a circular metallic component with concentric rings and a central bore, consistent with a bearing or similar industrial casting. There are no visible cracks, porosity, inclusions, surface roughness anomalies, or dimensional deviations that would indicate a defect. The surface appears smooth and uniform, though the grayscale and angle may obscure subtle imperfections. Without reference to a specific defect database or known standards, no defect can be confidently identified.
Confidence: 90%",Defective,Unknown,,"Classification: Unknown
Defect present: No",False,True,fixed_by_finetuning
flash/flash_00001.jpg,prompt_3,Defective,OK,,,"Prediction: OK
Evidence: The casting shows a clean, concentric circular structure with no visible cracks, porosity, or surface defects. The metallic finish appears uniform, and the internal features are well-defined, consistent with a properly manufactured casting. No evidence of defects is present in the visible area.
Confidence: High",Defective,flash,,"Classification: Defective
Defect type: flash",False,True,fixed_by_finetuning
flash/flash_00020.jpg,prompt_1,Defective,OK,,95.0,"Classification: OK
Reason: The casting shows no visible cracks, porosity, or surface defects; the concentric rings and metallic finish appear uniform and well-formed.
Confidence: 95%",Defective,Unknown,90.0,"Classification: Defective
Reason: minor surface defect
Confidence: 90%",False,True,fixed_by_finetuning
flash/flash_00020.jpg,prompt_2,Defective,OK,,90.0,"Defect present: No
Defect type: Unknown
Evidence: The image shows a circular metallic component with a smooth, uniform surface and no visible cracks, pits, inclusions, or surface irregularities that would indicate a defect. The internal structure appears consistent with a machined or cast part, but without comparative standards or known defect patterns, no specific defect can be classified.
Confidence: 90%",Defective,dent,,"Classification: Defective
Defect type: dent
Evidence: dent is present at the center of the part",False,True,fixed_by_finetuning
flash/flash_00020.jpg,prompt_3,Defective,OK,,,"Prediction: OK
Evidence: The image shows a circular metallic casting with a smooth, uniform surface and no visible cracks, pits, or irregularities. The concentric rings and central bore appear properly formed and aligned, consistent with a well-manufactured part. There are no signs of defects such as porosity, inclusions, or dimensional deviations that would indicate failure.
Confidence: High",Defective,dent,,"Classification: Defective
Defect type: dent",False,True,fixed_by_finetuning
flash/flash_00025.jpg,prompt_1,Defective,OK,,95.0,"Classification: OK
Reason: The casting shows uniform surface finish, no visible cracks, porosity, or dimensional deviations; the concentric rings and central bore appear properly formed.
Confidence: 95%",Defective,Unknown,90.0,"Classification: Defective
Reason: surface_roughness
Confidence: 90%",False,True,fixed_by_finetuning
flash/flash_00025.jpg,prompt_2,Defective,OK,,90.0,"Defect present: No
Defect type: Unknown
Evidence: The image shows a circular metallic component with a smooth, uniform surface and concentric rings, consistent with a well-finished casting. No visible cracks, porosity, inclusions, or surface irregularities are apparent. The internal structure appears intact, though the black material in the center may be a lubricant or sealant rather than a defect. Without additional context or reference standards, no defect can be confidently identified.
Confidence: 90%",Defective,dent,90.0,"Classification: Defective
Defect type: dent
Evidence: dent is present
Confidence: 90%",False,True,fixed_by_finetuning
flash/flash_00025.jpg,prompt_3,Defective,OK,,,"Prediction: OK
Evidence: The casting shows a clean, concentric circular structure with no visible cracks, porosity, or surface defects. The metallic finish is uniform, and the internal features appear properly formed without signs of incomplete filling or deformation. The image does not show any evidence of manufacturing flaws that would indicate defectiveness.
Confidence: High",Defective,dent,,"Classification: Defective
Defect type: dent",False,True,fixed_by_finetuning
flash/flash_00026.jpg,prompt_1,Defective,Defective,Unknown,85.0,"Classification: Defective
Reason: Visible concentric ring-like defects or inclusions within the casting, suggesting porosity or internal voids, which compromise structural integrity.
Confidence: 85%",Defective,Unknown,90.0,"Classification: Defective
Reason: surface_roughness
Confidence: 90%",True,True,both_correct
flash/flash_00026.jpg,prompt_2,Defective,Defective,Surface cracking,85.0,"Defect present: Yes
Defect type: Surface cracking
Evidence: The inner ring shows a distinct, irregularly shaped dark band with a jagged, non-uniform texture, suggesting a crack or fracture propagating through the material. The contrast between the dark band and the surrounding metallic surface indicates a discontinuity in the casting, consistent with surface cracking.
Confidence: 85%",Defective,flash,,"Classification: Defective
Defect type: flash
Evidence: Flash is visible on the edge of the part.",True,True,both_correct
flash/flash_00026.jpg,prompt_3,Defective,Defective,Unknown,,"Prediction: Defective
Evidence: The inner ring shows visible signs of distortion or deformation, with irregularities in the circular shape and apparent cracking or separation of material, which are not consistent with a properly manufactured casting. The outer ring also exhibits a non-uniform, possibly chipped or uneven edge, suggesting machining or casting defects.
Confidence: High",Defective,flash,,"Classification: Defective
Defect type: flash",True,True,both_correct
flash/flash_00031.jpg,prompt_1,Defective,Defective,Unknown,85.0,"Classification: Defective
Reason: The inner ring shows a dark, irregularly shaped void or inclusion, suggesting a casting defect such as porosity or incomplete filling, which compromises structural integrity.
Confidence: 85%",Defective,Unknown,90.0,"Classification: Defective
Reason: Defect type: dent
Confidence: 90%",True,True,both_correct
flash/flash_00031.jpg,prompt_2,Defective,OK,,95.0,"Defect present: No
Defect type: Unknown
Evidence: The image shows a circular, metallic casting with concentric rings and a central hole. The surface appears smooth with consistent texture and no visible cracks, porosity, inclusions, or surface irregularities that would indicate a defect. The dark inner ring may be intentional (e.g., a core or lubricant residue) or due to shadowing, but no defect is evident.
Confidence: 95%",Defective,dent,,"Classification: Defective
Defect type: dent
Evidence: A dent is visible on the surface of the part.",False,True,fixed_by_finetuning
flash/flash_00031.jpg,prompt_3,Defective,Defective,Unknown,,"Prediction: Defective
Evidence: The image shows a casting with a dark, irregularly shaped void or inclusion in the center, surrounded by a metallic ring. This void appears to be a significant internal defect, not a normal feature or machining mark. The contrast and shape suggest a missing material or porosity, which is not acceptable in a quality casting.
Confidence: High",Defective,dent,,"Classification: Defective
Defect type: dent",True,True,both_correct
flash/flash_00040.jpg,prompt_1,Defective,Defective,Unknown,85.0,"Classification: Defective
Reason: Visible internal voids or porosity in the central region, indicating incomplete filling or gas inclusion during casting.
Confidence: 85%",Defective,Unknown,90.0,"Classification: Defective
Reason: surface_roughness
Confidence: 90%",True,True,both_correct
flash/flash_00040.jpg,prompt_2,Defective,OK,,85.0,"Defect present: No
Defect type: Unknown
Evidence: The image shows a circular metallic component with concentric rings, likely a bearing or similar mechanical part. The surface appears smooth and uniform, with no visible cracks, pits, inclusions, or surface irregularities that would indicate a defect. The lighting and angle obscure some fine details, but no clear defect is discernible. Without a reference dataset or known defect standards, classification is not possible.
Confidence: 85%",Defective,flash,,"Classification: Defective
Defect type: flash
Evidence: Flash is visible on the surface of the part.",False,True,fixed_by_finetuning
flash/flash_00040.jpg,prompt_3,Defective,OK,,,"Prediction: OK
Evidence: The casting shows a clean, concentric circular structure with no visible cracks, porosity, or surface defects. The inner and outer rings are well-defined, and the material appears uniformly dense and smooth, consistent with a properly manufactured casting. No signs of machining errors or contamination are present.
Confidence: High",Defective,flash,,"Classification: Defective
Defect type: flash",False,True,fixed_by_finetuning
flash/flash_00042.jpg,prompt_1,Defective,OK,,95.0,"Classification: OK
Reason: The casting shows uniform surface finish, no visible cracks, porosity, or dimensional deviations; the concentric rings and central bore appear properly formed and aligned.
Confidence: 95%",Defective,Unknown,90.0,"Classification: Defective
Reason: surface_roughness
Confidence: 90%",False,True,fixed_by_finetuning
flash/flash_00042.jpg,prompt_2,Defective,OK,,95.0,"Defect present: No
Defect type: Unknown
Evidence: The image shows a circular metallic component with a smooth, uniform surface and consistent concentric rings. There are no visible cracks, porosity, inclusions, or surface irregularities that would indicate a defect. The casting appears structurally sound and well-finished, though the image resolution and angle limit detailed inspection.
Confidence: 95%",Defective,flash,,"Classification: Defective
Defect type: flash
Evidence: Flash is visible on the surface of the part.",False,True,fixed_by_finetuning
flash/flash_00042.jpg,prompt_3,Defective,OK,,,"Prediction: OK
Evidence: The casting shows a clean, concentric circular structure with no visible cracks, porosity, or surface defects. The metallic finish is uniform, and the inner bore appears properly machined with consistent wall thickness. There are no signs of flash, misalignment, or material inconsistencies that would indicate a defect.
Confidence: High",OK,,,"Classification: OK
Defect type: None",False,False,both_wrong
flash/flash_00046.jpg,prompt_1,Defective,OK,,95.0,"Classification: OK
Reason: The casting shows no visible cracks, porosity, or surface defects; the concentric rings and central hole are well-defined and uniform, indicating proper manufacturing.
Confidence: 95%",OK,,100.0,"Classification: OK
Reason: None
Confidence: 100%",False,False,both_wrong
flash/flash_00046.jpg,prompt_2,Defective,OK,,95.0,"Defect present: No
Defect type: Unknown
Evidence: The image shows a circular metallic component with a central bore and a smooth, uniform surface. There are no visible cracks, porosity, inclusions, or surface irregularities that would indicate a defect. The concentric rings and machined edges appear consistent with a well-processed casting. However, without reference to a specific defect database or known standards, no definitive defect classification can be assigned.
Confidence: 95%",Defective,flash,,"Classification: Defective
Defect type: flash
Evidence: Flash is visible on the outer edge of the part.",False,True,fixed_by_finetuning
flash/flash_00046.jpg,prompt_3,Defective,OK,,,"Prediction: OK
Evidence: The casting shows no visible surface defects such as cracks, porosity, inclusions, or excessive flash. The concentric rings and central hole are well-defined, with smooth, uniform surfaces and consistent material appearance. There are no signs of dimensional deviations or machining marks that would indicate a defect. The image quality is sufficient to assess the visual integrity of the part.
Confidence: High",OK,,,"Classification: OK
Defect type: None
Defect location: None",False,False,both_wrong
flash/flash_00052.jpg,prompt_1,Defective,OK,,95.0,"Classification: OK
Reason: The casting shows no visible cracks, porosity, or surface defects; the internal geometry and concentric rings appear intact and properly formed.
Confidence: 95%",OK,,100.0,"Classification: OK
Reason: No defect detected
Confidence: 100%",False,False,both_wrong
flash/flash_00052.jpg,prompt_2,Defective,OK,,95.0,"Defect present: No
Defect type: Unknown
Evidence: The image shows a clean, symmetrical industrial casting with smooth surfaces and no visible cracks, porosity, inclusions, or surface irregularities. The internal geometry appears consistent with a well-fabricated component, such as a pump impeller or turbine runner. However, without comparative standards or known defect databases, it is not possible to definitively classify any potential defect.
Confidence: 95%",OK,,,"Classification: OK
Defect present: No
Defect type: Unknown
Evidence: None",False,False,both_wrong
flash/flash_00052.jpg,prompt_3,Defective,OK,,,"Prediction: OK
Evidence: The casting shows no visible cracks, porosity, or surface defects. The internal geometry, including the concentric rings and central bore, appears consistent and well-defined. The surface finish is uniform, and there are no signs of flash, misalignment, or material inclusions that would indicate a manufacturing defect. All features are within expected visual parameters for a properly cast component.
Confidence: High",OK,,,"Classification: OK
Defect type: None
Defect location: None",False,False,both_wrong
flash/flash_00054.jpg,prompt_1,Defective,Defective,Unknown,85.0,"Classification: Defective
Reason: The inner bore shows irregularities and a non-uniform, possibly porous or misaligned structure, suggesting casting defects such as porosity or incomplete filling.
Confidence: 85%",Defective,Unknown,90.0,"Classification: Defective
Reason: surface_roughness
Confidence: 90%",True,True,both_correct
flash/flash_00054.jpg,prompt_2,Defective,OK,,90.0,"Defect present: No
Defect type: Unknown
Evidence: The image shows a symmetrical, concentric circular structure with smooth transitions and no visible cracks, porosity, inclusions, or surface irregularities that would indicate a defect. The internal geometry appears consistent with a well-cast component, though the image is rotated and lacks context for full inspection.
Confidence: 90%",Defective,flash,,"Classification: Defective
Defect type: flash
Evidence: Flash is visible on the surface of the part.",False,True,fixed_by_finetuning
flash/flash_00054.jpg,prompt_3,Defective,OK,,,"Prediction: OK
Evidence: The image shows a circular casting with concentric rings and a central bore. There are no visible cracks, porosity, inclusions, or surface defects that would indicate a manufacturing defect. The internal structure appears uniform and consistent with a properly cast component. The grayscale contrast highlights the geometry without revealing any anomalies.
Confidence: High",OK,,,"Classification: OK
Defect type: None",False,False,both_wrong
flash/flash_00059.jpg,prompt_1,Defective,OK,,95.0,"Classification: OK
Reason: The casting shows no visible cracks, porosity, or surface defects; the internal geometry and concentric rings appear intact and properly formed.
Confidence: 95%",OK,,100.0,"Classification: OK
Reason: None
Confidence: 100%",False,False,both_wrong
flash/flash_00059.jpg,prompt_2,Defective,OK,,90.0,"Defect present: No
Defect type: Unknown
Evidence: The image shows a metallic industrial casting with a central hub and surrounding ring, exhibiting a uniform surface texture and no visible cracks, porosity, inclusions, or surface irregularities that would indicate a defect. The casting appears structurally sound and properly formed, though the black square obscures part of the image and limits analysis.
Confidence: 90%",Defective,Unknown,,"Classification: Unknown
Defect present: No",False,True,fixed_by_finetuning
flash/flash_00059.jpg,prompt_3,Defective,OK,,,"Prediction: OK
Evidence: The casting shows no visible cracks, porosity, or surface defects. The metallic surface appears uniform and smooth, with no signs of warping or machining inconsistencies. The internal structure is clean and properly formed, with no evidence of material inclusions or dimensional deviations. The black square in the upper left is likely a mask or artifact and does not indicate a defect in the casting itself.
Confidence: High",Defective,flash,,"Classification: Defective
Defect type: flash",False,True,fixed_by_finetuning
flash/flash_00064.jpg,prompt_1,Defective,OK,,95.0,"Classification: OK
Reason: The casting shows no visible cracks, porosity, or surface defects; the internal geometry and wall thickness appear uniform and well-defined.
Confidence: 95%",OK,,100.0,"Classification: OK
Reason: None
Confidence: 100%",False,False,both_wrong
flash/flash_00064.jpg,prompt_2,Defective,OK,,95.0,"Defect present: No
Defect type: Unknown
Evidence: The image shows a clean, well-defined industrial casting with smooth surfaces and no visible cracks, porosity, inclusions, or surface irregularities. The internal geometry appears consistent with a properly manufactured component. However, without comparative standards or known defect databases, it is not possible to definitively classify any potential defect.
Confidence: 95%",Defective,Unknown,,"Classification: Unknown
Defect present: No",False,True,fixed_by_finetuning
flash/flash_00064.jpg,prompt_3,Defective,OK,,,"Prediction: OK
Evidence: The image shows a metallic casting with a clean, concentric circular structure, no visible cracks, porosity, or surface defects. The internal geometry appears consistent and well-formed, with no signs of machining errors or material inconsistencies. The surface texture is uniform and the edges are sharp, indicating proper manufacturing.
Confidence: High",OK,,,"Classification: OK
Defect type: None
Defect location: None",False,False,both_wrong
flash/flash_00066.jpg,prompt_1,Defective,Defective,Unknown,85.0,"Classification: Defective
Reason: The image shows a casting with a dark, irregularly shaped void or inclusion near the center, suggesting a porosity or internal defect that compromises structural integrity.
Confidence: 85%",Defective,Unknown,99.0,"Classification: Defective
Reason: surface_roughness
Confidence: 99%",True,True,both_correct
flash/flash_00066.jpg,prompt_2,Defective,OK,,95.0,"Defect present: No
Defect type: Unknown
Evidence: The image shows a circular, concentric structure with uniform texture and no visible cracks, porosity, inclusions, or surface irregularities that would indicate a defect. The grayscale speckling may be due to imaging noise or surface texture rather than a manufacturing defect.
Confidence: 95%",Defective,flash,,"Classification: Defective
Defect type: flash
Evidence: Flash is visible on the surface of the part.",False,True,fixed_by_finetuning
flash/flash_00066.jpg,prompt_3,Defective,OK,,,"Prediction: OK
Evidence: The image shows a circular casting with concentric rings and a central hole, consistent with a typical manufactured part. There are no visible cracks, porosity, inclusions, or surface defects that would indicate a defect. The edges are clean and the structure appears uniform, with no signs of deformation or material inconsistency. The grayscale speckling is consistent with imaging noise or surface texture, not a defect.
Confidence: High",Defective,flash,,"Classification: Defective
Defect type: flash",False,True,fixed_by_finetuning
flash/flash_00067.jpg,prompt_1,Defective,OK,,95.0,"Classification: OK
Reason: The casting shows no visible cracks, porosity, or surface defects; the internal geometry and concentric rings appear intact and properly formed.
Confidence: 95%",OK,,100.0,"Classification: OK
Reason: None
Confidence: 100%",False,False,both_wrong
flash/flash_00067.jpg,prompt_2,Defective,OK,,95.0,"Defect present: No
Defect type: Unknown
Evidence: The image shows a clean, symmetrical industrial casting (likely a pump impeller or similar component) with no visible cracks, porosity, inclusions, or surface irregularities. The metallic surfaces appear smooth and uniformly machined, with no signs of casting defects such as shrinkage cavities or cold shuts. However, without a reference dataset or known defect standards, it is impossible to confirm whether any subtle or microscopic defects exist.
Confidence: 95%",Defective,flash,,"Classification: Defective
Defect type: flash
Evidence: Flash is visible on the outer edge of the part.",False,True,fixed_by_finetuning
flash/flash_00067.jpg,prompt_3,Defective,OK,,,"Prediction: OK
Evidence: The image shows a casting with a smooth, uniform surface and no visible cracks, porosity, or surface defects. The internal structure appears consistent with a properly manufactured component, and there are no signs of machining errors or material inconsistencies. The concentric rings and central bore are well-defined, indicating good dimensional control and quality.
Confidence: High",OK,,,"Classification: OK
Defect type: None
Defect location: None",False,False,both_wrong
flash/flash_00070.jpg,prompt_1,Defective,Defective,Unknown,0.0,"Classification: Defective
Reason: The image exhibits severe digital noise and pixelation, obscuring any meaningful inspection of casting surface quality, dimensional accuracy, or internal defects. Visual inspection is not possible.
Confidence: 0%",Defective,Unknown,90.0,"Classification: Defective
Reason: surface_roughness
Confidence: 90%",True,True,both_correct
flash/flash_00070.jpg,prompt_2,Defective,OK,,70.0,"Defect present: No
Defect type: Unknown
Evidence: The image shows a circular, concentric pattern that appears to be a casting or a manufactured part with uniform rings, possibly a filter or a vent. There are no visible cracks, porosity, inclusions, or surface irregularities that would indicate a defect. The image is heavily pixelated and noisy, which obscures fine details, but the overall structure appears consistent and intact. Without clear visual evidence of a defect and without a labeled dataset to cross-reference, no specific defect type can be identified.
Confidence: 70%",Defective,flash,,"Classification: Defective
Defect type: flash
Evidence: The image shows a flash, which is a thin layer of material that has been extruded from the mold during the casting process. This flash is visible as a thin layer around the outer edge of the circular object.",False,True,fixed_by_finetuning
flash/flash_00070.jpg,prompt_3,Defective,Defective,Unknown,,"Prediction: Defective
Evidence: The image exhibits severe digital noise and pixelation, making it impossible to visually inspect the casting’s surface for defects such as cracks, porosity, or dimensional inconsistencies. The concentric circular pattern appears distorted and lacks clear definition, which would be necessary to determine if the casting meets quality standards.
Confidence: High",Defective,surface_roughness,,"Classification: Defective
Defect type: surface_roughness",True,True,both_correct
flash/flash_00082.jpg,prompt_1,Defective,Defective,Unknown,10.0,"Classification: Defective
Reason: The image exhibits severe pixelation and noise, obscuring critical surface details and internal structure, making it impossible to assess casting quality accurately.
Confidence: 10%",Defective,Unknown,90.0,"Classification: Defective
Reason: surface_roughness
Confidence: 90%",True,True,both_correct
flash/flash_00082.jpg,prompt_2,Defective,OK,,30.0,"Defect present: No
Defect type: Unknown
Evidence: The image shows a circular industrial casting with concentric rings, likely a bearing or similar component. The surface appears uniformly textured with no visible cracks, porosity, inclusions, or surface irregularities that would indicate a defect. However, the image quality is extremely noisy and pixelated, which obscures fine details and prevents definitive assessment of internal or microstructural defects.
Confidence: 30%",Defective,Unknown,,"Classification: Unknown
Defect present: No",False,True,fixed_by_finetuning
flash/flash_00082.jpg,prompt_3,Defective,Defective,Unknown,,"Prediction: Defective
Evidence: The image exhibits severe pixelation and noise, making it impossible to visually inspect for surface defects, dimensional accuracy, or casting quality. No discernible features (e.g., cracks, porosity, flash, or dimensional inconsistencies) can be reliably assessed due to the image degradation.
Confidence: High",Defective,surface_roughness,,"Classification: Defective
Defect type: surface_roughness",True,True,both_correct
flash/flash_00086.jpg,prompt_1,Defective,Defective,Unknown,95.0,"Classification: Defective
Reason: A black square is present in the upper right area, which appears to be a foreign object or defect, not part of the casting’s intended structure.
Confidence: 95%",Defective,Unknown,90.0,"Classification: Defective
Reason: surface_roughness
Confidence: 90%",True,True,both_correct
flash/flash_00086.jpg,prompt_2,Defective,OK,,90.0,"Defect present: No
Defect type: Unknown
Evidence: The image shows a circular metallic component with a smooth, uniform surface and no visible cracks, pits, or surface irregularities. The internal structure appears intact, and the casting edges are clean. However, without additional context or reference to known defect standards, no specific defect type can be confidently identified.
Confidence: 90%",Defective,Unknown,,"Classification: Unknown
Defect present: No",False,True,fixed_by_finetuning
flash/flash_00086.jpg,prompt_3,Defective,OK,,,"Prediction: OK
Evidence: The casting shows no visible surface defects such as cracks, porosity, inclusions, or excessive flash. The concentric rings and internal structure appear uniform and well-defined, with no signs of warping or machining inconsistencies. The black square in the upper right is likely a placeholder or artifact and does not indicate a defect in the casting itself. All visual features are consistent with a properly manufactured casting.
Confidence: High",Defective,flash,,"Classification: Defective
Defect type: flash",False,True,fixed_by_finetuning
flash/flash_00098.jpg,prompt_1,Defective,Defective,Unknown,90.0,"Classification: Defective
Reason: Presence of two large black rectangular areas on the casting surface, likely indicating significant surface defects such as porosity, inclusions, or incomplete filling.
Confidence: 90%",Defective,Unknown,90.0,"Classification: Defective
Reason: Defective surface: surface_roughness
Confidence: 90%",True,True,both_correct
flash/flash_00098.jpg,prompt_2,Defective,Defective,Unknown,30.0,"Defect present: Yes
Defect type: Unknown
Evidence: The image shows a circular casting with a central hole and concentric rings, but the presence of two black rectangular blocks obscures critical areas. These blocks likely mask potential defects such as porosity, inclusions, or surface cracks that might be visible in the unobscured regions. Without clear visual access to the internal or surface features, it is impossible to definitively identify a defect type.
Confidence: 30%",Defective,surface_roughness,90.0,"Classification: Defective
Defect type: surface_roughness
Evidence: The surface of the object has a rough texture, which is a surface defect.
Confidence: 90%",True,True,both_correct
flash/flash_00098.jpg,prompt_3,Defective,Defective,Unknown,,"Prediction: Defective
Evidence: The image shows a casting with a visible, irregularly shaped void or inclusion near the center, which is not consistent with a properly solidified casting. The black rectangular blocks appear to be masking areas, but the underlying structure suggests a defect such as porosity or shrinkage cavity. The concentric ring-like structure is not uniform, indicating possible internal flaws.
Confidence: High",Defective,surface_roughness,,"Classification: Defective
Defect type: surface_roughness",True,True,both_correct
inclusion/inclusion_00011.jpg,prompt_1,Defective,Defective,Unknown,85.0,"Classification: Defective
Reason: The image shows multiple bright circular spots and irregular patterns on the casting surface, suggesting surface defects such as porosity, inclusions, or casting shrinkage, which are not acceptable in quality standards.
Confidence: 85%",Defective,Unknown,95.0,"Classification: Defective
Reason: inclusion
Confidence: 95%",True,True,both_correct
inclusion/inclusion_00011.jpg,prompt_2,Defective,Defective,Unknown,20.0,"Defect present: Yes
Defect type: Unknown
Evidence: The image shows a highly pixelated and noisy representation of what appears to be a circular casting with concentric rings and bright spots, possibly indicating surface irregularities or inclusions. However, due to the extreme image degradation, it is impossible to definitively identify a specific defect type (e.g., porosity, shrinkage, cracking, or inclusions) based on visual inspection. The bright spots could be reflections, surface defects, or artifacts from the imaging process.
Confidence: 20%",Defective,inclusion,,"Classification: Defective
Defect type: inclusion
Evidence: Inclusions are visible as bright spots on the surface of the casting.",True,True,both_correct
inclusion/inclusion_00011.jpg,prompt_3,Defective,Defective,Unknown,,"Prediction: Defective
Evidence: The image exhibits severe pixelation and noise, making it impossible to visually inspect for manufacturing defects such as surface cracks, porosity, or dimensional inaccuracies. The central feature appears to be a circular pattern, but the low resolution and grainy texture obscure any meaningful inspection criteria. Without clear visual detail, it is not possible to determine if the casting meets quality standards.
Confidence: Low",Defective,inclusion,,"Classification: Defective
Defect type: inclusion",True,True,both_correct
inclusion/inclusion_00021.jpg,prompt_1,Defective,Defective,Unknown,85.0,"Classification: Defective
Reason: Presence of multiple irregular spots and discolorations on the casting surface, indicating potential porosity, inclusions, or surface defects.
Confidence: 85%",Defective,Unknown,90.0,"Classification: Defective
Reason: Defect type: inclusion
Confidence: 90%",True,True,both_correct
inclusion/inclusion_00021.jpg,prompt_2,Defective,Defective,Unknown,,"Defect present: Yes
Defect type: Unknown
Evidence: The image shows a metallic casting with three distinct, localized areas of apparent surface irregularity: one small, oval-shaped area on the left, one elongated, fragmented area near the center, and one colorful, speckled area on the right. These anomalies do not conform to typical casting defects like porosity, inclusions, or shrinkage cavities, and their appearance is inconsistent with standard metallurgical or manufacturing defects. The colorful speckled area may indicate contamination, coating, or a non-standard material, but without context or reference standards, the exact nature of",Defective,inclusion,90.0,"Classification: Defective
Defect present: Yes
Defect type: inclusion
Evidence: Defects: [inclusion, inclusion]
Confidence: 90%",True,True,both_correct
inclusion/inclusion_00021.jpg,prompt_3,Defective,Defective,Unknown,,"Prediction: Defective
Evidence: The image shows three distinct areas with visual anomalies: a white speck on the left, a colorful speck on the right, and a colorful speck near the bottom center. These are not consistent with the uniform metallic appearance expected in a properly manufactured casting. The presence of these irregular, non-metallic, or multi-colored spots indicates surface defects or contamination.
Confidence: High",Defective,inclusion,,"Classification: Defective
Defect type: inclusion
Defect type: mixed_defects",True,True,both_correct
inclusion/inclusion_00042.jpg,prompt_1,Defective,Defective,Unknown,85.0,"Classification: Defective
Reason: Presence of multiple irregular, colorful speckles and a white oval anomaly on the casting surface, indicating surface defects or contamination.
Confidence: 85%",Defective,Unknown,95.0,"Classification: Defective
Reason: inclusion
Confidence: 95%",True,True,both_correct
inclusion/inclusion_00042.jpg,prompt_2,Defective,Defective,Unknown,60.0,"Defect present: Yes
Defect type: Unknown
Evidence: The image shows a metallic casting with a central bore and concentric rings, but there are several small, irregularly shaped, colorful speckles scattered around the casting. These speckles do not appear to be part of the intended design and may indicate contamination, inclusions, or surface defects such as paint or debris. However, without context or reference standards, it is not possible to definitively classify the defect type (e.g., porosity, inclusions, cracks, etc.).
Confidence: 60%",Defective,inclusion,,"Classification: Defective
Defect present: Yes
Defect type: inclusion
Evidence: Inclusions are present at the following locations: [178, 730], [178, 730], [178, 730], [178, 730], [178, 730], [178, 730], [178, 730], [178, 730], [178, 730], [178, 730],",True,True,both_correct
inclusion/inclusion_00042.jpg,prompt_3,Defective,Defective,Unknown,,"Prediction: Defective
Evidence: The image shows a casting with multiple small, irregularly shaped, colorful speckles or spots scattered across its surface, particularly near the outer rim and inner bore. These appear to be non-uniform inclusions or surface defects that are inconsistent with a clean, finished casting. The presence of these anomalies suggests a manufacturing defect.
Confidence: High",Defective,inclusion,,"Classification: Defective
Defect type: inclusion
Defect location: [178, 718, 252, 830], [548, 662, 597, 744], [128, 107, 208, 202], [847, 268, 936, 357]",True,True,both_correct
inclusion/inclusion_00045.jpg,prompt_1,Defective,Defective,Unknown,85.0,"Classification: Defective
Reason: Multiple circular, colorful artifacts (likely digital overlays or noise) are present on the casting surface, indicating image corruption or non-uniform material that suggests a defect.
Confidence: 85%",Defective,Unknown,95.0,"Classification: Defective
Reason: inclusion
Confidence: 95%",True,True,both_correct
inclusion/inclusion_00045.jpg,prompt_2,Defective,Defective,Unknown,50.0,"Defect present: Yes
Defect type: Unknown
Evidence: The image shows a metallic disc with several colorful, pixelated circular anomalies scattered around its perimeter and near the center. These appear to be digital artifacts or overlays rather than actual physical defects in the casting. The central region shows a smooth, concentric structure consistent with a bearing or hub, but the colorful spots do not correspond to known casting defects such as porosity, inclusions, or cracks. Without context or reference to a labeled dataset, the nature of these anomalies cannot be classified as a specific defect type.
Confidence: 50%",Defective,inclusion,90.0,"Classification: Defective
Defect type: inclusion
Evidence: Defects are marked with red circles.
Confidence: 90%",True,True,both_correct
inclusion/inclusion_00045.jpg,prompt_3,Defective,Defective,Unknown,,"Prediction: Defective
Evidence: The image shows a casting with multiple small, colorful, circular artifacts (likely digital overlays or noise) scattered around the perimeter and near the center. These artifacts are inconsistent with the expected uniform metallic surface of a manufactured casting and suggest either image corruption, contamination, or defects in the casting process. The presence of these non-uniform, colorful spots indicates a deviation from the expected visual quality.
Confidence: High",Defective,inclusion,,"Classification: Defective
Defect type: inclusion
Defect location: [0.56, 0.28, 0.62, 0.34]
Defect type: inclusion
Defect location: [0.43, 0.32, 0.52, 0.39]
Defect type: inclusion
Defect location: [0.84, 0.07, 0.93, 0.15]
Defect type: inclusion
Defect location: [0.07, 0.3,",True,True,both_correct
inclusion/inclusion_00062.jpg,prompt_1,Defective,Defective,Unknown,85.0,"Classification: Defective
Reason: Small, colorful speckles (likely foreign particles or inclusions) are visible on the casting surface, indicating contamination or improper material purity.
Confidence: 85%",Defective,Unknown,80.0,"Classification: Defective
Reason: inclusion
Confidence: 80",True,True,both_correct
inclusion/inclusion_00062.jpg,prompt_2,Defective,Defective,Unknown,60.0,"Defect present: Yes
Defect type: Unknown
Evidence: The image shows a metallic casting with a small, colorful, irregularly shaped spot near the center, which does not conform to the uniform metallic appearance expected in a standard casting. This anomaly could be a foreign inclusion, a surface contamination, or a manufacturing defect, but without context or reference standards, the exact nature cannot be determined.
Confidence: 60%",Defective,inclusion,80.0,"Classification: Defective
Defect present: Yes
Defect type: inclusion
Evidence: Defects are multicolored and located at the bottom right of the image.
Confidence: 80%",True,True,both_correct
inclusion/inclusion_00062.jpg,prompt_3,Defective,Defective,Unknown,,"Prediction: Defective
Evidence: The image shows a casting with a small, colorful, irregularly shaped object (possibly a foreign particle or contaminant) located near the center of the casting's inner surface. This is not a normal feature of the casting and indicates a defect.
Confidence: High",Defective,inclusion,,"Classification: Defective
Defect type: inclusion
Defect location: [508, 708, 578, 778]",True,True,both_correct
inclusion/inclusion_00063.jpg,prompt_1,Defective,Defective,Unknown,85.0,"Classification: Defective
Reason: A small, irregularly shaped inclusion or void is visible near the inner wall of the casting, indicating a potential casting defect such as porosity or incomplete filling.
Confidence: 85%",Defective,Unknown,,"Classification: Defective
Reason: Defect type: inclusion, Defect location: [1, 2, 3, 4, 5, 6, 7, 8, 9, 10, 11, 12, 13, 14, 15, 16, 17, 18, 19, 20, 21, 22, 23, 24, 25, 26, 27, 28, 29, 30,",True,True,both_correct
inclusion/inclusion_00063.jpg,prompt_2,Defective,Defective,Inclusion,85.0,"Defect present: Yes
Defect type: Inclusion
Evidence: A small, irregularly shaped, multicolored spot is visible within the casting’s inner wall, consistent with a foreign inclusion or particulate embedded during the casting process. The spot appears distinct from the surrounding metal matrix and is not part of the intended structure.
Confidence: 85%",Defective,inclusion,,"Classification: Defective
Defect type: inclusion
Evidence: Defects: 1. inclusion (multicolor) 2. inclusion (white) 3. inclusion (white) 4. inclusion (white) 5. inclusion (white)",True,True,both_correct
inclusion/inclusion_00063.jpg,prompt_3,Defective,Defective,Unknown,,"Prediction: Defective
Evidence: The image shows a casting with a visible, irregularly shaped, multicolored spot (possibly a foreign inclusion or contamination) located on the inner wall of the casting, near the top-left quadrant. Additionally, there are several bright, circular artifacts scattered across the surface, which are inconsistent with the expected uniformity of a properly manufactured casting. These anomalies suggest defects not consistent with a quality inspection standard.
Confidence: High",Defective,inclusion,,"Classification: Defective
Defect type: inclusion
Defect location: [0.22, 0.28]",True,True,both_correct
inclusion/inclusion_00083.jpg,prompt_1,Defective,Defective,Unknown,20.0,"Classification: Defective
Reason: The image shows significant pixelation and noise, obscuring critical details needed for quality inspection. The casting’s surface and internal features are indistinct, making it impossible to verify dimensional accuracy, surface finish, or presence of internal defects.
Confidence: 20%",Defective,Unknown,95.0,"Classification: Defective
Reason: inclusion
Confidence: 95%",True,True,both_correct
inclusion/inclusion_00083.jpg,prompt_2,Defective,OK,,30.0,"Defect present: No
Defect type: Unknown
Evidence: The image shows a circular industrial casting with concentric rings and small white spots, which may be reflective or surface imperfections but do not clearly indicate a manufacturing defect such as porosity, cracks, or inclusions. The image quality is low (pixelated), making it difficult to definitively assess for defects.
Confidence: 30%",Defective,inclusion,,"Classification: Defective
Defect present: Yes
Defect type: inclusion
Evidence: Inclusions are visible as white spots on the surface of the part.",False,True,fixed_by_finetuning
inclusion/inclusion_00083.jpg,prompt_3,Defective,Defective,Unknown,,"Prediction: Defective
Evidence: The image exhibits significant pixelation and noise, making it impossible to visually verify the casting’s surface quality, dimensional accuracy, or presence of defects such as porosity, cracks, or flash. The visual information is too degraded to perform a reliable inspection.
Confidence: High",Defective,inclusion,,"Classification: Defective
Defect type: inclusion
Defect location: [0.0, 0.4, 0.1, 0.1], [0.3, 0.3, 0.4, 0.4], [0.4, 0.2, 0.5, 0.3]",True,True,both_correct
inclusion/inclusion_00084.jpg,prompt_1,Defective,Defective,Unknown,85.0,"Classification: Defective
Reason: Small, irregularly shaped inclusions or slag are visible on the casting surface, particularly near the outer rim and inner bore, indicating contamination or improper casting process.
Confidence: 85%",Defective,Unknown,80.0,"Classification: Defective
Reason: inclusion
Confidence: 80",True,True,both_correct
inclusion/inclusion_00084.jpg,prompt_2,Defective,Defective,Inclusions,85.0,"Defect present: Yes
Defect type: Inclusions
Evidence: Small, bright, irregularly shaped spots are visible on the inner and outer surfaces of the casting, consistent with inclusions — foreign material trapped during the casting process. These appear as distinct, non-metallic specks contrasting with the surrounding metal matrix.
Confidence: 85%",Defective,inclusion,80.0,"Classification: Defective
Defect type: inclusion
Evidence: Inclusions are visible as colorful speckles on the surface of the part.
Confidence: 80%",True,True,both_correct
inclusion/inclusion_00084.jpg,prompt_3,Defective,Defective,Unknown,,"Prediction: Defective
Evidence: The image shows three distinct, irregularly shaped, colorful speckles or spots on the metallic surface of the casting, which are inconsistent with the uniform, monochromatic appearance expected in a properly finished casting. These anomalies suggest contamination, surface defects, or improper coating, which are not acceptable in a quality inspection.
Confidence: High",Defective,inclusion,,"Classification: Defective
Defect type: inclusion
Defect location: [0.71, 0.42, 0.77, 0.47]",True,True,both_correct
inclusion/inclusion_00099.jpg,prompt_1,Defective,Defective,Unknown,85.0,"Classification: Defective
Reason: Presence of visible internal voids or porosity in the casting, particularly near the center and along the inner wall, indicating incomplete filling or gas inclusion during casting.
Confidence: 85%",Defective,Unknown,80.0,"Classification: Defective
Reason: inclusion
Confidence: 80",True,True,both_correct
inclusion/inclusion_00099.jpg,prompt_2,Defective,Defective,Inclusion,75.0,"Defect present: Yes
Defect type: Inclusion
Evidence: Small, irregularly shaped dark spots are visible on the outer surface and near the inner bore, consistent with embedded foreign material or inclusions typical in casting processes. The texture and location suggest non-metallic inclusions rather than porosity or surface cracking.
Confidence: 75%",Defective,inclusion,90.0,"Classification: Defective
Defect type: inclusion
Evidence: Inclusions detected at the following locations: [1] [2] [3] [4]
Confidence: 90%",True,True,both_correct
inclusion/inclusion_00099.jpg,prompt_3,Defective,OK,,,"Prediction: OK
Evidence: The casting shows a clean, concentric circular structure with no visible cracks, porosity, or surface defects. The internal and external surfaces appear smooth and well-defined, consistent with a properly manufactured casting. There are no signs of material inclusions or dimensional irregularities that would indicate a defect.
Confidence: High",Defective,inclusion,,"Classification: Defective
Defect type: inclusion
Defect location: [0.22, 0.08, 0.28, 0.11], [0.75, 0.15, 0.81, 0.21], [0.82, 0.73, 0.88, 0.79], [0.93, 0.82, 0.99, 0.89]",False,True,fixed_by_finetuning
mixed_defects/mixed_defects_00009.jpg,prompt_1,Defective,Defective,Unknown,85.0,"Classification: Defective
Reason: Presence of a large dark circular defect (possibly porosity or inclusions) and irregularities in the casting surface, along with a black square artifact that suggests contamination or damage.
Confidence: 85%",Defective,Unknown,95.0,"Classification: Defective
Reason: Defect type: mixed_defects, Defects: scratch, dent, mixed_defects
Confidence: 95%",True,True,both_correct
mixed_defects/mixed_defects_00009.jpg,prompt_2,Defective,Defective,Inclusion,85.0,"Defect present: Yes
Defect type: Inclusion
Evidence: A dark, irregularly shaped inclusion is visible near the center of the casting, surrounded by concentric rings. This appears to be a foreign material trapped during the casting process, consistent with an inclusion defect.
Confidence: 85%",Defective,mixed_defects,,"Classification: Defective
Defect type: mixed_defects
Evidence: Defects: mixed_defects (crack, dent, mixed_defects)",True,True,both_correct
mixed_defects/mixed_defects_00009.jpg,prompt_3,Defective,Defective,Unknown,,"Prediction: Defective
Evidence: The image shows a casting with visible internal defects, including a dark, irregularly shaped void or inclusion near the center, and a large black square artifact in the upper left quadrant. These features suggest material inconsistencies or manufacturing flaws not consistent with a properly cast part.
Confidence: High",Defective,mixed_defects,,"Classification: Defective
Defect type: mixed_defects
Defects: [('*', 47), ('*', 198), ('*', 220), ('*', 270), ('*', 300), ('*', 330), ('*', 360), ('*', 390), ('*', 420), ('*', 450), ('*', 480), ('*', 510), ('*', 540), ('*', 570), ('*', 600), ('*', 63",True,True,both_correct
mixed_defects/mixed_defects_00010.jpg,prompt_1,Defective,Defective,Unknown,85.0,"Classification: Defective
Reason: The image shows a significant dark, irregularly shaped defect or void near the center of the casting, which disrupts the expected concentric circular structure and suggests material absence or porosity.
Confidence: 85%",Defective,Unknown,90.0,"Classification: Defective
Reason: Defect type: shrinkage
Confidence: 90%",True,True,both_correct
mixed_defects/mixed_defects_00010.jpg,prompt_2,Defective,Defective,Unknown,60.0,"Defect present: Yes
Defect type: Unknown
Evidence: The image shows a heavily pixelated and noisy industrial casting with a dark, irregularly shaped void or inclusion near the center of the circular feature. The texture and grain suggest possible casting defects such as porosity or inclusions, but the low resolution and heavy noise prevent definitive identification of the defect type. The shape and location are ambiguous without higher-resolution or cross-sectional data.
Confidence: 60%",Defective,shrinkage,,"Classification: Defective
Defect type: shrinkage
Evidence: A shrinkage defect is present in the image. The defect is located at the center of the image.",True,True,both_correct
mixed_defects/mixed_defects_00010.jpg,prompt_3,Defective,Defective,Unknown,,"Prediction: Defective
Evidence: The image exhibits significant digital noise and pixelation, which obscures fine details and surface texture that are critical for visual inspection of a casting. The central circular feature appears distorted and lacks clarity, making it impossible to verify dimensional accuracy, surface finish, or presence of defects (e.g., porosity, cracks, or misalignment) with confidence. The presence of a black, irregularly shaped object in the center further suggests either a defect or a non-standard component, but the image quality prevents definitive assessment.
Confidence: High",Defective,shrinkage,,"Classification: Defective
Defect type: shrinkage",True,True,both_correct
mixed_defects/mixed_defects_00022.jpg,prompt_1,Defective,Defective,Unknown,95.0,"Classification: Defective
Reason: A visible crack or line runs diagonally across the casting, indicating a structural flaw.
Confidence: 95%",Defective,Unknown,90.0,"Classification: Defective
Reason: scratch
Confidence: 90%",True,True,both_correct
mixed_defects/mixed_defects_00022.jpg,prompt_2,Defective,Defective,Crack,90.0,"Defect present: Yes
Defect type: Crack
Evidence: A distinct linear discontinuity is visible across the metallic disc, running diagonally from the lower-left to upper-right, which is consistent with a crack or fracture in the casting. The crack appears as a sharp, straight line with a clear contrast against the surrounding material, indicating a break in the structural integrity.
Confidence: 90%",Defective,scratch,,"Classification: Defective
Defect type: scratch
Evidence: A scratch is visible on the surface of the disc.",True,True,both_correct
mixed_defects/mixed_defects_00022.jpg,prompt_3,Defective,OK,,,"Prediction: OK
Evidence: The image shows a circular metallic casting with a central bore and concentric rings, consistent with a typical manufactured part. There are no visible cracks, chips, porosity, or surface defects that would indicate a defect. The surface appears uniform and the casting is properly aligned on the inspection surface. The single diagonal line is likely an artifact of the imaging setup or a measurement line, not a defect.
Confidence: High",Defective,scratch,,"Classification: Defective
Defect type: scratch",False,True,fixed_by_finetuning
mixed_defects/mixed_defects_00024.jpg,prompt_1,Defective,Defective,Unknown,85.0,"Classification: Defective
Reason: Presence of multiple dark, irregularly shaped inclusions or voids within the casting, indicating potential porosity or contamination.
Confidence: 85%",Defective,Unknown,95.0,"Classification: Defective
Reason: Defect type: mixed_defects, Defects: mixed_defects
Confidence: 95%",True,True,both_correct
mixed_defects/mixed_defects_00024.jpg,prompt_2,Defective,Defective,Inclusion,85.0,"Defect present: Yes
Defect type: Inclusion
Evidence: The image shows dark, irregularly shaped objects embedded within the metallic casting, particularly near the center of the circular feature. These appear to be foreign inclusions, which are common defects in casting processes, disrupting the uniformity of the material.
Confidence: 85%",Defective,mixed_defects,,"Classification: Defective
Defect type: mixed_defects
Evidence: Defects: mixed_defects (mixed defects: mixed defects: 3 mixed defects: 3 mixed defects: 3 mixed defects: 3 mixed defects: 3 mixed defects: 3 mixed defects: 3 mixed defects: 3 mixed defects: 3 mixed defects: 3 mixed defects: 3 mixed defects: 3 mixed defects: 3 mixed defects: 3 mixed defects: 3 mixed defects: 3 mixed defects: 3 mixed defects: 3 mixed defects: 3 mixed defects: 3",True,True,both_correct
mixed_defects/mixed_defects_00024.jpg,prompt_3,Defective,Defective,Unknown,,"Prediction: Defective
Evidence: The image shows a casting with three distinct, irregularly shaped dark inclusions or voids located within the central region of the circular casting. These features are not part of the intended design and appear as internal defects. The surrounding metal shows concentric rings, suggesting a casting process, but the presence of these dark, non-uniform shapes indicates a manufacturing flaw.
Confidence: High",Defective,mixed_defects,,"Classification: Defective
Defect type: mixed_defects
Defect location: [0.28, 0.35, 0.5, 0.55]
Defect type: mixed_defects
Defect location: [0.5, 0.35, 0.7, 0.55]
Defect type: mixed_defects
Defect location: [0.28, 0.35, 0.5, 0.55]
Defect type: mixed_defects
Defect location: [0.",True,True,both_correct
mixed_defects/mixed_defects_00033.jpg,prompt_1,Defective,Defective,Unknown,95.0,"Classification: Defective
Reason: Multiple irregular, colorful speckled inclusions and foreign particles are visible on the casting surface, indicating contamination or improper material processing.
Confidence: 95%",Defective,mixed_defects,,"Classification: Defective
Defect type: mixed_defects
Defects: [dot, inclusion, mixed_defects]
Defects: [dot, inclusion, mixed_defects]
Defects: [dot, inclusion, mixed_defects]
Defects: [dot, inclusion, mixed_defects]
Defects: [dot, inclusion, mixed_defects]
Defects: [dot, inclusion, mixed_defects]
Defects: [dot, inclusion, mixed_defects]
Defects: [dot, inclusion, mixed_defects]
Defect",True,True,both_correct
mixed_defects/mixed_defects_00033.jpg,prompt_2,Defective,Defective,Unknown,60.0,"Defect present: Yes
Defect type: Unknown
Evidence: The image shows a metallic casting with several irregular, non-uniformly colored spots and patches on its surface, which may indicate surface contamination, inclusions, or other material inconsistencies. However, without reference to known defect databases or specific standards (e.g., porosity, cracks, inclusions, or surface pitting), the exact nature of these anomalies cannot be definitively classified. The presence of colored speckles and irregular shapes suggests potential surface defects, but their origin is ambiguous.
Confidence: 60%",Defective,mixed_defects,,"Classification: Defective
Defect type: mixed_defects
Evidence: Defects: mixed_defects (type: mixed_defects, location: [0.12, 0.77, 0.22, 0.82], [0.09, 0.82, 0.17, 0.89], [0.28, 0.94, 0.38, 1.0], [0.33, 0.54, 0.4, 0.62],",True,True,both_correct
mixed_defects/mixed_defects_00033.jpg,prompt_3,Defective,Defective,Unknown,,"Prediction: Defective
Evidence: The image shows a casting with multiple irregular, non-uniformly shaped, and colored spots (e.g., at top left, top right, bottom left, bottom center) that are inconsistent with the uniform metallic surface expected in a properly manufactured casting. These anomalies suggest defects such as inclusions, porosity, or surface contamination. Additionally, there is a large black square obscuring part of the casting, which may indicate a defect or damage to the inspection image itself.
Confidence: High",Defective,mixed_defects,,"Classification: Defective
Defect type: mixed_defects
Defect location: [0.25, 0.61, 0.27, 0.64], [0.62, 0.41, 0.64, 0.44], [0.82, 0.49, 0.84, 0.51], [0.85, 10, 0.87, 0.12], [0.27, 0.0, 0.3,",True,True,both_correct
mixed_defects/mixed_defects_00043.jpg,prompt_1,Defective,Defective,Unknown,85.0,"Classification: Defective
Reason: The casting shows visible surface defects including irregularities, discoloration, and what appear to be inclusions or porosity, indicating poor quality.
Confidence: 85%",Defective,Unknown,,"Classification: Defective
Reason: Defect type: mixed_defects
Defects: [porosity, crack]",True,True,both_correct
mixed_defects/mixed_defects_00043.jpg,prompt_2,Defective,Defective,Unknown,70.0,"Defect present: Yes
Defect type: Unknown
Evidence: The image shows a clock face with visible irregularities in the circular rings and markings, suggesting possible casting defects such as porosity, inclusions, or surface imperfections. However, without specific reference to known defect types (e.g., shrinkage cavities, cracks, or inclusions) from the dataset, the exact nature of the defect cannot be definitively classified.
Confidence: 70%",Defective,mixed_defects,,"Classification: Defective
Defect type: mixed_defects
Evidence: Defects: mixed_defects (presence of mixed defects: 1. inclusion, 2. crack)",True,True,both_correct
mixed_defects/mixed_defects_00043.jpg,prompt_3,Defective,Defective,Unknown,,"Prediction: Defective
Evidence: The image shows a clock face with a central circular area that appears to be a casting defect — it is dark, possibly hollow or misaligned, and surrounded by concentric rings that suggest material inconsistencies or poor casting quality. The clock hands and markings are also irregular and not properly aligned, indicating manufacturing flaws.
Confidence: High",Defective,mixed_defects,,"Classification: Defective
Defect type: mixed_defects
Defect location: [0.58, 0.34]",True,True,both_correct
mixed_defects/mixed_defects_00057.jpg,prompt_1,Defective,Defective,Unknown,85.0,"Classification: Defective
Reason: The image shows multiple circular rings with irregularities and what appear to be voids or inclusions, particularly in the inner concentric regions, indicating potential casting defects such as porosity or incomplete filling.
Confidence: 85%",Defective,Unknown,,"Classification: Defective
Reason: Defect type: porosity, Defect location: [0.0, 0.0, 0.0, 0.0, 0.0, 0.0, 0.0, 0.0, 0.0, 0.0, 0.0, 0.0, 0.0, 0.0, 0.0, 0.0, 0.0, 0.0, 0.0, 0.0, 0.0, 0.0,",True,True,both_correct
mixed_defects/mixed_defects_00057.jpg,prompt_2,Defective,OK,,70.0,"Defect present: No
Defect type: Unknown
Evidence: The image shows a circular, concentric structure with a central hole and surrounding rings, consistent with a casting such as a turbine blade or a similar component. There are no visible cracks, porosity, inclusions, or surface irregularities that would indicate a defect. The image is noisy and pixelated, which may obscure fine details, but the overall structure appears uniform and intact. Without a reference dataset or known defect patterns, no specific defect type can be confidently identified.
Confidence: 70%",Defective,porosity,,"Classification: Defective
Defect type: porosity
Evidence: Defects: 8 porosity",False,True,fixed_by_finetuning
mixed_defects/mixed_defects_00057.jpg,prompt_3,Defective,Defective,Unknown,,"Prediction: Defective
Evidence: The image shows a casting with multiple concentric circular rings, but there are visible irregularities including a bright white spot near the outer ring and several small dark specks scattered across the surface. These anomalies suggest surface defects or inclusions that are not consistent with a properly manufactured casting. The overall image quality is also degraded by pixelation and noise, which may mask or obscure finer details, but the presence of distinct non-uniform features indicates a defect.
Confidence: High",Defective,porosity,,"Classification: Defective
Defect type: porosity
Defect location: [0.26, 0.35, 0.31, 0.38], [0.0, 0.0, 0.04, 0.05], [0.0, 0.23, 0.05, 0.27], [0.92, 0.9, 0.97, 0.96], [0.78, 0.3, 0.81, 0.",True,True,both_correct
mixed_defects/mixed_defects_00063.jpg,prompt_1,Defective,Defective,Unknown,90.0,"Classification: Defective
Reason: Presence of multiple linear cracks or fractures radiating from the center, indicating structural failure or improper solidification.
Confidence: 90%",Defective,Unknown,99.0,"Classification: Defective
Reason: Defect type: mixed_defects, Defects: mixed_defects
Confidence: 99%",True,True,both_correct
mixed_defects/mixed_defects_00063.jpg,prompt_2,Defective,Defective,Inclusion,85.0,"Defect present: Yes
Defect type: Inclusion
Evidence: The image shows a dark, irregularly shaped inclusion within the casting’s interior, particularly visible in the central region near the hub. This appears as a non-metallic or dense foreign material embedded in the metal matrix, consistent with an inclusion defect. The inclusion is not aligned with the casting’s structural features and appears to be a separate, distinct mass.
Confidence: 85%",Defective,mixed_defects,100.0,"Classification: Defective
Defect type: mixed_defects
Evidence: Defects: mixed_defects (mixed_defects: 100%)
Defects: mixed_defects (mixed_defects: 100%)
Defects: mixed_defects (mixed_defects: 100%)
Defects: mixed_defects (mixed_defects: 100%)
Defects: mixed_defects (mixed_defects: 100%)
Defects: mixed_defects (mixed_defect",True,True,both_correct
mixed_defects/mixed_defects_00063.jpg,prompt_3,Defective,Defective,Unknown,,"Prediction: Defective
Evidence: The image shows a casting with visible internal defects, including what appear to be cracks or voids radiating from the center, and irregularities in the inner wall structure. The presence of these features suggests a manufacturing defect that compromises structural integrity.
Confidence: High",Defective,mixed_defects,,"Classification: Defective
Defect type: mixed_defects
Defects: [ {'defect_type': 'crack', 'defect_location': [0.12, 0.28, 0.87, 0.42]}, {'defect_type': 'crack', 'defect_location': [0.5, 0.5, 0.87, 0.61]}, {'defect_type': 'crack', 'defect_location': [0.7, 0.77, 0.9, 0.95",True,True,both_correct
mixed_defects/mixed_defects_00064.jpg,prompt_1,Defective,Defective,Unknown,85.0,"Classification: Defective
Reason: Presence of multiple bright, irregularly shaped spots (likely porosity or inclusions) on the casting surface and within the internal cavity, indicating material defects.
Confidence: 85%",Defective,Unknown,95.0,"Classification: Defective
Reason: Defect type: mixed_defects, Defects: porosity, porosity
Confidence: 95%",True,True,both_correct
mixed_defects/mixed_defects_00064.jpg,prompt_2,Defective,Defective,Unknown,,"Defect present: Yes
Defect type: Unknown
Evidence: The image shows a metallic casting with several small, bright, irregularly shaped spots (possibly due to slag, inclusions, or surface contamination) and dark specks scattered across the surface. While these may indicate surface defects, their nature and origin are ambiguous without material analysis or reference standards. The internal structure appears to have a central bore with some shadowing, but no clear evidence of porosity, cracks, or inclusions is visible. The presence of multiple bright spots suggests possible surface contamination or inclusions, but without context or comparison to known defect databases, classification is",Defective,mixed_defects,90.0,"Classification: Defective
Defect type: mixed_defects
Evidence: Defects: 4 porosity, 2 mixed_defects
Confidence: 90%",True,True,both_correct
mixed_defects/mixed_defects_00064.jpg,prompt_3,Defective,Defective,Unknown,,"Prediction: Defective
Evidence: The image shows a casting with multiple small, bright, circular spots (likely indicating inclusions or porosity) and several dark specks scattered across the surface. These anomalies are inconsistent with a high-quality, defect-free casting. The presence of these irregularities suggests material imperfections that would typically be considered defects in quality inspection.
Confidence: High",Defective,mixed_defects,,"Classification: Defective
Defect type: mixed_defects
Defect location: [0.02, 0.34, 0.08, 0.12], [0.05, 0.85, 0.07, 0.08], [0.39, 0.6, 0.04, 0.04], [0.57, 0.6, 0.08, 0.08], [0.75, 0.08, 0.0",True,True,both_correct
mixed_defects/mixed_defects_00069.jpg,prompt_1,Defective,Defective,Unknown,90.0,"Classification: Defective
Reason: Presence of multiple colored speckled inclusions (likely foreign particles or slag) within the casting, indicating contamination or improper metallurgical process.
Confidence: 90%",Defective,Unknown,95.0,"Classification: Defective
Reason: Defect type: mixed_defects, Defects: scratch, inclusion
Confidence: 95%",True,True,both_correct
mixed_defects/mixed_defects_00069.jpg,prompt_2,Defective,Defective,Inclusion,85.0,"Defect present: Yes
Defect type: Inclusion
Evidence: The image shows several bright, speckled, irregularly shaped regions (particularly the cluster at top-left and the one at bottom-right) that contrast sharply with the surrounding gray metallic matrix. These appear as inclusions — foreign material trapped during casting — which are common defects in industrial casting processes. The two smaller, elongated shapes near the center may also be inclusions or porosity, but the speckled clusters are most consistent with inclusions.
Confidence: 85%",Defective,mixed_defects,,"Classification: Defective
Defect present: Yes
Defect type: mixed_defects
Evidence: Defects: mixed_defects (Defect type: mixed_defects, Defect location: [0.22, 0.18, 0.35, 0.25], [0.31, 0.34, 0.39, 0.38], [0.82, 0.65, 0.9, 0.71], [0.05, 0.02,",True,True,both_correct
mixed_defects/mixed_defects_00069.jpg,prompt_3,Defective,Defective,Unknown,,"Prediction: Defective
Evidence: The image shows a casting with multiple colored, speckled areas (likely indicating inclusions or contamination) located outside the central concentric rings. These anomalies are not consistent with a clean, uniform casting and suggest material defects. Additionally, the presence of a diagonal line crossing the image may indicate a scratch or flaw in the inspection surface or imaging setup, further supporting the defect classification.
Confidence: High",Defective,mixed_defects,,"Classification: Defective
Defect type: mixed_defects
Defects: [ {'defect_type': 'mixed_defects', 'bbox_2d': [250, 125, 355, 235], 'defect_type': 'mixed_defects', 'bbox_2d': [325, 312, 410, 385], 'defect_type': 'mixed_defects', 'bbox_2d': [805, 658, 905, 72",True,True,both_correct
mixed_defects/mixed_defects_00071.jpg,prompt_1,Defective,Defective,Unknown,85.0,"Classification: Defective
Reason: Presence of multiple irregular spots and discolorations on the casting surface, including a colorful speckled area and other anomalous patches, indicating surface defects or contamination.
Confidence: 85%",Defective,Unknown,95.0,"Classification: Defective
Reason: Defect type: mixed_defects, Defects: mixed_defects
Confidence: 95%",True,True,both_correct
mixed_defects/mixed_defects_00071.jpg,prompt_2,Defective,Defective,Surface porosity,75.0,"Defect present: Yes
Defect type: Surface porosity
Evidence: Several small, bright, irregularly shaped spots are visible on the casting surface, particularly near the outer rim and along the inner wall. These appear as localized voids or inclusions that disrupt the uniform metallic appearance, consistent with surface porosity. One spot near the bottom right has a multicolored, speckled appearance, suggesting a more complex defect or possible contamination.
Confidence: 75%",Defective,mixed_defects,,"Classification: Defective
Defect type: mixed_defects
Evidence: Defects: mixed_defects (type: mixed_defects, location: [100, 625], [100, 625], [100, 625], [100, 625], [100, 625], [100, 625], [100, 625], [100, 625], [100, 625], [100",True,True,both_correct
mixed_defects/mixed_defects_00071.jpg,prompt_3,Defective,Defective,Unknown,,"Prediction: Defective
Evidence: The image shows a casting with multiple small, irregularly shaped, and brightly colored specks scattered across its surface, particularly noticeable near the outer rim and inner bore. These specks are inconsistent with the uniform metallic appearance expected in a properly manufactured casting and suggest contamination, inclusions, or surface defects. Additionally, there are areas of uneven texture and potential surface pitting or discoloration, especially around the inner ring and outer edge, which deviate from a smooth, machined finish. The presence of these anomalies indicates a failure in the casting process or surface treatment.
Confidence: High",Defective,mixed_defects,,"Classification: Defective
Defect type: mixed_defects
Defect location: [0.7, 0.85, 0.75, 0.88, 0.75, 0.88, 0.7, 0.85, 0.75, 0.88, 0.75, 0.88, 0.7, 0.85, 0.75, 0.88, 0.75, 0.88, 0.7,",True,True,both_correct
mixed_defects/mixed_defects_00082.jpg,prompt_1,Defective,Defective,Unknown,75.0,"Classification: Defective
Reason: Presence of a dark, irregularly shaped defect (possibly a void, inclusion, or crack) near the center and a sharp, angular mark (possibly a scratch or tool mark) on the outer rim, indicating non-conforming surface or internal quality.
Confidence: 75%",Defective,Unknown,90.0,"Classification: Defective
Reason: Defect type: crack; Defect location: right side
Confidence: 90%",True,True,both_correct
mixed_defects/mixed_defects_00082.jpg,prompt_2,Defective,Defective,Inclusion,85.0,"Defect present: Yes
Defect type: Inclusion
Evidence: A dark, irregularly shaped inclusion is visible within the casting’s interior, near the center, which appears to be a foreign material trapped during the casting process. This is consistent with an inclusion defect.
Confidence: 85%",Defective,crack,90.0,"Classification: Defective
Defect type: crack
Evidence: Defects: crack, crack
Confidence: 90%",True,True,both_correct
mixed_defects/mixed_defects_00082.jpg,prompt_3,Defective,Defective,Unknown,,"Prediction: Defective
Evidence: The image shows a casting with a noticeable dark, irregularly shaped defect or inclusion near the center, and a black line (possibly a scratch or mark) on the outer rim. These features are not typical of a properly manufactured casting and suggest material imperfections or surface damage.
Confidence: High",Defective,crack,,"Classification: Defective
Defect type: crack
Defect type: shrinkage",True,True,both_correct
mixed_defects/mixed_defects_00084.jpg,prompt_1,Defective,Defective,Unknown,85.0,"Classification: Defective
Reason: Presence of large black rectangular areas and scattered dark spots suggest significant surface defects or internal voids, inconsistent with a properly cast part.
Confidence: 85%",Defective,Unknown,99.0,"Classification: Defective
Reason: Defect type: porosity
Defects: 10 porosity
Confidence: 99%",True,True,both_correct
mixed_defects/mixed_defects_00084.jpg,prompt_2,Defective,Defective,Inclusion,85.0,"Defect present: Yes
Defect type: Inclusion
Evidence: The image shows dark, irregularly shaped spots and patches within the metallic casting, particularly near the inner bore and along the outer rim. These appear as inclusions — foreign material trapped during the casting process — which are common defects in metal casting. The presence of multiple distinct dark regions, especially in contrast to the surrounding metal, suggests non-metallic inclusions or porosity.
Confidence: 85%",Defective,porosity,,"Classification: Defective
Defect type: porosity
Evidence: Defects: 10 porosity",True,True,both_correct
mixed_defects/mixed_defects_00084.jpg,prompt_3,Defective,Defective,Unknown,,"Prediction: Defective
Evidence: The image shows a casting with multiple dark spots and irregularities on its surface, including a large black square artifact (likely a shadow or defect) and scattered small dark dots that appear inconsistent with the expected uniform surface. These anomalies suggest surface defects or contamination not consistent with a properly finished casting.
Confidence: High",Defective,porosity,,"Classification: Defective
Defect type: porosity",True,True,both_correct
mixed_defects/mixed_defects_00093.jpg,prompt_1,Defective,Defective,Unknown,85.0,"Classification: Defective
Reason: Presence of multiple circular inclusions or voids in the casting, particularly near the top and sides, indicating internal defects.
Confidence: 85%",Defective,Unknown,,"Classification: Defective
Reason: Defect type: mixed_defects, Defects: scratch, dent, dent, dent, dent, dent, dent, dent, dent, dent, dent, dent, dent, dent, dent, dent, dent, dent, dent, dent, dent, dent, dent, dent, dent, dent, dent, dent, dent, dent, dent, dent, dent, dent, dent, dent, dent, dent, dent, dent, dent, dent, dent, dent, dent, dent, dent, dent, dent, dent, dent, dent, dent, dent,",True,True,both_correct
mixed_defects/mixed_defects_00093.jpg,prompt_2,Defective,Defective,Unknown,60.0,"Defect present: Yes
Defect type: Unknown
Evidence: The image shows a casting with visible surface irregularities, including what appear to be circular disc-like features on the outer rim and a diagonal line that may indicate a crack or tool mark. However, without clear reference to standard defect classifications (e.g., porosity, shrinkage, inclusions, cracks, or misalignment), the nature of these anomalies cannot be definitively identified from the visual information alone.
Confidence: 60%",Defective,mixed_defects,,"Classification: Defective
Defect type: mixed_defects
Evidence: Defects: scratch, dent, dent, dent, dent, dent, dent, dent, dent, dent, dent, dent, dent, dent, dent, dent, dent, dent, dent, dent, dent, dent, dent, dent, dent, dent, dent, dent, dent, dent, dent, dent, dent, dent, dent, dent, dent, dent, dent, dent, dent, dent, dent, dent, dent, dent, dent, dent, dent, dent, dent, dent, dent, dent,",True,True,both_correct
mixed_defects/mixed_defects_00093.jpg,prompt_3,Defective,Defective,Unknown,,"Prediction: Defective
Evidence: The image shows a casting with visible internal defects, including what appears to be a large, irregularly shaped void or inclusion near the center, and possibly other internal imperfections or porosity. The presence of these features indicates a manufacturing defect that would not be acceptable for quality inspection.
Confidence: High",Defective,mixed_defects,,"Classification: Defective
Defect type: mixed_defects
Defects: [{""defect_type"": ""scratch"", ""defect_location"": [122, 632, 198, 800]}, {""defect_type"": ""scratch"", ""defect_location"": [122, 538, 278, 550]}, {""defect_type"": ""scratch"", ""defect_location"": [122, 538, 278, 550]}, {""defect_type"": ""scratch"", ""def",True,True,both_correct
mixed_defects/mixed_defects_00097.jpg,prompt_1,Defective,Defective,Unknown,85.0,"Classification: Defective
Reason: Presence of multiple foreign inclusions (colored specks) and irregular black markings inside the casting, indicating contamination or casting defects.
Confidence: 85%",Defective,Unknown,95.0,"Classification: Defective
Reason: Defect type: mixed_defects, Defects: mixed_defects
Confidence: 95%",True,True,both_correct
mixed_defects/mixed_defects_00097.jpg,prompt_2,Defective,Defective,Inclusion,85.0,"Defect present: Yes
Defect type: Inclusion
Evidence: The image shows several small, distinct, non-metallic-looking circular or oval shapes (e.g., near the center and upper right) that appear to be embedded within the casting material, consistent with inclusions. These are not part of the intended structure and are typical of casting defects. Additionally, the black rectangular area may represent a shadow or a void, but the scattered colored dots (especially the multicolored one) are more indicative of inclusions.
Confidence: 85%",Defective,mixed_defects,,"Classification: Defective
Defect type: mixed_defects
Evidence: Defects: mixed_defects (mixed_defects: 1 mixed_defects: 1 mixed_defects: 1 mixed_defects: 1 mixed_defects: 1 mixed_defects: 1 mixed_defects: 1 mixed_defects: 1 mixed_defects: 1 mixed_defects: 1 mixed_defects: 1 mixed_defects: 1 mixed_defects: 1 mixed_defects: 1 mixed_defects:",True,True,both_correct
mixed_defects/mixed_defects_00097.jpg,prompt_3,Defective,Defective,Unknown,,"Prediction: Defective
Evidence: The image shows a casting with visible internal defects: a large black rectangular area (possibly a void or inclusion), a speckled circular defect near the center, and another smaller, lighter circular defect. Additionally, there are irregular black lines and scattered dots that suggest surface or internal imperfections. These anomalies are inconsistent with a properly manufactured casting.
Confidence: High",Defective,mixed_defects,,"Classification: Defective
Defect type: mixed_defects
Defects: [ {'defect_type': 'mixed_defects', 'bbox_2d': [778, 48, 999, 351], 'defect_type': 'mixed_defects', 'bbox_2d': [0, 458, 218, 620], 'defect_type': 'mixed_defects', 'bbox_2d': [362, 620, 438, 692], '",True,True,both_correct
mixed_defects/mixed_defects_00099.jpg,prompt_1,Defective,Defective,Unknown,85.0,"Classification: Defective
Reason: Presence of multiple circular and irregularly shaped inclusions or speckles across the casting surface, particularly around the central region and periphery, indicating potential contamination or porosity.
Confidence: 85%",Defective,Unknown,,"Classification: Defective
Reason: Defect type: mixed_defects, Defects: dent, dent, dent, dent, dent, dent, dent, dent, dent, dent, dent, dent, dent, dent, dent, dent, dent, dent, dent, dent, dent, dent, dent, dent, dent, dent, dent, dent, dent, dent, dent, dent, dent, dent, dent, dent, dent, dent, dent, dent, dent, dent, dent, dent, dent, dent, dent, dent, dent, dent, dent, dent, dent, dent,",True,True,both_correct
mixed_defects/mixed_defects_00099.jpg,prompt_2,Defective,Defective,Unknown,60.0,"Defect present: Yes
Defect type: Unknown
Evidence: The image shows a circular casting with multiple dark, irregularly shaped spots and speckles distributed across its surface, particularly around the outer rim and inner concentric rings. These anomalies appear inconsistent with uniform casting material and may indicate porosity, inclusions, or surface contamination. However, without reference to known defect databases or material-specific standards, the exact nature of these features cannot be definitively classified. The presence of colored speckles (possibly digital artifacts or surface contaminants) further complicates identification.
Confidence: 60%",Defective,mixed_defects,,"Classification: Defective
Defect type: mixed_defects
Evidence: Defects: mixed_defects (Defects: 3: dent, 2: mixed_defects, 1: mixed_defects, 1: mixed_defects, 1: mixed_defects, 1: mixed_defects, 1: mixed_defects, 1: mixed_defects, 1: mixed_defects, 1: mixed_defects, 1: mixed_defects, 1: mixed_defects, 1: mixed_defect",True,True,both_correct
mixed_defects/mixed_defects_00099.jpg,prompt_3,Defective,Defective,Unknown,,"Prediction: Defective
Evidence: The image shows a casting with multiple circular defects or inclusions (black spots and speckled areas) scattered across its surface, particularly around the outer rim and inner regions. These anomalies are inconsistent with a uniform, high-quality casting and suggest material imperfections or contamination.
Confidence: High",Defective,mixed_defects,,"Classification: Defective
Defect type: mixed_defects
Defects: [1: 'porosity', 2: 'dent', 3: 'mixed_defects']",True,True,both_correct
ok/ok_00000.jpg,prompt_1,OK,Defective,Unknown,85.0,"Classification: Defective
Reason: Visible internal porosity or voids in the center of the casting, indicating incomplete filling or gas inclusion during the casting process.
Confidence: 85%",Defective,Unknown,90.0,"Classification: Defective
Reason: crack
Confidence: 90%",False,False,both_wrong
ok/ok_00000.jpg,prompt_2,OK,OK,,90.0,"Defect present: No
Defect type: Unknown
Evidence: The image shows a circular industrial casting with concentric rings and a central bore. The surface appears smooth and uniform, with no visible cracks, porosity, inclusions, or surface irregularities that would indicate a defect. The internal structure appears consistent with a machined or cast component, but without additional context or reference standards, no specific defect type can be identified.
Confidence: 90%",Defective,crack,,"Classification: Defective
Defect type: crack
Evidence: A crack is visible on the right side of the part.",True,False,broken_by_finetuning
ok/ok_00000.jpg,prompt_3,OK,OK,,,"Prediction: OK
Evidence: The image shows a circular casting with concentric rings and a central bore. There are no visible cracks, porosity, inclusions, or surface defects that would indicate a manufacturing defect. The surfaces appear smooth and uniform, consistent with a well-processed casting. No evidence of dimensional deviation or material inconsistency is present.
Confidence: High",Defective,crack,,"Classification: Defective
Defect type: crack
Defect location: [0.85, 0.45, 0.95, 0.55]",True,False,broken_by_finetuning
ok/ok_00005.jpg,prompt_1,OK,Defective,Unknown,95.0,"Classification: Defective
Reason: A large, dark, irregularly shaped void or inclusion is visible in the center of the casting, indicating a manufacturing defect.
Confidence: 95%",Defective,Unknown,90.0,"Classification: Defective
Reason: crack
Confidence: 90%",False,False,both_wrong
ok/ok_00005.jpg,prompt_2,OK,Defective,Unknown,60.0,"Defect present: Yes
Defect type: Unknown
Evidence: The image shows a circular metallic component with a central hole and concentric rings, possibly a bearing or shaft. There is a noticeable dark, irregularly shaped area near the center, which may indicate internal porosity, inclusions, or a machining defect. However, without reference to a known defect database or additional context (e.g., material type, manufacturing process, or dimensional tolerances), it is not possible to definitively classify the defect type. The black square obscuring part of the image also complicates analysis.
Confidence: 60%",Defective,flash,,"Classification: Defective
Defect type: flash
Evidence: The flash is visible as a thin layer of material on the outer edge of the part.",False,False,both_wrong
ok/ok_00005.jpg,prompt_3,OK,Defective,Unknown,,"Prediction: Defective
Evidence: The image shows a casting with a dark, irregularly shaped void or inclusion in the center, which is not consistent with a properly solidified casting. The presence of this void suggests a manufacturing defect such as porosity or incomplete filling.
Confidence: High",Defective,flash,,"Classification: Defective
Defect type: flash",False,False,both_wrong
ok/ok_00024.jpg,prompt_1,OK,OK,,95.0,"Classification: OK
Reason: The casting shows no visible cracks, porosity, or surface defects; the concentric rings and internal structure appear uniform and well-defined, consistent with a properly manufactured part.
Confidence: 95%",Defective,Unknown,90.0,"Classification: Defective
Reason: surface_roughness
Confidence: 90%",True,False,broken_by_finetuning
ok/ok_00024.jpg,prompt_2,OK,OK,,90.0,"Defect present: No
Defect type: Unknown
Evidence: The image shows a metallic casting with a smooth, concentric circular structure and no visible cracks, porosity, inclusions, or surface irregularities that would indicate a defect. The internal bearing-like structure appears uniform, and the outer ring shows consistent machining marks. However, without reference to a specific defect database or known standards, no definitive defect classification can be made.
Confidence: 90%",Defective,flash,,"Classification: Defective
Defect type: flash
Evidence: Flash is visible on the surface of the part.",True,False,broken_by_finetuning
ok/ok_00024.jpg,prompt_3,OK,OK,,,"Prediction: OK
Evidence: The casting shows a clean, concentric circular structure with no visible cracks, porosity, or surface defects. The metallic finish is uniform, and the internal bore appears properly formed with no signs of misalignment or damage. The image quality is sufficient to confirm the absence of obvious defects.
Confidence: High",OK,,,"Classification: OK
Defect type: None
Defect location: None",True,True,both_correct
ok/ok_00025.jpg,prompt_1,OK,OK,,95.0,"Classification: OK
Reason: The casting shows no visible cracks, porosity, or dimensional defects; surfaces appear smooth with consistent metallurgical finish and proper concentricity.
Confidence: 95%",Defective,Unknown,90.0,"Classification: Defective
Reason: small scratch
Confidence: 90%",True,False,broken_by_finetuning
ok/ok_00025.jpg,prompt_2,OK,OK,,90.0,"Defect present: No
Defect type: Unknown
Evidence: The image shows a symmetrical, multi-layered industrial casting with smooth, consistent surfaces and no visible cracks, porosity, inclusions, or dimensional irregularities. The concentric rings appear well-formed, and the inner cavity is clean. While the image is in black and white and lacks color or texture detail, no defect indicators are apparent. Without a reference dataset or known defect standards, classification is not possible.
Confidence: 90%",Defective,flash,,"Classification: Defective
Defect type: flash
Evidence: A flash is present on the surface of the part.",True,False,broken_by_finetuning
ok/ok_00025.jpg,prompt_3,OK,OK,,,"Prediction: OK
Evidence: The image shows a casting with concentric circular features, including a central hole and surrounding rings. There are no visible cracks, porosity, inclusions, or surface defects that would indicate a manufacturing defect. The surfaces appear smooth and consistent with a well-processed casting. The lighting and shadows are uniform, suggesting no irregularities in the casting geometry or surface finish.
Confidence: High",Defective,dent,,"Classification: Defective
Defect type: dent",True,False,broken_by_finetuning
ok/ok_00030.jpg,prompt_1,OK,Defective,Unknown,60.0,"Classification: Defective
Reason: The image shows significant grainy noise and poor contrast, suggesting a defective scan or image capture rather than a clean casting surface. No clear evidence of casting defects like porosity, inclusions, or surface cracks is visible due to image quality issues, but the visual artifacts indicate the image is unreliable for quality inspection.
Confidence: 60%",Defective,Unknown,99.0,"Classification: Defective
Reason: Defective surface: surface_roughness
Confidence: 99%",False,False,both_wrong
ok/ok_00030.jpg,prompt_2,OK,OK,,90.0,"Defect present: No
Defect type: Unknown
Evidence: The image shows a circular, concentric structure consistent with a casting (possibly a bearing or similar component), with no obvious surface cracks, porosity, inclusions, or dimensional irregularities visible. The grainy texture is likely due to image noise or low resolution, not a defect. No labeling or context suggests a specific defect type.
Confidence: 90%",Defective,Unknown,,"Classification: Unknown
Defect present: No",True,False,broken_by_finetuning
ok/ok_00030.jpg,prompt_3,OK,Defective,Unknown,,"Prediction: Defective
Evidence: The image exhibits significant grainy noise and pixelation, which obscures fine details and structural integrity of the casting. The concentric circular features appear blurred and indistinct, making it impossible to visually verify dimensional accuracy, surface finish, or presence of defects (e.g., porosity, cracks, or misalignment) that would be critical for quality inspection. The visual quality is insufficient to determine if the casting meets specifications.
Confidence: High",Defective,surface_roughness,,"Classification: Defective
Defect type: surface_roughness",False,False,both_wrong
ok/ok_00032.jpg,prompt_1,OK,OK,,95.0,"Classification: OK
Reason: The casting shows no visible cracks, porosity, or surface defects; the concentric rings and internal structure appear uniform and well-defined, consistent with a properly manufactured part.
Confidence: 95%",OK,,100.0,"Classification: OK
Reason: None
Confidence: 100%",True,True,both_correct
ok/ok_00032.jpg,prompt_2,OK,OK,,90.0,"Defect present: No
Defect type: Unknown
Evidence: The image shows a circular metallic component with concentric rings and a central bore, consistent with a bearing or similar mechanical part. There are no visible cracks, corrosion, porosity, or surface irregularities that would indicate a defect. The surface appears smooth and uniform, though the image resolution and grayscale nature limit detailed inspection. No labeling or context suggests a specific defect type.
Confidence: 90%",Defective,Unknown,,"Classification: Unknown
Defect present: No",True,False,broken_by_finetuning
ok/ok_00032.jpg,prompt_3,OK,OK,,,"Prediction: OK
Evidence: The casting shows a clean, concentric circular structure with no visible cracks, porosity, or surface defects. The metallic surfaces appear smooth and uniformly finished, with no signs of deformation or contamination. The internal bore is well-defined and free of irregularities.
Confidence: High",OK,,,"Classification: OK
Defect type: None
Defect location: None",True,True,both_correct
ok/ok_00045.jpg,prompt_1,OK,OK,,95.0,"Classification: OK
Reason: The casting shows no visible cracks, porosity, or surface defects; the concentric rings and central hole are well-defined and uniform, indicating proper casting and machining.
Confidence: 95%",Defective,Unknown,95.0,"Classification: Defective
Reason: surface_roughness
Confidence: 95%",True,False,broken_by_finetuning
ok/ok_00045.jpg,prompt_2,OK,OK,,90.0,"Defect present: No
Defect type: Unknown
Evidence: The image shows a circular industrial casting with a smooth, concentrically designed structure. There are no visible cracks, porosity, inclusions, or surface irregularities that would indicate a defect. The metallic surface appears uniform and well-finished, though the image is in grayscale and lacks fine detail to confirm internal quality or microstructural issues.
Confidence: 90%",Defective,flash,,"Classification: Defective
Defect type: flash
Evidence: Flash is visible on the surface of the part.",True,False,broken_by_finetuning
ok/ok_00045.jpg,prompt_3,OK,OK,,,"Prediction: OK
Evidence: The casting shows a clean, concentric circular structure with no visible cracks, porosity, or surface defects. The edges are smooth and well-defined, and the internal bore is uniform, indicating proper manufacturing and no obvious defects. The grayscale contrast highlights the metallic finish and symmetry, which are consistent with a well-made part.
Confidence: High",Defective,flash,,"Classification: Defective
Defect type: flash",True,False,broken_by_finetuning
ok/ok_00050.jpg,prompt_1,OK,OK,,95.0,"Classification: OK
Reason: The casting shows no visible cracks, porosity, or surface defects; the concentric rings and central hole are well-defined and uniform, indicating proper casting and machining.
Confidence: 95%",Defective,Unknown,90.0,"Classification: Defective
Reason: surface_roughness
Confidence: 90%",True,False,broken_by_finetuning
ok/ok_00050.jpg,prompt_2,OK,OK,,95.0,"Defect present: No
Defect type: Unknown
Evidence: The image shows a circular metallic component with a smooth, uniform surface and no visible cracks, porosity, inclusions, or surface irregularities that would indicate a defect. The concentric rings and central hole appear machined or cast with consistent geometry. Without additional context or reference standards, no specific defect type can be identified.
Confidence: 95%",Defective,flash,,"Classification: Defective
Defect type: flash
Evidence: Flash is visible on the left side of the part.",True,False,broken_by_finetuning
ok/ok_00050.jpg,prompt_3,OK,OK,,,"Prediction: OK
Evidence: The casting shows no visible surface defects such as cracks, porosity, inclusions, or excessive flash. The concentric rings and central hole are well-defined, with smooth, uniform surfaces and consistent material texture. There are no signs of warping, deformation, or machining marks that would indicate a defect. The image quality is sufficient to assess the casting as visually intact.
Confidence: High",Defective,flash,,"Classification: Defective
Defect type: flash",True,False,broken_by_finetuning
ok/ok_00055.jpg,prompt_1,OK,OK,,95.0,"Classification: OK
Reason: The casting shows uniform circular geometry with no visible cracks, porosity, or surface defects; the concentric rings appear well-defined and consistent.
Confidence: 95%",Defective,Unknown,90.0,"Classification: Defective
Reason: scratch
Confidence: 90%",True,False,broken_by_finetuning
ok/ok_00055.jpg,prompt_2,OK,OK,,90.0,"Defect present: No
Defect type: Unknown
Evidence: The image shows a circular, concentric structure with smooth, uniform surfaces and no visible cracks, porosity, inclusions, or surface irregularities that would indicate a defect. The edges appear clean and the internal bore is consistent, suggesting a well-finished casting. However, without reference to a specific defect database or known standards, no definitive defect classification can be made.
Confidence: 90%",Defective,scratch,,"Classification: Defective
Defect type: scratch
Evidence: A scratch is visible on the surface of the part.",True,False,broken_by_finetuning
ok/ok_00055.jpg,prompt_3,OK,OK,,,"Prediction: OK
Evidence: The image shows a circular casting with concentric rings and a central hole, consistent with a well-formed, symmetrically manufactured part. There are no visible cracks, porosity, inclusions, or surface defects that would indicate a manufacturing defect. The edges are clean and the internal structure appears uniform. No anomalies are present that would justify a ""Defective"" classification.
Confidence: High",Defective,scratch,,"Classification: Defective
Defect type: scratch",True,False,broken_by_finetuning
ok/ok_00062.jpg,prompt_1,OK,OK,,95.0,"Classification: OK
Reason: The casting shows no visible cracks, porosity, or surface defects; the internal geometry and concentric rings appear intact and properly formed.
Confidence: 95%",Defective,Unknown,90.0,"Classification: Defective
Reason: surface_roughness
Confidence: 90%",True,False,broken_by_finetuning
ok/ok_00062.jpg,prompt_2,OK,OK,,85.0,"Defect present: No
Defect type: Unknown
Evidence: The image shows a metallic casting with a central hub and radial fins, typical of a pump impeller or similar mechanical component. The surface appears generally smooth with minor speckles or particulates, which may be normal machining or casting residue rather than a defect. No obvious cracks, porosity, inclusions, or dimensional inconsistencies are visible. Without reference to a specific defect database or known standards, no definitive defect can be labeled.
Confidence: 85%",Defective,Unknown,,"Classification: Unknown
Defect present: No",True,False,broken_by_finetuning
ok/ok_00062.jpg,prompt_3,OK,OK,,,"Prediction: OK
Evidence: The casting shows no visible cracks, porosity, or surface defects. The concentric rings and internal geometry appear consistent and well-defined, with no signs of warping, flash, or incomplete filling. The surface texture is uniform, and the internal features are clean and properly formed. No evidence of defects is present based on visual inspection.
Confidence: High",Defective,scratch,,"Classification: Defective
Defect type: scratch",True,False,broken_by_finetuning
ok/ok_00080.jpg,prompt_1,OK,OK,,95.0,"Classification: OK
Reason: The casting shows no visible cracks, porosity, or surface defects; the internal structure appears uniform and the outer surface is smooth with minor speckles consistent with casting texture.
Confidence: 95%",Defective,Unknown,90.0,"Classification: Defective
Reason: surface_roughness
Confidence: 90%",True,False,broken_by_finetuning
ok/ok_00080.jpg,prompt_2,OK,OK,,70.0,"Defect present: No
Defect type: Unknown
Evidence: The image shows a circular industrial casting with a central hub and a dark, possibly internal, component. The surface appears generally smooth with minor speckles, which may be normal material texture or minor surface imperfections, but no clear defect such as cracks, porosity, inclusions, or dimensional deviations is visible. Without reference to a labeled dataset or known defect standards, no specific defect type can be confidently identified.
Confidence: 70%",Defective,Unknown,,"Classification: Unknown
Defect present: No",True,False,broken_by_finetuning
ok/ok_00080.jpg,prompt_3,OK,OK,,,"Prediction: OK
Evidence: The casting shows no visible cracks, porosity, or surface defects. The metallic surface appears uniform and smooth, with no signs of warping or machining damage. The internal structure is consistent with a properly formed casting, and the black area at the bottom is likely a shadow or artifact of the imaging process, not a defect. No evidence of material failure or manufacturing flaw is present.
Confidence: High",Defective,flash,,"Classification: Defective
Defect type: flash",True,False,broken_by_finetuning
ok/ok_00099.jpg,prompt_1,OK,Defective,Unknown,85.0,"Classification: Defective
Reason: A large black square obscures the internal structure, suggesting a missing or damaged section, likely a casting defect such as incomplete fill or porosity.
Confidence: 85%",OK,,100.0,"Classification: OK
Reason: No defect detected
Confidence: 100%",False,True,fixed_by_finetuning
ok/ok_00099.jpg,prompt_2,OK,Defective,Inclusion,85.0,"Defect present: Yes
Defect type: Inclusion
Evidence: A dark, irregularly shaped void or inclusion is visible within the central region of the casting, contrasting with the surrounding metallic material. This suggests a non-metallic foreign particle or void trapped during the casting process.
Confidence: 85%",OK,,,"Classification: OK
Defect present: No
Defect type: Unknown
Evidence: No defect found",False,True,fixed_by_finetuning
ok/ok_00099.jpg,prompt_3,OK,Defective,Unknown,,"Prediction: Defective
Evidence: The image shows a casting with a large, irregularly shaped black void or inclusion located centrally within the circular cross-section. This void is not consistent with a properly cast, solid metal part and suggests a manufacturing defect such as porosity, shrinkage, or incomplete filling. The surrounding metal appears to have a machined or polished finish, but the presence of the void indicates a failure in the casting process.
Confidence: High",OK,,,"Classification: OK
Defect type: None
Defect location: None",False,True,fixed_by_finetuning
pinhole/pinhole_00014.jpg,prompt_1,Defective,Defective,Unknown,85.0,"Classification: Defective
Reason: Presence of multiple dark, irregularly shaped inclusions or voids within the casting, particularly visible in the central region, indicating potential porosity or internal defects.
Confidence: 85%",Defective,Unknown,95.0,"Classification: Defective
Reason: Defect type: pinhole
Defect location: [0.32, 0.49], [0.52, 0.4], [0.72, 0.45], [0.88, 0.35], [0.75, 0.1], [0.76, 0.12]
Confidence: 95%",True,True,both_correct
pinhole/pinhole_00014.jpg,prompt_2,Defective,Defective,Unknown,60.0,"Defect present: Yes
Defect type: Unknown
Evidence: The image shows a circular industrial casting with visible internal voids or porosity in the center, surrounded by concentric rings. The dark, irregularly shaped areas suggest possible internal defects such as porosity or shrinkage cavities, but the exact nature cannot be definitively classified without additional context or reference to known defect databases. The image is also tilted, which may obscure some details.
Confidence: 60%",Defective,pinhole,,"Classification: Defective
Defect present: Yes
Defect type: pinhole
Evidence: Multiple pinholes are visible on the surface of the part.",True,True,both_correct
pinhole/pinhole_00014.jpg,prompt_3,Defective,OK,,,"Prediction: OK
Evidence: The image shows a circular casting with concentric rings and a central hole, consistent with a typical manufactured part. There are no visible cracks, porosity, inclusions, or surface defects that would indicate a defect. The edges appear smooth and the internal structure is uniform, with no signs of damage or irregularities. The scattered black dots are likely noise or artifacts from the imaging process and do not represent actual defects.
Confidence: High",Defective,pinhole,,"Classification: Defective
Defect type: pinhole",False,True,fixed_by_finetuning
pinhole/pinhole_00016.jpg,prompt_1,Defective,Defective,Unknown,85.0,"Classification: Defective
Reason: Presence of dark, irregularly shaped voids or inclusions within the casting structure, particularly visible in the central region, indicating potential porosity or incomplete filling.
Confidence: 85%",Defective,Unknown,95.0,"Classification: Defective
Reason: Defect type: pinhole
Defect location: [0.12, 0.47], [0.54, 0.85], [0.63, 0.31], [0.64, 0.09], [0.85, 0.15]
Confidence: 95%",True,True,both_correct
pinhole/pinhole_00016.jpg,prompt_2,Defective,Defective,Inclusion,85.0,"Defect present: Yes
Defect type: Inclusion
Evidence: The image shows a dark, irregularly shaped region within the casting’s interior, surrounded by concentric layers, which is consistent with the presence of an inclusion — a foreign material trapped during the casting process. The inclusion appears distinct from the surrounding metal and is located in a region that would typically be expected to be homogeneous.
Confidence: 85%",Defective,pinhole,,"Classification: Defective
Defect type: pinhole
Evidence: Defects: 5 pinholes",True,True,both_correct
pinhole/pinhole_00016.jpg,prompt_3,Defective,Defective,Unknown,,"Prediction: Defective
Evidence: The image shows a casting with multiple black square regions that appear to be missing or voided material, which is inconsistent with a properly formed casting. Additionally, there are small black dots scattered across the surface, which may indicate porosity or inclusions. These features suggest defects in the casting process.
Confidence: High",Defective,pinhole,,"Classification: Defective
Defect type: pinhole",True,True,both_correct
pinhole/pinhole_00021.jpg,prompt_1,Defective,Defective,Unknown,30.0,"Classification: Defective
Reason: The image shows significant grainy noise and poor contrast, making it impossible to assess the casting’s surface integrity, dimensional accuracy, or internal defects reliably. Visual inspection is compromised.
Confidence: 30%",Defective,Unknown,95.0,"Classification: Defective
Reason: Defect type: pinhole
Defect location: [0.05, 0.3, 0.06, 0.31], [0.54, 0.75, 0.55, 0.77], [0.9, 0.45, 0.91, 0.47]
Confidence: 95%",True,True,both_correct
pinhole/pinhole_00021.jpg,prompt_2,Defective,OK,,70.0,"Defect present: No
Defect type: Unknown
Evidence: The image shows a circular, concentric pattern consistent with a casting’s cross-section (possibly a speaker cone or similar component), with no visible cracks, porosity, inclusions, or surface irregularities that would indicate a defect. The image quality is low (pixelated, grainy), which obscures fine details, but the overall structure appears uniform and intact.
Confidence: 70%",Defective,pinhole,90.0,"Classification: Defective
Defect type: pinhole
Evidence: Defects: 3 pinholes
Confidence: 90%",False,True,fixed_by_finetuning
pinhole/pinhole_00021.jpg,prompt_3,Defective,Defective,Unknown,,"Prediction: Defective
Evidence: The image exhibits severe pixelation, noise, and low resolution, making it impossible to visually inspect for casting defects such as porosity, inclusions, surface cracks, or dimensional inconsistencies. The central feature appears to be a circular pattern, but its details are obscured by digital artifacts, rendering any quality assessment unreliable.
Confidence: High",Defective,pinhole,,"Classification: Defective
Defect type: pinhole
Defect location: [0.05, 0.3, 0.06, 0.31]",True,True,both_correct
pinhole/pinhole_00044.jpg,prompt_1,Defective,Defective,Unknown,85.0,"Classification: Defective
Reason: Presence of visible internal porosity or voids in the central region, indicating incomplete filling or gas inclusion during casting.
Confidence: 85%",Defective,Unknown,99.0,"Classification: Defective
Reason: The presence of pinholes
Confidence: 99%",True,True,both_correct
pinhole/pinhole_00044.jpg,prompt_2,Defective,OK,,70.0,"Defect present: No
Defect type: Unknown
Evidence: The image shows a circular industrial casting with a central bore and concentric rings. The surface appears generally uniform with no obvious cracks, porosity, inclusions, or surface roughness that would indicate a defect. The internal structure shows a pattern consistent with casting flow, but no clear defect markers are visible. Without reference to a specific defect database or known standards, no defect can be confidently identified.
Confidence: 70%",Defective,pinhole,,"Classification: Defective
Defect type: pinhole
Evidence: The image shows multiple pinholes, which are small, dark spots scattered across the surface of the casting. These pinholes are irregular in shape and size, and they are located on the surface of the casting. The pinholes are not clustered together, and they are not located in the center of the casting. The pinholes are not located in the center of the casting, and they are not located in the center of the casting. The pinholes are not located in the center of the casting, and they are not located in the center of the casting. The pin",False,True,fixed_by_finetuning
pinhole/pinhole_00044.jpg,prompt_3,Defective,OK,,,"Prediction: OK
Evidence: The image shows a circular metal casting with a central bore and concentric rings. There are no visible cracks, porosity, inclusions, or surface defects that would indicate a manufacturing defect. The surface appears uniform and the internal structure is consistent with a properly cast component. The black dots in the image are likely artifacts or noise from the imaging process, not defects.
Confidence: High",Defective,pinhole,,"Classification: Defective
Defect type: pinhole",False,True,fixed_by_finetuning
pinhole/pinhole_00046.jpg,prompt_1,Defective,Defective,Unknown,20.0,"Classification: Defective
Reason: The image exhibits severe pixelation and noise, obscuring critical surface details and casting features. This suggests poor image quality, making it impossible to reliably assess for defects such as porosity, inclusions, or dimensional inaccuracies.
Confidence: 20%",Defective,Unknown,90.0,"Classification: Defective
Reason: pinhole
Confidence: 90%",True,True,both_correct
pinhole/pinhole_00046.jpg,prompt_2,Defective,OK,,30.0,"Defect present: No
Defect type: Unknown
Evidence: The image shows a circular industrial casting with concentric rings, likely a speaker or similar component. The surface appears generally uniform with no visible cracks, porosity, inclusions, or surface irregularities that would indicate a defect. However, the image quality is very low (high noise, pixelation), which obscures fine details and makes it impossible to definitively assess for subtle defects. Without higher resolution or additional context, no defect can be confirmed.
Confidence: 30%",Defective,pinhole,,"Classification: Defective
Defect type: pinhole
Evidence: Defects: pinhole
Defect location: [1, 2, 3, 4, 5, 6, 7, 8, 9, 10, 11, 12, 13, 14, 15, 16, 17, 18, 19, 20, 21, 22, 23, 24, 25, 26, 27, 28,",False,True,fixed_by_finetuning
pinhole/pinhole_00046.jpg,prompt_3,Defective,Defective,Unknown,,"Prediction: Defective
Evidence: The image exhibits severe pixelation, noise, and low resolution, making it impossible to visually inspect for manufacturing defects such as surface cracks, porosity, or dimensional inaccuracies. The object’s features are indistinct and blurred, preventing any reliable assessment of quality.
Confidence: High",Defective,pinhole,,"Classification: Defective
Defect type: pinhole
Defect location: [0.27, 0.67, 0.28, 0.69]",True,True,both_correct
pinhole/pinhole_00048.jpg,prompt_1,Defective,Defective,Unknown,85.0,"Classification: Defective
Reason: Visible surface imperfections including roughness, striations, and small dark spots suggest casting defects such as porosity or surface contamination.
Confidence: 85%",Defective,Unknown,90.0,"Classification: Defective
Reason: pinhole
Confidence: 90%",True,True,both_correct
pinhole/pinhole_00048.jpg,prompt_2,Defective,Defective,Surface cracking,85.0,"Defect present: Yes
Defect type: Surface cracking
Evidence: The image shows a distinct, fine, linear crack pattern radiating outward from the inner bore toward the outer rim, particularly visible along the inner edge of the outer ring. This pattern is consistent with surface cracking, often caused by thermal stress or improper cooling during casting.
Confidence: 85%",Defective,pinhole,,"Classification: Defective
Defect present: Yes
Defect type: pinhole
Evidence: Defects: 4 pinholes",True,True,both_correct
pinhole/pinhole_00048.jpg,prompt_3,Defective,OK,,,"Prediction: OK
Evidence: The casting shows no visible cracks, porosity, or surface defects. The concentric rings and central hole are well-defined, with consistent material texture and no signs of deformation or contamination. Minor specks on the surface are likely dust or imperfections from handling, not structural defects. No evidence of dimensional deviation or material failure is present.
Confidence: High",Defective,pinhole,,"Classification: Defective
Defect type: pinhole",False,True,fixed_by_finetuning
pinhole/pinhole_00051.jpg,prompt_1,Defective,Defective,Unknown,85.0,"Classification: Defective
Reason: The image shows multiple dark, irregularly shaped inclusions or voids within the casting, particularly in the inner concentric rings, which indicate internal defects.
Confidence: 85%",Defective,Unknown,98.0,"Classification: Defective
Reason: Defect type: porosity, Defect location: [1, 2, 3, 4, 5, 6, 7, 8, 9, 10]
Confidence: 98%",True,True,both_correct
pinhole/pinhole_00051.jpg,prompt_2,Defective,OK,,70.0,"Defect present: No
Defect type: Unknown
Evidence: The image shows a symmetrical, concentric circular pattern with no visible cracks, porosity, inclusions, or surface irregularities that would indicate a casting defect. The structure appears uniform and consistent with a well-formed casting, though the image quality is low and pixelated, which limits detailed analysis.
Confidence: 70%",Defective,porosity,,"Classification: Defective
Defect type: porosity
Evidence: Porosity is present at 6 locations.",False,True,fixed_by_finetuning
pinhole/pinhole_00051.jpg,prompt_3,Defective,OK,,,"Prediction: OK
Evidence: The image shows a circular casting with concentric rings and no visible cracks, porosity, or surface defects. The edges are clean and the structure appears uniform, consistent with a well-manufactured casting. There are no signs of material inconsistencies or dimensional deviations that would indicate a defect.
Confidence: High",Defective,porosity,,"Classification: Defective
Defect type: porosity
Defect location: [0.0, 0.3, 0.2, 0.4]",False,True,fixed_by_finetuning
pinhole/pinhole_00052.jpg,prompt_1,Defective,Defective,Unknown,75.0,"Classification: Defective
Reason: Multiple small dark spots (possibly porosity or inclusions) are visible on the casting surface, particularly around the inner ring and outer edge, indicating potential material defects.
Confidence: 75%",Defective,pinhole,,"Classification: Defective
Defect type: pinhole
Defect location: [0.12, 0.21], [0.32, 0.23], [0.65, 0.34], [0.57, 0.89]",True,True,both_correct
pinhole/pinhole_00052.jpg,prompt_2,Defective,OK,,90.0,"Defect present: No
Defect type: Unknown
Evidence: The image shows a metallic casting with a central hub and radial grooves, typical of a pump impeller or similar mechanical component. There are no obvious signs of cracks, porosity, inclusions, or surface irregularities that would indicate a defect. The surface appears uniform and the internal structure is consistent with expected manufacturing. However, without reference standards or known defect patterns from the dataset, it is not possible to definitively classify any anomaly.
Confidence: 90%",Defective,pinhole,90.0,"Classification: Defective
Defect type: pinhole
Evidence: Defects: 5 pinholes
Confidence: 90%",False,True,fixed_by_finetuning
pinhole/pinhole_00052.jpg,prompt_3,Defective,OK,,,"Prediction: OK
Evidence: The image shows a casting with a clean, symmetrical internal structure and no visible cracks, porosity, or surface defects. The concentric rings and internal geometry appear well-formed and consistent with a properly manufactured part. There are no signs of material inclusions or dimensional irregularities that would indicate a defect.
Confidence: High",Defective,pinhole,,"Classification: Defective
Defect type: pinhole
Defect location: [0.51, 0.91], [0.14, 0.2], [0.3, 0.2], [0.65, 0.34]",False,True,fixed_by_finetuning
pinhole/pinhole_00053.jpg,prompt_1,Defective,Defective,Unknown,30.0,"Classification: Defective
Reason: The image shows significant grainy noise and poor contrast, making it impossible to assess surface integrity or internal defects reliably. The casting appears to have a concentric ring structure, but the visual quality prevents confident evaluation.
Confidence: 30%",Defective,Unknown,95.0,"Classification: Defective
Reason: Defect type: pinhole
Defect location: [0.74, 0.14, 0.77, 0.17], [0.14, 0.28, 0.17, 0.31], [0.66, 0.33, 0.69, 0.36]
Confidence: 95%",True,True,both_correct
pinhole/pinhole_00053.jpg,prompt_2,Defective,OK,,90.0,"Defect present: No
Defect type: Unknown
Evidence: The image shows a circular, concentric structure consistent with a casting (possibly a duct or pipe), with no obvious surface cracks, porosity, inclusions, or dimensional irregularities visible. The grainy texture is likely due to image quality or noise, not a defect. No labeling or context suggests a specific defect type.
Confidence: 90%",Defective,pinhole,,"Classification: Defective
Defect present: Yes
Defect type: pinhole
Evidence: Defects: 3 pinholes",False,True,fixed_by_finetuning
pinhole/pinhole_00053.jpg,prompt_3,Defective,Defective,Unknown,,"Prediction: Defective
Evidence: The image exhibits significant digital noise, pixelation, and graininess, which obscure the fine details of the casting’s surface and internal structure. These artifacts make it impossible to visually verify the presence or absence of defects such as porosity, inclusions, or surface cracks that would be critical for quality inspection. The image quality is insufficient to meet inspection requirements.
Confidence: High",Defective,pinhole,,"Classification: Defective
Defect type: pinhole",True,True,both_correct
pinhole/pinhole_00055.jpg,prompt_1,Defective,Defective,Unknown,75.0,"Classification: Defective
Reason: Presence of large black squares obscuring critical areas, suggesting masking or damage, and scattered dark specks indicating possible porosity or surface defects.
Confidence: 75%",Defective,Unknown,95.0,"Classification: Defective
Reason: The part has multiple pinholes, which are small, dark, and star-shaped defects.
Confidence: 95%",True,True,both_correct
pinhole/pinhole_00055.jpg,prompt_2,Defective,Defective,Unknown,60.0,"Defect present: Yes
Defect type: Unknown
Evidence: The image shows a metallic casting with two large black rectangular areas obscuring parts of the structure, which may indicate damage, masking, or non-uniformity. Additionally, there are small dark specks scattered across the surface, which could be porosity or inclusions. However, without clear visual indicators of a specific defect type (e.g., porosity, cracks, inclusions, or surface roughness), and given the obscuring black areas, the exact nature of the defect cannot be confidently classified.
Confidence: 60%",Defective,pinhole,95.0,"Classification: Defective
Defect type: pinhole
Evidence: The image shows multiple pinhole defects, which are small, dark spots scattered across the surface of the casting. These are likely caused by air bubbles trapped during the casting process.
Confidence: 95%",True,True,both_correct
pinhole/pinhole_00055.jpg,prompt_3,Defective,Defective,Unknown,,"Prediction: Defective
Evidence: The image shows a casting with two large black rectangular areas that appear to be missing or obscured, which are not consistent with a properly manufactured part. These areas suggest either material loss, damage, or incomplete casting, which are quality defects. Additionally, there are small dark specks scattered across the surface, which may indicate porosity or surface defects, further supporting the classification as defective.
Confidence: High",Defective,pinhole,,"Classification: Defective
Defect type: pinhole",True,True,both_correct
pinhole/pinhole_00061.jpg,prompt_1,Defective,Defective,Unknown,85.0,"Classification: Defective
Reason: Presence of internal voids and irregularities in the central region, suggesting incomplete filling or porosity during casting.
Confidence: 85%",Defective,Unknown,,"Classification: Defective
Reason: Defect type: pinhole
Defect location: [100, 600, 100, 600], [100, 600, 100, 600], [100, 600, 100, 600], [100, 600, 100, 600], [100, 600, 100, 600], [100, 600,",True,True,both_correct
pinhole/pinhole_00061.jpg,prompt_2,Defective,OK,,90.0,"Defect present: No
Defect type: Unknown
Evidence: The image shows a symmetrical, concentric circular structure with smooth inner and outer surfaces, consistent with a well-cast cylindrical component. There are no visible cracks, porosity, inclusions, or surface irregularities that would indicate a defect. The scattered dark specks may be noise or artifacts from imaging, not defects. Without reference to a specific defect database or known standards, no defect type can be confidently assigned.
Confidence: 90%",Defective,pinhole,90.0,"Classification: Defective
Defect type: pinhole
Evidence: Defects: 10 pinholes
Confidence: 90%",False,True,fixed_by_finetuning
pinhole/pinhole_00061.jpg,prompt_3,Defective,OK,,,"Prediction: OK
Evidence: The image shows a circular casting with concentric rings and a central bore. There are no visible cracks, porosity, inclusions, or surface defects that would indicate a manufacturing defect. The structure appears uniform and well-defined, consistent with a properly cast part. The scattered dark specks are likely noise or minor surface imperfections not indicative of a defect in the casting itself.
Confidence: High",Defective,pinhole,,"Classification: Defective
Defect type: pinhole",False,True,fixed_by_finetuning
pinhole/pinhole_00062.jpg,prompt_1,Defective,OK,,95.0,"Classification: OK
Reason: The casting shows no visible cracks, porosity, or surface defects; the internal geometry and concentric rings appear intact and properly formed.
Confidence: 95%",Defective,Unknown,,"Classification: Defective
Reason: Defect type: pinhole
Defect location: [0.03, 0.72, 0.04, 0.73], [0.33, 0.62, 0.34, 0.63], [0.61, 0.6, 0.62, 0.61], [0.81, 0.48, 0.82, 0.49], [0.81, 0.48, 0.",False,True,fixed_by_finetuning
pinhole/pinhole_00062.jpg,prompt_2,Defective,OK,,95.0,"Defect present: No
Defect type: Unknown
Evidence: The image shows a circular metallic casting with a central bore and internal ribbing, consistent with a pump impeller or similar component. There are no visible cracks, porosity, inclusions, or surface irregularities that would indicate a defect. The surface appears uniform and the internal structure is intact. However, without reference to a specific defect database or known standards, no definitive defect classification can be made.
Confidence: 95%",Defective,pinhole,,"Classification: Defective
Defect present: Yes
Defect type: pinhole
Evidence: Defects: 10 pinholes",False,True,fixed_by_finetuning
pinhole/pinhole_00062.jpg,prompt_3,Defective,OK,,,"Prediction: OK
Evidence: The image shows a circular casting with a central bore and concentric rings, exhibiting uniform surface texture, no visible cracks, porosity, or dimensional deviations. The internal structure appears consistent with a properly manufactured casting. No defects are visually evident based on the provided image.
Confidence: High",Defective,pinhole,,"Classification: Defective
Defect type: pinhole",False,True,fixed_by_finetuning
pinhole/pinhole_00065.jpg,prompt_1,Defective,Defective,Unknown,85.0,"Classification: Defective
Reason: Presence of multiple small dark specks and irregularities on the inner and outer surfaces, suggesting porosity or inclusions.
Confidence: 85%",Defective,Unknown,,"Classification: Defective
Reason: Defect type: pinhole
Defect location: [0.12, 0.82, 0.14, 0.84], [0.19, 0.83, 0.21, 0.85], [0.2, 0.85, 0.22, 0.87], [0.27, 0.85, 0.29, 0.87], [0.39, 0.41, 0.",True,True,both_correct
pinhole/pinhole_00065.jpg,prompt_2,Defective,OK,,85.0,"Defect present: No
Defect type: Unknown
Evidence: The image shows a circular cross-section of a casting with concentric rings and a central bore. There are no obvious signs of cracks, porosity, inclusions, or surface irregularities that would indicate a defect. The internal structure appears uniform and well-defined, though the image quality is low and some speckles may be noise or minor surface imperfections not indicative of a manufacturing defect.
Confidence: 85%",Defective,pinhole,,"Classification: Defective
Defect type: pinhole
Evidence: Defects: 14 pinholes",False,True,fixed_by_finetuning
pinhole/pinhole_00065.jpg,prompt_3,Defective,OK,,,"Prediction: OK
Evidence: The image shows a circular casting with concentric rings and a central bore. There are no visible cracks, porosity, inclusions, or dimensional deviations that would indicate a defect. The surface appears uniform and the internal structure is consistent with a properly manufactured casting. The scattered black dots are likely noise or artifacts from the imaging process and do not represent actual defects.
Confidence: High",Defective,pinhole,,"Classification: Defective
Defect type: pinhole",False,True,fixed_by_finetuning
pinhole/pinhole_00066.jpg,prompt_1,Defective,Defective,Unknown,85.0,"Classification: Defective
Reason: A large black rectangular area obscures critical features in the casting’s interior, suggesting a missing or improperly cast section, possibly a void or incomplete mold fill.
Confidence: 85%",Defective,Unknown,90.0,"Classification: Defective
Reason: pinhole
Confidence: 90%",True,True,both_correct
pinhole/pinhole_00066.jpg,prompt_2,Defective,Defective,Unknown,50.0,"Defect present: Yes
Defect type: Unknown
Evidence: The image shows a metallic casting with a central bore and internal vanes, likely a pump impeller or similar component. There is a large black rectangular area obscuring part of the internal structure, which may indicate a defect such as porosity, inclusions, or a missing section, but the obstruction prevents definitive assessment. Additionally, minor surface speckles or roughness are visible, which could be normal casting texture or minor surface defects, but without comparative standards or known defect patterns, classification is uncertain.
Confidence: 50%",Defective,pinhole,,"Classification: Defective
Defect type: pinhole
Evidence: Defects are marked with red stars.",True,True,both_correct
pinhole/pinhole_00066.jpg,prompt_3,Defective,OK,,,"Prediction: OK
Evidence: The image shows a metallic casting with a smooth, uniform surface and no visible cracks, porosity, or significant surface defects. The internal structure appears consistent with a properly manufactured component, and the blackened area in the center is likely intentional (e.g., a shadow or coating) and not a defect. There are no signs of machining errors or material inconsistencies that would indicate a defect.
Confidence: High",Defective,pinhole,,"Classification: Defective
Defect type: pinhole",False,True,fixed_by_finetuning
pinhole/pinhole_00068.jpg,prompt_1,Defective,OK,,95.0,"Classification: OK
Reason: The casting shows no visible cracks, porosity, or surface defects; the internal geometry and concentric rings appear uniform and well-defined, indicating proper manufacturing.
Confidence: 95%",Defective,Unknown,,"Classification: Defective
Reason: Defect type: pinhole
Defect location: [0.02, 0.02, 0.03, 0.03], [0.05, 0.45, 0.06, 0.46], [0.06, 0.4, 0.07, 0.41], [0.07, 0.4, 0.08, 0.41], [0.08, 0.4, 0.09",False,True,fixed_by_finetuning
pinhole/pinhole_00068.jpg,prompt_2,Defective,OK,,,"Defect present: No
Defect type: Unknown
Evidence: The image shows a metallic casting with a central bore and internal vanes, likely a pump impeller or turbine component. The surface appears generally smooth with no obvious cracks, porosity, inclusions, or surface pitting visible. The geometry is consistent and the internal structure is intact. However, without reference to a specific defect database or known standards, it is not possible to confirm or rule out subtle defects such as micro-cracks or shrinkage cavities that may not be visible at this resolution or under this lighting. Therefore, defect type cannot be established.
Confidence",Defective,pinhole,,"Classification: Defective
Defect type: pinhole
Evidence: Multiple pinholes are visible on the surface of the part.",False,True,fixed_by_finetuning
pinhole/pinhole_00068.jpg,prompt_3,Defective,OK,,,"Prediction: OK
Evidence: The image shows a casting with a clean, symmetrical circular cross-section and no visible cracks, porosity, or surface defects. The internal structure appears uniform, and the outer ring and inner bore are well-defined with no signs of deformation or contamination. The grayscale contrast highlights the metallic texture without indicating defects.
Confidence: High",Defective,pinhole,,"Classification: Defective
Defect type: pinhole",False,True,fixed_by_finetuning
pinhole/pinhole_00070.jpg,prompt_1,Defective,Defective,Unknown,85.0,"Classification: Defective
Reason: The casting exhibits visible surface speckles and irregularities, suggesting porosity or inclusions, which are unacceptable in high-quality industrial castings.
Confidence: 85%",Defective,Unknown,98.0,"Classification: Defective
Reason: pinhole
Confidence: 98%",True,True,both_correct
pinhole/pinhole_00070.jpg,prompt_2,Defective,OK,,70.0,"Defect present: No
Defect type: Unknown
Evidence: The image shows a circular industrial casting with a smooth, uniform surface and no visible cracks, porosity, inclusions, or surface irregularities that would indicate a defect. The internal structure appears consistent with a typical casting, though the image quality is grainy and lacks fine detail to definitively rule out microscopic defects. Without reference to a labeled dataset or known defect standards, no specific defect type can be identified.
Confidence: 70%",Defective,pinhole,95.0,"Classification: Defective
Defect type: pinhole
Evidence: The image shows multiple pinhole defects, which are small, dark spots scattered across the surface of the casting. These are likely caused by air bubbles trapped during the casting process.
Confidence: 95%",False,True,fixed_by_finetuning
pinhole/pinhole_00070.jpg,prompt_3,Defective,OK,,,"Prediction: OK
Evidence: The casting shows no visible cracks, porosity, or surface defects. The concentric rings and internal structure appear uniform and well-defined, with no signs of deformation or contamination. The surface texture is consistent with a machined or cast metal part, and there are no obvious imperfections or irregularities that would indicate a defect.
Confidence: High",Defective,pinhole,,"Classification: Defective
Defect type: pinhole",False,True,fixed_by_finetuning
pinhole/pinhole_00071.jpg,prompt_1,Defective,OK,,95.0,"Classification: OK
Reason: The casting shows no visible cracks, porosity, or dimensional defects; the internal structure appears uniform and the surface is smooth with minor speckles consistent with casting texture.
Confidence: 95%",Defective,Unknown,90.0,"Classification: Defective
Reason: pinhole
Confidence: 90%",False,True,fixed_by_finetuning
pinhole/pinhole_00071.jpg,prompt_2,Defective,OK,,95.0,"Defect present: No
Defect type: Unknown
Evidence: The image shows a metallic casting with a central hub and a surrounding ring, exhibiting a smooth, uniform surface with no visible cracks, porosity, inclusions, or surface irregularities that would indicate a defect. The internal structure appears consistent with a machined or cast component, and the overall appearance is clean and intact. Without additional context or reference standards, no specific defect type can be confidently identified.
Confidence: 95%",Defective,pinhole,95.0,"Classification: Defective
Defect type: pinhole
Evidence: The image shows multiple pinholes, which are small, dark spots scattered across the surface of the casting. These pinholes are irregular in shape and size, and they are located on the outer surface of the casting. The pinholes are not clustered together, and they are not located near the center of the casting.
Confidence: 95%",False,True,fixed_by_finetuning
pinhole/pinhole_00071.jpg,prompt_3,Defective,OK,,,"Prediction: OK
Evidence: The casting shows no visible cracks, porosity, or surface defects. The metallic surface appears uniform and smooth, with no signs of warping or material inconsistencies. The internal structure is clean and properly formed, with no evidence of incomplete filling or flash. The overall geometry is intact and consistent with a well-manufactured part.
Confidence: High",Defective,pinhole,,"Classification: Defective
Defect type: pinhole",False,True,fixed_by_finetuning
pinhole/pinhole_00072.jpg,prompt_1,Defective,Defective,Unknown,85.0,"Classification: Defective
Reason: Presence of multiple dark, irregular spots (marked with asterisks) on the casting surface, suggesting inclusions, porosity, or surface defects inconsistent with a high-quality casting.
Confidence: 85%",Defective,Unknown,90.0,"Classification: Defective
Reason: Defect type: pinhole; Defect location: center
Confidence: 90%",True,True,both_correct
pinhole/pinhole_00072.jpg,prompt_2,Defective,OK,,95.0,"Defect present: No
Defect type: Unknown
Evidence: The image shows a metallic casting with a central hub and surrounding ring, exhibiting a smooth, uniform surface with no visible cracks, porosity, inclusions, or surface irregularities that would indicate a defect. The internal structure appears intact and symmetrical. Without additional context or reference standards, no specific defect type can be confidently identified.
Confidence: 95%",Defective,pinhole,,"Classification: Defective
Defect present: Yes
Defect type: pinhole
Evidence: The image shows 4 pinholes, marked with asterisks, on the surface of the casting.",False,True,fixed_by_finetuning
pinhole/pinhole_00072.jpg,prompt_3,Defective,OK,,,"Prediction: OK
Evidence: The image shows a metallic casting with a central hub and surrounding ring. There are no visible cracks, porosity, inclusions, or surface defects that would indicate a manufacturing defect. The surfaces appear smooth and consistent, with no signs of damage or irregularities. The internal structure is intact and symmetrical.
Confidence: High",Defective,pinhole,,"Classification: Defective
Defect type: pinhole
Defect location: [0.43, 0.57, 0.45, 0.59], [0.29, 0.44, 0.32, 0.47], [0.75, 0.45, 0.78, 0.48], [0.71, 0.38, 0.74, 0.41]",False,True,fixed_by_finetuning
pinhole/pinhole_00083.jpg,prompt_1,Defective,Defective,Unknown,85.0,"Classification: Defective
Reason: Presence of dark, irregular internal voids or porosity in the central region, indicating potential casting defects.
Confidence: 85%",Defective,Unknown,95.0,"Classification: Defective
Reason: Defect type: pinhole
Defect location: (428, 102), (648, 206), (234, 192), (388, 662)
Confidence: 95%",True,True,both_correct
pinhole/pinhole_00083.jpg,prompt_2,Defective,OK,,90.0,"Defect present: No
Defect type: Unknown
Evidence: The image shows a clean, symmetrical industrial casting with no visible cracks, porosity, inclusions, or surface irregularities. The internal geometry appears consistent, and the outer hexagonal shape is well-defined. However, without a reference dataset or known defect standards, it is impossible to confirm or rule out subtle or microscopic defects.
Confidence: 90%",Defective,pinhole,,"Classification: Defective
Defect type: pinhole
Evidence: Defects: 4 pinholes",False,True,fixed_by_finetuning
pinhole/pinhole_00083.jpg,prompt_3,Defective,OK,,,"Prediction: OK
Evidence: The image shows a casting with a clean, symmetrical hexagonal outer shape and a central bore with visible internal vanes or blades, consistent with a well-manufactured component. There are no visible cracks, porosity, flash, or surface defects that would indicate a manufacturing defect. The edges are sharp and the internal structure appears uniform. No evidence of contamination or dimensional deviations is present.
Confidence: High",Defective,pinhole,,"Classification: Defective
Defect type: pinhole
Defect location: [0.41, 0.64], [0.44, 0.67], [0.62, 0.22], [0.73, 0.12], [0.43, 0.11]",False,True,fixed_by_finetuning
pinhole/pinhole_00084.jpg,prompt_1,Defective,Defective,Unknown,75.0,"Classification: Defective
Reason: A large black rectangular area obscures critical features, suggesting a defect such as porosity, inclusions, or incomplete filling, and the outer ring appears irregular and possibly misaligned.
Confidence: 75%",Defective,Unknown,,"Classification: Defective
Reason: Defect type: pinhole
Defect location: [1, 4, 2, 5, 3, 6, 4, 7, 5, 8, 6, 9, 7, 10, 8, 11, 9, 12, 10, 13, 11, 14, 12, 15, 13, 16, 14, 17, 15, 18, 16,",True,True,both_correct
pinhole/pinhole_00084.jpg,prompt_2,Defective,Defective,Inclusion,85.0,"Defect present: Yes
Defect type: Inclusion
Evidence: A large, dark, irregularly shaped void or inclusion is visible in the center-right portion of the casting, disrupting the uniform metallic appearance and suggesting a non-metallic foreign material or void within the casting.
Confidence: 85%",Defective,pinhole,90.0,"Classification: Defective
Defect type: pinhole
Evidence: Defects: 5 pinholes
Confidence: 90%",True,True,both_correct
pinhole/pinhole_00084.jpg,prompt_3,Defective,Defective,Unknown,,"Prediction: Defective
Evidence: The image shows a casting with a large, irregularly shaped black block obscuring part of the central region, which appears to be a critical feature or internal structure. This obstruction suggests a defect such as a void, inclusion, or incomplete fill that is not visually consistent with a properly manufactured part. Additionally, the outer ring has visible surface imperfections and small dark spots that may indicate porosity or surface defects. The overall appearance is inconsistent with a high-quality casting.
Confidence: High",Defective,pinhole,,"Classification: Defective
Defect type: pinhole",True,True,both_correct
pinhole/pinhole_00087.jpg,prompt_1,Defective,OK,,95.0,"Classification: OK
Reason: The casting shows no visible cracks, porosity, or surface defects; the internal structure appears uniform and the concentric rings are well-defined, indicating proper manufacturing.
Confidence: 95%",Defective,Unknown,95.0,"Classification: Defective
Reason: Defect type: pinhole
Defect location: [0.26, 0.28], [0.61, 0.61], [0.97, 0.67], [0.85, 0.98]
Confidence: 95%",False,True,fixed_by_finetuning
pinhole/pinhole_00087.jpg,prompt_2,Defective,OK,,90.0,"Defect present: No
Defect type: Unknown
Evidence: The image shows a metallic casting with concentric circular features, likely a turbine or impeller component. The surface appears smooth with consistent radial texture and no visible cracks, porosity, inclusions, or surface irregularities that would indicate a defect. The internal structure is uniform, and the edges are clean. Without comparative standards or known defect signatures, no specific defect type can be confidently identified.
Confidence: 90%",Defective,pinhole,,"Classification: Defective
Defect present: Yes
Defect type: pinhole
Evidence: Defects are marked with red stars.",False,True,fixed_by_finetuning
pinhole/pinhole_00087.jpg,prompt_3,Defective,OK,,,"Prediction: OK
Evidence: The image shows a metallic casting with concentric circular features, including a central bore and a surrounding ring. There are no visible cracks, porosity, inclusions, or surface defects that would indicate a manufacturing defect. The surfaces appear smooth and consistent with a well-processed casting. The star markers are likely for alignment or reference and do not indicate defects.
Confidence: High",Defective,pinhole,,"Classification: Defective
Defect type: pinhole",False,True,fixed_by_finetuning
pinhole/pinhole_00088.jpg,prompt_1,Defective,Defective,Unknown,85.0,"Classification: Defective
Reason: The image shows a casting with multiple concentric rings and a central void, suggesting possible porosity, shrinkage cavities, or incomplete filling — all indicators of casting defects.
Confidence: 85%",Defective,Unknown,,"Classification: Defective
Reason: Defect type: pinhole
Defect location: [0.08, 0.45, 0.1, 0.47], [0.19, 0.84, 0.21, 0.86], [0.25, 0.84, 0.27, 0.86], [0.36, 0.85, 0.38, 0.87], [0.47, 0.95, 0.",True,True,both_correct
pinhole/pinhole_00088.jpg,prompt_2,Defective,OK,,70.0,"Defect present: No
Defect type: Unknown
Evidence: The image shows a symmetrical, concentric circular pattern with no visible cracks, porosity, inclusions, or surface irregularities that would indicate a casting defect. The structure appears uniform and consistent with a well-formed casting, though the image quality is low and pixelated, which limits detailed analysis.
Confidence: 70%",Defective,pinhole,,"Classification: Defective
Defect present: Yes
Defect type: pinhole
Evidence: Defects are visible as small black dots scattered across the surface.",False,True,fixed_by_finetuning
pinhole/pinhole_00088.jpg,prompt_3,Defective,OK,,,"Prediction: OK
Evidence: The image shows a symmetrical, concentric circular pattern with clear, well-defined rings and no visible cracks, inclusions, or surface irregularities that would indicate defects. The pattern appears uniform and consistent across the visible area, which is typical of a properly manufactured casting. There are no signs of porosity, warping, or dimensional inconsistencies that would suggest a defect.
Confidence: High",Defective,pinhole,,"Classification: Defective
Defect type: pinhole",False,True,fixed_by_finetuning
porosity/porosity_00013.jpg,prompt_1,Defective,Defective,Unknown,85.0,"Classification: Defective
Reason: The image shows multiple dark circular spots (likely inclusions or porosity) on the casting surface, particularly around the outer perimeter and near the center, indicating internal or surface defects.
Confidence: 85%",Defective,Unknown,99.0,"Classification: Defective
Reason: Defect type: porosity, Defect location: center, left, right
Confidence: 99%",True,True,both_correct
porosity/porosity_00013.jpg,prompt_2,Defective,Defective,Unknown,50.0,"Defect present: Yes
Defect type: Unknown
Evidence: The image shows a circular pattern with concentric rings and several dark spots distributed around the perimeter and near the center. The spots may indicate inclusions, porosity, or surface imperfections, but the low resolution and grainy texture prevent definitive identification of the defect type. The pattern does not clearly match known industrial casting defects like shrinkage cavities, porosity, or slag inclusions without additional context or reference images.
Confidence: 50%",Defective,porosity,,"Classification: Defective
Defect present: Yes
Defect type: porosity
Evidence: Defects are visible as black dots.",True,True,both_correct
porosity/porosity_00013.jpg,prompt_3,Defective,Defective,Unknown,,"Prediction: Defective
Evidence: The image shows a casting with multiple dark circular marks or inclusions distributed around the perimeter and near the center, which are inconsistent with a uniform, clean casting surface. These marks suggest porosity, inclusions, or other manufacturing defects that compromise quality.
Confidence: High",Defective,porosity,,"Classification: Defective
Defect type: porosity
Defect location: [0.02, 0.6], [0.08, 0.15], [0.45, 0.4], [0.55, 0.6], [0.75, 0.45], [0.95, 0.2]",True,True,both_correct
porosity/porosity_00033.jpg,prompt_1,Defective,Defective,Unknown,85.0,"Classification: Defective
Reason: Multiple dark spots and a circular void near the center suggest internal porosity or inclusions, which are unacceptable in precision castings.
Confidence: 85%",Defective,porosity,,"Classification: Defective
Defect type: porosity
Defect location: [0.02, 0.12], [0.17, 0.15], [0.63, 0.21], [0.75, 0.28], [0.77, 0.56], [0.32, 0.87], [0.87, 0.22]",True,True,both_correct
porosity/porosity_00033.jpg,prompt_2,Defective,Defective,Unknown,60.0,"Defect present: Yes
Defect type: Unknown
Evidence: The image shows a metallic casting with several dark, irregularly shaped spots and a circular void near the center, which may indicate porosity, inclusions, or surface defects. However, without reference to a specific defect database or known standards, the exact nature of these anomalies cannot be definitively classified. The circular void could be a casting defect (e.g., shrinkage cavity or porosity), but the surrounding spots are ambiguous and may be surface imperfections or machining marks.
Confidence: 60%",Defective,mixed_defects,,"Classification: Defective
Defect type: mixed_defects
Evidence: Defects: 6 holes, 1 dent",True,True,both_correct
porosity/porosity_00033.jpg,prompt_3,Defective,Defective,Unknown,,"Prediction: Defective
Evidence: The image shows a casting with multiple dark, irregularly shaped spots and a circular void or defect near the center, which are not consistent with a properly manufactured part. The presence of these anomalies suggests material inconsistencies or manufacturing flaws.
Confidence: High",Defective,porosity,,"Classification: Defective
Defect type: porosity
Defect location: [0.02, 0.12], [0.17, 0.15], [0.35, 0.87], [0.62, 0.61], [0.76, 0.57], [0.75, 0.27], [0.62, 0.18], [0.87, 0.22]",True,True,both_correct
porosity/porosity_00040.jpg,prompt_1,Defective,Defective,Unknown,85.0,"Classification: Defective
Reason: The casting exhibits a visible dark, irregularly shaped void or inclusion near the center, which suggests a porosity or internal defect inconsistent with a properly solidified casting.
Confidence: 85%",Defective,porosity,,"Classification: Defective
Defect type: porosity
Defect location: [558, 765], [788, 815], [562, 228]
Defect type: porosity
Defect location: [558, 765], [788, 815], [562, 228]",True,True,both_correct
porosity/porosity_00040.jpg,prompt_2,Defective,Defective,Inclusion,80.0,"Defect present: Yes
Defect type: Inclusion
Evidence: A dark, irregularly shaped inclusion is visible within the central region of the casting, surrounded by a lighter metallic matrix. This inclusion appears to be a foreign material trapped during the casting process, which is characteristic of an inclusion defect. Additionally, a small dark spot is visible near the outer edge, which may also be an inclusion or surface imperfection.
Confidence: 80%",Defective,porosity,,"Classification: Defective
Defect type: porosity
Evidence: Defects: 3 porosity",True,True,both_correct
porosity/porosity_00040.jpg,prompt_3,Defective,Defective,Unknown,,"Prediction: Defective
Evidence: The image shows a casting with a dark, irregularly shaped void or inclusion near the center, which is not consistent with a properly solidified casting. Additionally, there is a visible dark, non-uniform area along the inner circumference, suggesting possible porosity or incomplete filling. The presence of these defects indicates a failure in the casting process.
Confidence: High",Defective,porosity,,"Classification: Defective
Defect type: porosity
Defect location: [558, 765], [788, 815], [562, 228]",True,True,both_correct
porosity/porosity_00045.jpg,prompt_1,Defective,Defective,Unknown,85.0,"Classification: Defective
Reason: Presence of black rectangular areas and scattered dark spots suggest surface defects or inclusions, inconsistent with a quality casting.
Confidence: 85%",Defective,Unknown,95.0,"Classification: Defective
Reason: Defect type: porosity
Defect location: [572, 228, 612, 268], [568, 612, 612, 658], [568, 828, 612, 868]
Confidence: 95%",True,True,both_correct
porosity/porosity_00045.jpg,prompt_2,Defective,Defective,Unknown,50.0,"Defect present: Yes
Defect type: Unknown
Evidence: The image shows a circular metallic component with three distinct black dots and two black rectangular blocks obscuring parts of the surface. These markings are not consistent with typical casting defects such as porosity, inclusions, or cracks, as they appear to be artificial annotations or overlays rather than actual surface imperfections. Without additional context or reference to a known defect database, it is not possible to classify the nature of these marks. The black blocks may represent masked areas or data masking, and the dots could be reference points or unrelated artifacts.
Confidence: 50%",Defective,porosity,,"Classification: Defective
Defect present: Yes
Defect type: porosity
Evidence: Defects are marked with black dots.",True,True,both_correct
porosity/porosity_00045.jpg,prompt_3,Defective,Defective,Unknown,,"Prediction: Defective
Evidence: The image shows a casting with three distinct black dots and two black rectangular blocks obscuring parts of the surface. These markings are not consistent with normal manufacturing features or expected inspection results. The presence of such irregular, non-uniform dark areas suggests potential defects such as inclusions, surface cracks, or contamination that are not part of the intended design. The black blocks appear to be intentional obstructions (possibly for privacy or to mask sensitive areas), but the dots are not explained and may indicate surface imperfections or damage.
Confidence: High",Defective,porosity,,"Classification: Defective
Defect type: porosity",True,True,both_correct
porosity/porosity_00047.jpg,prompt_1,Defective,Defective,Unknown,85.0,"Classification: Defective
Reason: Multiple dark spots (inclusions or porosity) are visible on the casting surface, particularly around the outer ring and inner bore, indicating potential material defects.
Confidence: 85%",Defective,Unknown,95.0,"Classification: Defective
Reason: Defect type: porosity
Defect location: [0.0, 0.3, 0.2, 0.4, 0.5, 0.6, 0.7, 0.8, 0.9, 1.0]
Confidence: 95%",True,True,both_correct
porosity/porosity_00047.jpg,prompt_2,Defective,OK,,95.0,"Defect present: No
Defect type: Unknown
Evidence: The image shows a circular industrial component with a central bore and concentric rings, appearing structurally sound with no visible cracks, porosity, inclusions, or surface irregularities that would indicate a defect. The texture and edges are consistent with a machined or cast part, but no specific defect type is evident from the available visual information.
Confidence: 95%",Defective,porosity,,"Classification: Defective
Defect present: Yes
Defect type: porosity
Evidence: Defects: 8 porosity",False,True,fixed_by_finetuning
porosity/porosity_00047.jpg,prompt_3,Defective,OK,,,"Prediction: OK
Evidence: The image shows a circular casting with a central bore and concentric rings, consistent with a typical mechanical component. There are no visible cracks, porosity, inclusions, or surface defects that would indicate a manufacturing defect. The surface appears uniform and the features are well-defined. The small dark spots are likely part of the inspection pattern or minor surface imperfections not indicative of a defect. No evidence of dimensional deviation or material failure is present.
Confidence: High",Defective,porosity,,"Classification: Defective
Defect type: porosity",False,True,fixed_by_finetuning
porosity/porosity_00058.jpg,prompt_1,Defective,Defective,Unknown,85.0,"Classification: Defective
Reason: Multiple black spots (likely inclusions or porosity) are visible on the casting surface and within the internal structure, indicating manufacturing defects.
Confidence: 85%",Defective,Unknown,95.0,"Classification: Defective
Reason: Defect type: porosity, Defect location: [0.11, 0.48], [0.59, 0.42], [0.77, 0.47], [0.53, 0.61], [0.08, 0.99]
Confidence: 95%",True,True,both_correct
porosity/porosity_00058.jpg,prompt_2,Defective,OK,,90.0,"Defect present: No
Defect type: Unknown
Evidence: The image shows a circular industrial casting with a central bore and concentric rings. The surface appears generally uniform, with no obvious cracks, porosity, inclusions, or surface irregularities that would indicate a defect. The black dots may be artifacts or markers, not defects. Without additional context or a labeled dataset, no specific defect type can be identified.
Confidence: 90%",Defective,porosity,,"Classification: Defective
Defect present: Yes
Defect type: porosity
Evidence: Defects: 6 porosity",False,True,fixed_by_finetuning
porosity/porosity_00058.jpg,prompt_3,Defective,OK,,,"Prediction: OK
Evidence: The image shows a casting with a circular, concentric structure, likely a turbine or impeller component. There are no visible cracks, porosity, inclusions, or surface defects that would indicate a manufacturing defect. The black dots appear to be markers or annotations for inspection purposes, not actual defects. The surface texture is consistent with a machined or cast metal part, and no irregularities are evident within the visible area. No evidence of defects is present based on visual inspection.
Confidence: High",Defective,porosity,,"Classification: Defective
Defect type: porosity
Defect location: [0.11, 0.87, 0.12, 0.89], [0.2, 0.47, 0.24, 0.5], [0.52, 0.59, 0.56, 0.62], [0.59, 0.42, 0.63, 0.46], [0.75, 0.45, 0.79,",False,True,fixed_by_finetuning
porosity/porosity_00071.jpg,prompt_1,Defective,Defective,Unknown,85.0,"Classification: Defective
Reason: Presence of multiple dark spots and irregularities on the inner surface, suggesting porosity or inclusions, which are unacceptable in precision castings.
Confidence: 85%",Defective,Unknown,95.0,"Classification: Defective
Reason: Defect type: porosity, Defect location: center
Confidence: 95%",True,True,both_correct
porosity/porosity_00071.jpg,prompt_2,Defective,OK,,90.0,"Defect present: No
Defect type: Unknown
Evidence: The image shows a metallic casting with a central bore and internal structure, and the visible surface appears uniform with no obvious cracks, porosity, inclusions, or surface irregularities that would indicate a defect. The black dots may be artifacts or markers, not defects. Without additional context or labeling data, no specific defect type can be confirmed.
Confidence: 90%",Defective,porosity,,"Classification: Defective
Defect present: Yes
Defect type: porosity
Evidence: Defects: 5 porosity",False,True,fixed_by_finetuning
porosity/porosity_00071.jpg,prompt_3,Defective,OK,,,"Prediction: OK
Evidence: The image shows a casting with a central bore and concentric rings, and the surface appears uniform with no visible cracks, porosity, or significant defects. The five black dots are likely markers for inspection points and do not indicate damage or irregularities. The casting geometry and surface finish appear consistent with a well-manufactured part.
Confidence: High",Defective,porosity,,"Classification: Defective
Defect type: porosity
Defect location: [0.0, 0.3, 0.6, 0.7]",False,True,fixed_by_finetuning
scratch/scratch_00002.jpg,prompt_1,Defective,Defective,Unknown,85.0,"Classification: Defective
Reason: The image shows a casting with a visible, irregularly shaped dark line or crack crossing the circular feature, indicating a structural flaw.
Confidence: 85%",Defective,Unknown,95.0,"Classification: Defective
Reason: Defect type: scratch
Confidence: 95%",True,True,both_correct
scratch/scratch_00002.jpg,prompt_2,Defective,Defective,Unknown,30.0,"Defect present: Yes
Defect type: Unknown
Evidence: The image shows a casting with a central circular feature and concentric rings, possibly a turbine or impeller component. A prominent diagonal black line crosses the image, which may indicate a crack, scratch, or measurement artifact. However, due to the low resolution, grainy texture, and lack of clear context (e.g., reference standards, dimensional markings, or known defect patterns), it is impossible to definitively classify the defect type. The line could be a tool mark, a casting flaw, or an overlay artifact.
Confidence: 30%",Defective,scratch,,"Classification: Defective
Defect present: Yes
Defect type: scratch
Evidence: Defects: scratch",True,True,both_correct
scratch/scratch_00002.jpg,prompt_3,Defective,Defective,Unknown,,"Prediction: Defective
Evidence: The image shows a casting with a visible, irregularly shaped dark line or crack running diagonally across the circular feature, which is inconsistent with a properly manufactured part. The presence of this line suggests a defect such as a fracture or incomplete solidification.
Confidence: High",Defective,scratch,,"Classification: Defective
Defect type: scratch",True,True,both_correct
scratch/scratch_00018.jpg,prompt_1,Defective,Defective,Unknown,85.0,"Classification: Defective
Reason: A thin, linear defect (possibly a crack or inclusion) is visible across the inner circular region, indicating a manufacturing flaw.
Confidence: 85%",Defective,Unknown,95.0,"Classification: Defective
Reason: A scratch is detected on the surface.
Confidence: 95%",True,True,both_correct
scratch/scratch_00018.jpg,prompt_2,Defective,Defective,Inclusion,85.0,"Defect present: Yes
Defect type: Inclusion
Evidence: A dark, irregularly shaped inclusion is visible within the metallic casting, particularly near the center of the circular cross-section, indicated by the line. The inclusion appears to be a foreign material trapped during the casting process, contrasting with the surrounding metal.
Confidence: 85%",Defective,scratch,,"Classification: Defective
Defect present: Yes
Defect type: scratch
Evidence: A scratch is visible on the surface of the part.",True,True,both_correct
scratch/scratch_00018.jpg,prompt_3,Defective,Defective,Unknown,,"Prediction: Defective
Evidence: A thin, straight line is visible across the central region of the casting, which appears to be an imperfection or flaw (possibly a crack, inclusion, or machining mark) that is not consistent with the smooth, uniform surface expected in a quality casting. The line is not part of the intended design or texture.
Confidence: High",Defective,scratch,,"Classification: Defective
Defect type: scratch",True,True,both_correct
scratch/scratch_00023.jpg,prompt_1,Defective,Defective,Unknown,85.0,"Classification: Defective
Reason: The image shows a casting with a visible, irregularly shaped dark inclusion or void near the center, which is inconsistent with a uniform, solid casting. This suggests a manufacturing defect such as porosity or incomplete filling.
Confidence: 85%",Defective,Unknown,90.0,"Classification: Defective
Reason: Defect type: scratch
Confidence: 90%",True,True,both_correct
scratch/scratch_00023.jpg,prompt_2,Defective,OK,,90.0,"Defect present: No
Defect type: Unknown
Evidence: The image shows a metallic casting with concentric circular features, likely a bearing or rotor component. There are no visible cracks, porosity, inclusions, or surface irregularities that would indicate a defect. The added lines appear to be annotations or overlays, not actual defects. Without reference to a specific defect database or known standards, no defect can be confidently identified.
Confidence: 90%",Defective,scratch,,"Classification: Defective
Defect present: Yes
Defect type: scratch
Evidence: Two scratches are visible on the surface.",False,True,fixed_by_finetuning
scratch/scratch_00023.jpg,prompt_3,Defective,Defective,Unknown,,"Prediction: Defective
Evidence: The image shows a casting with a visible, irregularly shaped dark area in the center, which appears to be a void, inclusion, or porosity. This is inconsistent with a properly solidified casting and indicates a manufacturing defect. The presence of this defect is visually supported and does not require inference.
Confidence: High",Defective,scratch,,"Classification: Defective
Defect type: scratch",True,True,both_correct
scratch/scratch_00024.jpg,prompt_1,Defective,Defective,Unknown,95.0,"Classification: Defective
Reason: A visible crack is present along the outer rim of the casting, indicating a structural flaw.
Confidence: 95%",Defective,Unknown,90.0,"Classification: Defective
Reason: scratch
Confidence: 90%",True,True,both_correct
scratch/scratch_00024.jpg,prompt_2,Defective,Defective,Crack,85.0,"Defect present: Yes
Defect type: Crack
Evidence: A distinct linear discontinuity is visible along the outer rim of the casting, extending from the top edge inward. This feature is consistent with a crack, particularly given its sharp, non-continuous appearance and location along a high-stress region of the component.
Confidence: 85%",Defective,scratch,,"Classification: Defective
Defect type: scratch
Evidence: A scratch is visible on the surface of the part.",True,True,both_correct
scratch/scratch_00024.jpg,prompt_3,Defective,Defective,Unknown,,"Prediction: Defective
Evidence: A visible crack or fracture is present along the outer edge of the casting, indicated by the thin line extending from the top edge inward. This is a clear defect that compromises structural integrity.
Confidence: High",Defective,scratch,,"Classification: Defective
Defect type: scratch",True,True,both_correct
scratch/scratch_00026.jpg,prompt_1,Defective,Defective,Unknown,85.0,"Classification: Defective
Reason: The image shows a casting with visible internal voids or porosity in the central region, which is inconsistent with a properly solidified casting. The dark, irregular shapes suggest lack of material integrity.
Confidence: 85%",Defective,Unknown,90.0,"Classification: Defective
Reason: scratch
Confidence: 90%",True,True,both_correct
scratch/scratch_00026.jpg,prompt_2,Defective,OK,,95.0,"Defect present: No
Defect type: Unknown
Evidence: The image shows a metallic casting, likely a bearing or similar mechanical component, with a smooth, concentric surface and no visible cracks, porosity, inclusions, or surface irregularities that would indicate a defect. The radial lines may be artifacts of the imaging or measurement setup, not defects. No labeling or context is provided to confirm specific defect types.
Confidence: 95%",Defective,scratch,,"Classification: Defective
Defect present: Yes
Defect type: scratch
Evidence: Three long scratches are visible on the surface.",False,True,fixed_by_finetuning
scratch/scratch_00026.jpg,prompt_3,Defective,OK,,,"Prediction: OK
Evidence: The image shows a casting with a central bore and concentric rings, consistent with a bearing or similar mechanical component. There are no visible cracks, porosity, inclusions, or surface defects that would indicate a manufacturing defect. The surfaces appear smooth and uniform, and the geometry is intact. The two thin lines in the image are likely artifacts from the imaging process or measurement tools and do not represent defects in the casting itself.
Confidence: High",Defective,scratch,,"Classification: Defective
Defect type: scratch",False,True,fixed_by_finetuning
scratch/scratch_00030.jpg,prompt_1,Defective,Defective,Unknown,90.0,"Classification: Defective
Reason: A thin, straight line (likely a crack or porosity) is visible across the casting, indicating a manufacturing defect.
Confidence: 90%",Defective,Unknown,95.0,"Classification: Defective
Reason: A thin needle-like scratch is present on the surface.
Confidence: 95%",True,True,both_correct
scratch/scratch_00030.jpg,prompt_2,Defective,Defective,Crack,85.0,"Defect present: Yes
Defect type: Crack
Evidence: A thin, linear discontinuity is visible across the metallic disc, running diagonally from the lower left to the upper right, which is consistent with a crack or fracture in the casting. The contrast and sharpness of the line suggest it is not a surface scratch or tool mark but a structural flaw.
Confidence: 85%",Defective,scratch,,"Classification: Defective
Defect present: Yes
Defect type: scratch",True,True,both_correct
scratch/scratch_00030.jpg,prompt_3,Defective,Defective,Unknown,,"Prediction: Defective
Evidence: A thin, straight line is visible across the casting, which appears to be a foreign object or an imperfection (possibly a scratch, wire, or debris) that is not part of the intended casting structure. This is not a normal feature and indicates a defect.
Confidence: High",Defective,scratch,,"Classification: Defective
Defect type: scratch",True,True,both_correct
scratch/scratch_00038.jpg,prompt_1,Defective,Defective,Unknown,95.0,"Classification: Defective
Reason: A visible crack or line extends across the outer ring, indicating a structural flaw in the casting.
Confidence: 95%",Defective,Unknown,95.0,"Classification: Defective
Reason: A thin scratch is visible on the surface.
Confidence: 95%",True,True,both_correct
scratch/scratch_00038.jpg,prompt_2,Defective,OK,,90.0,"Defect present: No
Defect type: Unknown
Evidence: The image shows a circular, metallic casting with a smooth outer surface and concentric rings, consistent with a well-finished industrial part. No visible cracks, porosity, inclusions, or surface irregularities are apparent. The internal structure appears uniform, and the lighting highlights a clean, reflective surface without signs of casting defects. However, without reference standards or known defect patterns, a definitive classification cannot be made.
Confidence: 90%",Defective,scratch,,"Classification: Defective
Defect present: Yes
Defect type: scratch
Evidence: A scratch is visible on the surface of the object.",False,True,fixed_by_finetuning
scratch/scratch_00038.jpg,prompt_3,Defective,OK,,,"Prediction: OK
Evidence: The image shows a circular casting with a central hole and concentric rings. There are no visible cracks, porosity, inclusions, or surface defects that would indicate a manufacturing defect. The surface appears uniform and the geometry is consistent with a well-manufactured part. The lighting and shadows are consistent with a standard inspection setup, and no anomalies are present.
Confidence: High",Defective,scratch,,"Classification: Defective
Defect type: scratch",False,True,fixed_by_finetuning
scratch/scratch_00039.jpg,prompt_1,Defective,Defective,Unknown,85.0,"Classification: Defective
Reason: A thin, linear flaw (possibly a crack or porosity) is visible along the inner edge of the casting, extending from the outer rim toward the center.
Confidence: 85%",Defective,Unknown,95.0,"Classification: Defective
Reason: A thin needle-like scratch is present on the surface.
Confidence: 95%",True,True,both_correct
scratch/scratch_00039.jpg,prompt_2,Defective,OK,,90.0,"Defect present: No
Defect type: Unknown
Evidence: The image shows a circular industrial casting with a central bore and a textured inner surface, likely a turbine or impeller component. There are no visible cracks, porosity, inclusions, or surface irregularities that would indicate a defect. The casting appears structurally sound and uniformly formed, though the image resolution and lighting limit detailed inspection.
Confidence: 90%",Defective,scratch,,"Classification: Defective
Defect type: scratch
Evidence: A scratch is visible on the surface of the part.",False,True,fixed_by_finetuning
scratch/scratch_00039.jpg,prompt_3,Defective,OK,,,"Prediction: OK
Evidence: The image shows a circular casting with a central bore and a visible internal structure (possibly a bearing or housing). There are no visible cracks, porosity, inclusions, or surface defects that would indicate a manufacturing defect. The outer ring appears uniform and smooth, and the internal features are consistent with a well-cast component. No evidence of dimensional deviation or surface damage is present.
Confidence: High",Defective,scratch,,"Classification: Defective
Defect type: scratch",False,True,fixed_by_finetuning
scratch/scratch_00055.jpg,prompt_1,Defective,Defective,Unknown,85.0,"Classification: Defective
Reason: The image shows a casting with a visible internal defect — a dark, irregularly shaped void or inclusion near the center, which suggests porosity or a casting flaw. The diagonal line and arrow likely indicate a measurement or inspection point highlighting this defect.
Confidence: 85%",Defective,Unknown,90.0,"Classification: Defective
Reason: scratch
Confidence: 90%",True,True,both_correct
scratch/scratch_00055.jpg,prompt_2,Defective,OK,,95.0,"Defect present: No
Defect type: Unknown
Evidence: The image shows a circular industrial casting with concentric rings and internal features consistent with a turbine or pump impeller. There are no visible cracks, porosity, inclusions, or surface irregularities that would indicate a defect. The annotations (lines) appear to be for measurement or alignment purposes, not defect indicators. Without additional context or defect labeling in the dataset, no specific defect type can be identified.
Confidence: 95%",Defective,scratch,,"Classification: Defective
Defect type: scratch
Evidence: A scratch is present on the surface of the object.",False,True,fixed_by_finetuning
scratch/scratch_00055.jpg,prompt_3,Defective,OK,,,"Prediction: OK
Evidence: The image shows a casting with concentric circular features and internal vanes or blades, consistent with a typical turbine or impeller component. There are no visible cracks, porosity, inclusions, or surface defects that would indicate a manufacturing defect. The annotations (lines) appear to be for measurement or alignment purposes and do not indicate damage or irregularities. The overall structure appears uniform and intact.
Confidence: High",Defective,scratch,,"Classification: Defective
Defect type: scratch",False,True,fixed_by_finetuning
scratch/scratch_00068.jpg,prompt_1,Defective,Defective,Unknown,85.0,"Classification: Defective
Reason: Presence of a dark, irregularly shaped void or inclusion near the center, suggesting a casting defect such as porosity or incomplete filling.
Confidence: 85%",Defective,Unknown,90.0,"Classification: Defective
Reason: scratch
Confidence: 90%",True,True,both_correct
scratch/scratch_00068.jpg,prompt_2,Defective,Defective,Unknown,30.0,"Defect present: Yes
Defect type: Unknown
Evidence: The image shows a circular casting with concentric rings and a dark central region. A black square is superimposed on the image, possibly indicating a region of interest or a defect marker, but no clear, identifiable defect such as porosity, inclusions, cracks, or surface irregularities can be confidently determined from the visual evidence. The image quality is low and grainy, making precise defect identification difficult. The diagonal lines may be annotations rather than actual defects.
Confidence: 30%",Defective,scratch,,"Classification: Defective
Defect type: scratch
Evidence: Two thin, diagonal scratches are visible on the surface.",True,True,both_correct
scratch/scratch_00068.jpg,prompt_3,Defective,Defective,Unknown,,"Prediction: Defective
Evidence: The image shows a casting with a dark, irregularly shaped void or inclusion near the center, and a square-shaped black mark (possibly a defect or contamination) on the outer ring. The presence of these anomalies suggests non-uniformity or imperfections in the casting that do not conform to acceptable quality standards.
Confidence: High",Defective,scratch,,"Classification: Defective
Defect type: scratch",True,True,both_correct
scratch/scratch_00087.jpg,prompt_1,Defective,Defective,Unknown,85.0,"Classification: Defective
Reason: A dark, irregularly shaped void or inclusion is visible near the center of the casting, indicating a potential porosity or incomplete filling defect.
Confidence: 85%",Defective,Unknown,90.0,"Classification: Defective
Reason: Defect type: scratch
Confidence: 90%",True,True,both_correct
scratch/scratch_00087.jpg,prompt_2,Defective,Defective,Inclusion,85.0,"Defect present: Yes
Defect type: Inclusion
Evidence: A dark, irregularly shaped void or inclusion is visible within the central region of the casting, contrasting with the surrounding metallic material. This suggests a non-metallic impurity or void that was not fully expelled during the casting process.
Confidence: 85%",Defective,scratch,,"Classification: Defective
Defect type: scratch
Evidence: A scratch is visible on the surface of the part.",True,True,both_correct
scratch/scratch_00087.jpg,prompt_3,Defective,OK,,,"Prediction: OK
Evidence: The image shows a circular casting with concentric rings and a central hole, consistent with a well-formed, symmetrically manufactured part. There are no visible cracks, porosity, inclusions, or dimensional deviations that would indicate a defect. The surface appears uniform and the structure is intact. The black square and thin line are likely artifacts or markings from the imaging process, not defects in the casting itself.
Confidence: High",Defective,scratch,,"Classification: Defective
Defect type: scratch",False,True,fixed_by_finetuning
shrinkage/shrinkage_00004.jpg,prompt_1,Defective,Defective,Unknown,95.0,"Classification: Defective
Reason: Two distinct dark, irregularly shaped voids or inclusions are visible within the casting, indicating internal defects.
Confidence: 95%",Defective,Unknown,95.0,"Classification: Defective
Reason: Defect type: shrinkage
Defect location: [0.49, 0.44, 0.55, 0.49] [0.68, 0.39, 0.82, 0.57]
Confidence: 95%",True,True,both_correct
shrinkage/shrinkage_00004.jpg,prompt_2,Defective,Defective,Unknown,70.0,"Defect present: Yes
Defect type: Unknown
Evidence: The image shows two distinct dark, irregularly shaped voids or inclusions within the metallic casting. These appear to be internal defects, possibly porosity or shrinkage cavities, but their exact nature cannot be determined from the image alone without additional context (e.g., material, manufacturing process, or cross-sectional analysis). The shapes and locations suggest they are not surface cracks or external corrosion, but internal flaws. Without more data, the specific defect type cannot be classified.
Confidence: 70%",Defective,shrinkage,90.0,"Classification: Defective
Defect present: Yes
Defect type: shrinkage
Evidence: Defects: shrinkage
Confidence: 90%",True,True,both_correct
shrinkage/shrinkage_00004.jpg,prompt_3,Defective,Defective,Unknown,,"Prediction: Defective
Evidence: The image shows two distinct dark, irregularly shaped voids or inclusions within the casting, which are not part of the intended design. These features appear as black shapes against the metallic background, indicating potential defects such as porosity, shrinkage cavities, or inclusions that compromise the integrity of the part.
Confidence: High",Defective,shrinkage,,"Classification: Defective
Defect type: shrinkage",True,True,both_correct
shrinkage/shrinkage_00018.jpg,prompt_1,Defective,Defective,Unknown,95.0,"Classification: Defective
Reason: Presence of multiple black irregular shapes (square, pentagon, diamond) on the casting surface indicates inclusions or defects, not part of the intended design.
Confidence: 95%",Defective,Unknown,90.0,"Classification: Defective
Reason: Defect type: shrinkage
Confidence: 90%",True,True,both_correct
shrinkage/shrinkage_00018.jpg,prompt_2,Defective,Defective,Unknown,60.0,"Defect present: Yes
Defect type: Unknown
Evidence: The image shows a metallic casting with several black, irregularly shaped areas that appear to be voids, inclusions, or surface defects. These are not uniform and do not correspond to standard defect types like porosity or shrinkage cavities without further context or reference images. The shapes and locations are ambiguous, making it impossible to classify them definitively.
Confidence: 60%",Defective,shrinkage,,"Classification: Defective
Defect present: Yes
Defect type: shrinkage
Evidence: Defects: shrinkage, shape: diamond, pentagon",True,True,both_correct
shrinkage/shrinkage_00018.jpg,prompt_3,Defective,Defective,Unknown,,"Prediction: Defective
Evidence: The image shows a metallic casting with three distinct black shapes (a square, a diamond, and a pentagon) that appear to be foreign objects or inclusions embedded within or on the surface of the casting. These are not part of the intended design and indicate contamination or manufacturing defect. The presence of these irregular, non-metallic shapes suggests a failure in the casting process or material integrity.
Confidence: High",Defective,shrinkage,,"Classification: Defective
Defect type: shrinkage",True,True,both_correct
shrinkage/shrinkage_00022.jpg,prompt_1,Defective,Defective,Unknown,90.0,"Classification: Defective
Reason: Presence of three distinct black, irregularly shaped inclusions or voids within the casting, indicating potential porosity or contamination.
Confidence: 90%",Defective,Unknown,90.0,"Classification: Defective
Reason: Defect type: shrinkage
Defect location: center
Confidence: 90%",True,True,both_correct
shrinkage/shrinkage_00022.jpg,prompt_2,Defective,Defective,Unknown,60.0,"Defect present: Yes
Defect type: Unknown
Evidence: The image shows a circular metallic casting with three distinct black, irregularly shaped inclusions or voids within the casting. These appear to be non-metallic or internal voids, possibly due to gas entrapment, shrinkage, or inclusions during casting. However, without context or reference standards (e.g., material type, casting process, or industry-specific defect databases), it is not possible to definitively classify the defect type (e.g., porosity, slag inclusion, shrinkage cavity, etc.).
Confidence: 60%",Defective,shrinkage,,"Classification: Defective
Defect present: Yes
Defect type: shrinkage
Evidence: Defects: shrinkage, shrinkage, shrinkage",True,True,both_correct
shrinkage/shrinkage_00022.jpg,prompt_3,Defective,Defective,Unknown,,"Prediction: Defective
Evidence: The image shows a casting with three distinct, irregularly shaped black inclusions or voids within the metallic structure. These are not part of the intended design and appear as internal defects. The surrounding material has a granular or speckled texture, which may indicate porosity or surface imperfections, further supporting the classification as defective.
Confidence: High",Defective,shrinkage,,"Classification: Defective
Defect type: shrinkage",True,True,both_correct
shrinkage/shrinkage_00038.jpg,prompt_1,Defective,Defective,Unknown,90.0,"Classification: Defective
Reason: Presence of black rectangular voids and a hexagonal void on the casting surface indicate internal or surface defects, likely porosity or inclusions.
Confidence: 90%",Defective,Unknown,90.0,"Classification: Defective
Reason: Defect type: shrinkage
Confidence: 90%",True,True,both_correct
shrinkage/shrinkage_00038.jpg,prompt_2,Defective,Defective,Unknown,50.0,"Defect present: Yes
Defect type: Unknown
Evidence: The image shows a circular industrial casting with a central bore and concentric rings. There are two distinct black rectangular areas and a hexagonal black shape on the surface, which appear to be non-metallic or masked regions. These anomalies are not consistent with typical casting defects like porosity, inclusions, or cracks, and their irregular shapes and placement suggest they may be artifacts, masking, or foreign objects rather than intrinsic defects. Without context or reference to a known defect database, the nature of these features cannot be confidently classified.
Confidence: 50%",Defective,shrinkage,90.0,"Classification: Defective
Defect type: shrinkage
Evidence: A shrinkage defect is present in the image, characterized by a dark, irregularly shaped void in the center of the casting. The defect appears to be a hexagonal void, which is a common type of shrinkage defect.
Confidence: 90%",True,True,both_correct
shrinkage/shrinkage_00038.jpg,prompt_3,Defective,Defective,Unknown,,"Prediction: Defective
Evidence: The image shows a casting with two distinct black rectangular areas on the outer ring, which appear to be missing material or defects. Additionally, there is a black hexagonal shape near the inner bore, which is inconsistent with the expected uniform structure of the casting. These anomalies suggest material loss or manufacturing defects.
Confidence: High",Defective,shrinkage,,"Classification: Defective
Defect type: shrinkage",True,True,both_correct
shrinkage/shrinkage_00040.jpg,prompt_1,Defective,Defective,Unknown,90.0,"Classification: Defective
Reason: Black rectangular regions indicate areas of incomplete or absent material, suggesting porosity, lack of fusion, or casting defects.
Confidence: 90%",Defective,Unknown,95.0,"Classification: Defective
Reason: Defect type: shrinkage
Defect location: [550, 258, 670, 350], [540, 388, 670, 500]
Confidence: 95%",True,True,both_correct
shrinkage/shrinkage_00040.jpg,prompt_2,Defective,Defective,Inclusion,85.0,"Defect present: Yes
Defect type: Inclusion
Evidence: The image shows dark, irregularly shaped regions within the metallic casting, particularly near the inner bore and along the outer rim. These appear as embedded foreign material or voids, consistent with inclusions — a common casting defect where non-metallic particles or voids are trapped during solidification.
Confidence: 85%",Defective,shrinkage,,"Classification: Defective
Defect type: shrinkage
Evidence: Defects are marked with black boxes.",True,True,both_correct
shrinkage/shrinkage_00040.jpg,prompt_3,Defective,Defective,Unknown,,"Prediction: Defective
Evidence: The image shows a casting with a central hole and concentric rings, but there are two distinct black rectangular regions that appear to be foreign objects or significant surface defects (possibly debris, contamination, or incomplete material) located on the outer ring and near the inner ring. These are not part of the intended casting structure and indicate a quality issue.
Confidence: High",Defective,shrinkage,,"Classification: Defective
Defect type: shrinkage",True,True,both_correct
shrinkage/shrinkage_00048.jpg,prompt_1,Defective,Defective,Unknown,85.0,"Classification: Defective
Reason: A black hexagonal mark is visible on the casting surface, indicating potential contamination, machining residue, or surface defect.
Confidence: 85%",Defective,Unknown,90.0,"Classification: Defective
Reason: Defect type: shrinkage
Confidence: 90%",True,True,both_correct
shrinkage/shrinkage_00048.jpg,prompt_2,Defective,Defective,Unknown,50.0,"Defect present: Yes
Defect type: Unknown
Evidence: The image shows a circular metallic component with a central hole and a black hexagonal mark on its outer rim. The black mark appears to be an irregular, non-metallic inclusion or possibly a tool mark, but its nature is ambiguous without context or comparison to known defect standards. It does not clearly match typical casting defects like porosity, shrinkage, or inclusions, nor is it consistent with surface machining marks. The surrounding area shows some texture and possible machining marks, but the black mark’s origin and nature cannot be definitively classified.
Confidence: 50",Defective,shrinkage,,"Classification: Defective
Defect present: Yes
Defect type: shrinkage
Evidence: A shrinkage defect is visible as a black hexagonal shape on the surface of the casting.",True,True,both_correct
shrinkage/shrinkage_00048.jpg,prompt_3,Defective,Defective,Unknown,,"Prediction: Defective
Evidence: A black hexagonal mark is visible on the outer rim of the casting, which appears to be an irregularity or defect not consistent with the expected smooth, machined surface. This mark is not part of the design and suggests a flaw in the casting process or surface finish.
Confidence: High",Defective,shrinkage,,"Classification: Defective
Defect type: shrinkage",True,True,both_correct
shrinkage/shrinkage_00051.jpg,prompt_1,Defective,Defective,Unknown,85.0,"Classification: Defective
Reason: The image shows a casting with a dark, irregularly shaped void or inclusion near the center, surrounded by concentric rings that suggest possible porosity or internal defect, and a separate black block at the bottom left indicating possible incomplete filling or casting flaw.
Confidence: 85%",Defective,Unknown,90.0,"Classification: Defective
Reason: Defect type: shrinkage
Confidence: 90%",True,True,both_correct
shrinkage/shrinkage_00051.jpg,prompt_2,Defective,Defective,Unknown,30.0,"Defect present: Yes
Defect type: Unknown
Evidence: The image shows a distorted, pixelated, and abstract pattern with concentric rings and irregular black shapes, which does not correspond to typical industrial casting defects such as porosity, inclusions, or shrinkage. The visual artifacts suggest image corruption or compression rather than a physical defect in the casting. Without clear structural or surface features indicative of a known defect, classification is not possible.
Confidence: 30%",Defective,shrinkage,,"Classification: Defective
Defect present: Yes
Defect type: shrinkage",True,True,both_correct
shrinkage/shrinkage_00051.jpg,prompt_3,Defective,Defective,Unknown,,"Prediction: Defective
Evidence: The image shows a casting with visible internal voids or porosity, indicated by the dark, irregularly shaped voids within the casting structure. The presence of these voids suggests a defect in the casting process, such as incomplete filling or gas entrapment.
Confidence: High",Defective,shrinkage,,"Classification: Defective
Defect type: shrinkage",True,True,both_correct
shrinkage/shrinkage_00056.jpg,prompt_1,Defective,Defective,Unknown,90.0,"Classification: Defective
Reason: Presence of three distinct black irregular shapes (likely casting defects or inclusions) against a grayscale background, indicating non-uniformity or contamination.
Confidence: 90%",Defective,Unknown,95.0,"Classification: Defective
Reason: Defect type: shrinkage
Defect location: [0.17, 0.2, 0.37, 0.39], [0.29, 0.42, 0.46, 0.57], [0.57, 0.63, 0.8, 0.82]
Confidence: 95%",True,True,both_correct
shrinkage/shrinkage_00056.jpg,prompt_2,Defective,Defective,Unknown,50.0,"Defect present: Yes
Defect type: Unknown
Evidence: The image shows a casting with three distinct black, irregularly shaped inclusions or voids against a lighter background, which may indicate porosity or inclusions. However, due to the low resolution, grainy texture, and lack of contextual information (e.g., casting material, expected geometry, or reference standards), it is not possible to definitively classify the defect type (e.g., porosity, shrinkage cavity, slag inclusion, etc.).
Confidence: 50%",Defective,shrinkage,,"Classification: Defective
Defect present: Yes
Defect type: shrinkage
Evidence: Defects are visible as black shapes on the surface of the casting.",True,True,both_correct
shrinkage/shrinkage_00056.jpg,prompt_3,Defective,Defective,Unknown,,"Prediction: Defective
Evidence: The image exhibits significant pixelation, noise, and low resolution, making it impossible to visually inspect the casting for surface defects, dimensional accuracy, or material integrity. The presence of three black shapes (likely artifacts or noise) and the overall grainy texture indicate the image is not suitable for quality inspection.
Confidence: High",Defective,shrinkage,,"Classification: Defective
Defect type: shrinkage
Defect location: [0.17, 0.2, 0.37, 0.38], [0.3, 0.43, 0.45, 0.57], [0.57, 0.63, 0.8, 0.82]",True,True,both_correct
shrinkage/shrinkage_00061.jpg,prompt_1,Defective,Defective,Unknown,95.0,"Classification: Defective
Reason: Three distinct black, irregularly shaped inclusions are visible inside the casting, indicating contamination or porosity that compromises structural integrity.
Confidence: 95%",Defective,Unknown,95.0,"Classification: Defective
Reason: Defect type: shrinkage
Defect location: center
Confidence: 95%",True,True,both_correct
shrinkage/shrinkage_00061.jpg,prompt_2,Defective,Defective,Unknown,70.0,"Defect present: Yes
Defect type: Unknown
Evidence: The image shows three distinct black, irregularly shaped voids or inclusions within the metallic casting. These appear to be internal defects, possibly porosity or shrinkage cavities, but their exact nature cannot be determined from the image alone without material analysis or cross-sectioning. The shapes and locations suggest they are not surface cracks or corrosion, but internal voids. However, without context or labeling from the dataset, the specific defect type cannot be confidently assigned.
Confidence: 70%",Defective,shrinkage,,"Classification: Defective
Defect present: Yes
Defect type: shrinkage
Evidence: Defects are hexagonal in shape and are located at the center of the image.",True,True,both_correct
shrinkage/shrinkage_00061.jpg,prompt_3,Defective,Defective,Unknown,,"Prediction: Defective
Evidence: The image shows three distinct black, irregularly shaped objects embedded within the metallic casting. These objects appear to be foreign inclusions or debris, not part of the intended design. Their presence indicates contamination or manufacturing defect.
Confidence: High",Defective,shrinkage,,"Classification: Defective
Defect type: shrinkage",True,True,both_correct
shrinkage/shrinkage_00067.jpg,prompt_1,Defective,Defective,Unknown,85.0,"Classification: Defective
Reason: Presence of dark, irregularly shaped inclusions or voids within the casting, indicating potential porosity or incomplete filling.
Confidence: 85%",Defective,Unknown,90.0,"Classification: Defective
Reason: Defect type: shrinkage
Confidence: 90%",True,True,both_correct
shrinkage/shrinkage_00067.jpg,prompt_2,Defective,Defective,Unknown,50.0,"Defect present: Yes
Defect type: Unknown
Evidence: The image shows a circular casting with a central hole and concentric rings, but the presence of dark, irregularly shaped voids or inclusions near the center suggests possible porosity or inclusions. However, due to the low resolution and grainy texture of the image, it is not possible to definitively classify the defect type (e.g., porosity, shrinkage cavity, inclusions, etc.). The defect appears as a non-uniform dark area, but without higher resolution or reference standards, classification is uncertain.
Confidence: 50%",Defective,shrinkage,,"Classification: Defective
Defect present: Yes
Defect type: shrinkage",True,True,both_correct
shrinkage/shrinkage_00067.jpg,prompt_3,Defective,Defective,Unknown,,"Prediction: Defective
Evidence: The image shows a casting with visible dark, irregularly shaped voids or inclusions within the circular structure, particularly noticeable in the central and inner regions. These features are inconsistent with a properly solidified casting and suggest defects such as porosity or shrinkage cavities.
Confidence: High",Defective,shrinkage,,"Classification: Defective
Defect type: shrinkage",True,True,both_correct
shrinkage/shrinkage_00070.jpg,prompt_1,Defective,Defective,Unknown,85.0,"Classification: Defective
Reason: Presence of black, irregularly shaped inclusions or voids within the casting, particularly near the inner ring and outer rim, indicating potential porosity or contamination.
Confidence: 85%",Defective,Unknown,95.0,"Classification: Defective
Reason: Defect type: shrinkage
Defect location: [300, 220, 380, 330], [370, 220, 450, 320]
Confidence: 95%",True,True,both_correct
shrinkage/shrinkage_00070.jpg,prompt_2,Defective,Defective,Inclusion,85.0,"Defect present: Yes
Defect type: Inclusion
Evidence: The image shows dark, irregularly shaped inclusions within the metallic casting, particularly visible in the central region and near the inner bore. These appear as non-metallic or dense material embedded in the casting, which is characteristic of inclusion defects. The black squares are likely masking areas, but the underlying structure reveals these inclusions.
Confidence: 85%",Defective,shrinkage,,"Classification: Defective
Defect type: shrinkage
Evidence: Defects are marked with black boxes.",True,True,both_correct
shrinkage/shrinkage_00070.jpg,prompt_3,Defective,Defective,Unknown,,"Prediction: Defective
Evidence: The image shows a casting with multiple black rectangular blocks obscuring key areas, which suggests that the inspection image is either partially obscured or has been edited to hide defects. However, the visible portions reveal a dark, irregularly shaped central area with a concentric ring structure, which appears to have internal voids or inclusions (possibly due to incomplete filling or porosity) that are not consistent with a properly manufactured casting. The presence of these irregularities, even if partially obscured, indicates a defect.
Confidence: Medium",Defective,shrinkage,,"Classification: Defective
Defect type: shrinkage",True,True,both_correct
shrinkage/shrinkage_00087.jpg,prompt_1,Defective,Defective,Unknown,90.0,"Classification: Defective
Reason: Two large, irregular black shapes are visible inside the casting, indicating possible inclusions, voids, or foreign material that compromise structural integrity.
Confidence: 90%",Defective,Unknown,90.0,"Classification: Defective
Reason: Defect type: shrinkage
Confidence: 90%",True,True,both_correct
shrinkage/shrinkage_00087.jpg,prompt_2,Defective,Defective,Unknown,60.0,"Defect present: Yes
Defect type: Unknown
Evidence: The image shows two distinct black, irregularly shaped objects inside the circular casting, which appear to be foreign inclusions or debris. Their presence suggests contamination or improper casting process, but without context or reference to known defect databases, the specific type (e.g., porosity, inclusions, shrinkage cavity) cannot be definitively identified.
Confidence: 60%",Defective,shrinkage,,"Classification: Defective
Defect present: Yes
Defect type: shrinkage
Evidence: Two black shrinkage defects are visible in the center of the image.",True,True,both_correct
shrinkage/shrinkage_00087.jpg,prompt_3,Defective,Defective,Unknown,,"Prediction: Defective
Evidence: The image shows two distinct black, irregularly shaped objects inside the circular casting, which appear to be foreign material or debris. These are not part of the intended casting structure and indicate contamination or improper manufacturing.
Confidence: High",Defective,shrinkage,,"Classification: Defective
Defect type: shrinkage",True,True,both_correct
shrinkage/shrinkage_00090.jpg,prompt_1,Defective,Defective,Unknown,95.0,"Classification: Defective
Reason: A dark, irregularly shaped object is present inside the casting, which appears to be an intrusion or foreign material, not part of the intended design.
Confidence: 95%",Defective,Unknown,90.0,"Classification: Defective
Reason: Defect type: shrinkage
Confidence: 90%",True,True,both_correct
shrinkage/shrinkage_00090.jpg,prompt_2,Defective,Defective,Unknown,,"Defect present: Yes
Defect type: Unknown
Evidence: The image shows a circular metallic casting with a central bore and a dark, irregularly shaped black object obstructing the view near the center. This black object appears to be a foreign inclusion or a shadowed area, possibly indicating a casting defect such as porosity, inclusions, or a void. However, without context or reference to known defect standards (e.g., ASTM, ISO), it is not possible to definitively classify the defect type. The object’s shape and location suggest it may be a non-metallic inclusion or a misaligned component, but no specific",Defective,shrinkage,,"Classification: Defective
Defect present: Yes
Defect type: shrinkage
Evidence: A hexagonal-shaped shrinkage is visible in the center of the image.",True,True,both_correct
shrinkage/shrinkage_00090.jpg,prompt_3,Defective,Defective,Unknown,,"Prediction: Defective
Evidence: A dark, irregularly shaped object (appearing to be a hexagonal or polygonal foreign inclusion) is visible inside the central bore of the casting, which is not part of the intended design. This indicates contamination or a manufacturing defect.
Confidence: High",Defective,shrinkage,,"Classification: Defective
Defect type: shrinkage",True,True,both_correct
surface_roughness/surface_roughness_00006.jpg,prompt_1,Defective,Defective,Unknown,70.0,"Classification: Defective
Reason: The image shows significant grainy noise and poor contrast, suggesting a defective scan or image capture rather than a clean casting surface. The concentric rings appear distorted and lack sharp definition, which may indicate surface defects or casting flaws.
Confidence: 70%",Defective,Unknown,90.0,"Classification: Defective
Reason: Defective surface: surface_roughness
Confidence: 90%",True,True,both_correct
surface_roughness/surface_roughness_00006.jpg,prompt_2,Defective,OK,,60.0,"Defect present: No
Defect type: Unknown
Evidence: The image shows a circular industrial casting with concentric rings, likely a bearing or similar component. The surface appears generally uniform with no visible cracks, porosity, inclusions, or surface irregularities that would indicate a defect. However, the image quality is low (grainy, pixelated), which limits the ability to definitively assess finer details. Without higher resolution or reference standards, no specific defect can be confirmed.
Confidence: 60%",Defective,inclusion,90.0,"Classification: Defective
Defect type: inclusion
Evidence: Inclusion is visible as a white spot on the right side of the image.
Confidence: 90%",False,True,fixed_by_finetuning
surface_roughness/surface_roughness_00006.jpg,prompt_3,Defective,Defective,Unknown,,"Prediction: Defective
Evidence: The image exhibits significant grainy noise and low contrast, making it difficult to discern fine details or surface texture of the casting. The concentric circular features appear blurred and indistinct, which suggests poor image quality rather than a defect in the casting itself. However, since the task is to classify based on visual inspection of the image, and the image quality is insufficient to reliably assess the casting’s condition, the most appropriate classification is Defective due to the inability to perform a valid inspection.
Confidence: Medium",Defective,surface_roughness,,"Classification: Defective
Defect type: surface_roughness",True,True,both_correct
surface_roughness/surface_roughness_00009.jpg,prompt_1,Defective,Defective,Unknown,90.0,"Classification: Defective
Reason: Two distinct black rectangular areas are visible on the casting surface, indicating potential defects such as inclusions, porosity, or surface damage.
Confidence: 90%",Defective,Unknown,90.0,"Classification: Defective
Reason: Defective surface: surface_roughness
Confidence: 90%",True,True,both_correct
surface_roughness/surface_roughness_00009.jpg,prompt_2,Defective,Defective,Unknown,60.0,"Defect present: Yes
Defect type: Unknown
Evidence: The image shows a circular industrial casting with two distinct black rectangular areas on the outer ring, which appear to be non-uniform or possibly missing material, suggesting a defect. However, without context or reference to known defect types (e.g., porosity, inclusions, cracks, or dimensional deviations), the exact nature of the defect cannot be classified. The black regions may indicate surface damage, coating, or shadowing, but their origin is ambiguous.
Confidence: 60%",Defective,surface_roughness,90.0,"Classification: Defective
Defect type: surface_roughness
Evidence: Surface has surface roughness
Confidence: 90%",True,True,both_correct
surface_roughness/surface_roughness_00009.jpg,prompt_3,Defective,Defective,Unknown,,"Prediction: Defective
Evidence: The image shows two distinct black rectangular areas on the right side of the circular casting, which appear to be missing or damaged sections. These are not part of the normal casting geometry and suggest a defect such as incomplete casting, damage, or contamination.
Confidence: High",Defective,surface_roughness,,"Classification: Defective
Defect type: surface_roughness",True,True,both_correct
surface_roughness/surface_roughness_00034.jpg,prompt_1,Defective,Defective,Unknown,85.0,"Classification: Defective
Reason: Visible surface texture and speckling suggest casting defects such as porosity or surface inclusions, inconsistent with a high-quality casting.
Confidence: 85%",Defective,Unknown,90.0,"Classification: Defective
Reason: surface_roughness
Confidence: 90%",True,True,both_correct
surface_roughness/surface_roughness_00034.jpg,prompt_2,Defective,OK,,90.0,"Defect present: No
Defect type: Unknown
Evidence: The image shows a circular industrial casting with a concentric ring structure, likely a bearing or similar component. The surface appears uniform, with no visible cracks, porosity, inclusions, or surface irregularities that would indicate a defect. The grayscale image has some noise or pixelation, but this is consistent with image quality rather than a manufacturing defect. No specific defect type can be confidently identified from the available visual information.
Confidence: 90%",Defective,surface_roughness,90.0,"Classification: Defective
Defect type: surface_roughness
Evidence: Surface has surface roughness
Confidence: 90%",False,True,fixed_by_finetuning
surface_roughness/surface_roughness_00034.jpg,prompt_3,Defective,OK,,,"Prediction: OK
Evidence: The casting exhibits a uniform circular shape with clean, concentric rings and no visible cracks, porosity, or surface defects. The edges are smooth and the internal bore is well-defined, consistent with a properly manufactured part. No anomalies or irregularities are present that would indicate a defect.
Confidence: High",Defective,surface_roughness,,"Classification: Defective
Defect type: surface_roughness",False,True,fixed_by_finetuning
surface_roughness/surface_roughness_00036.jpg,prompt_1,Defective,Defective,Unknown,85.0,"Classification: Defective
Reason: The casting exhibits significant surface roughness, discoloration, and irregularities around the central bore and outer rim, suggesting poor casting quality or surface defects.
Confidence: 85%",Defective,Unknown,90.0,"Classification: Defective
Reason: surface_roughness
Confidence: 90%",True,True,both_correct
surface_roughness/surface_roughness_00036.jpg,prompt_2,Defective,Defective,Unknown,,"Defect present: Yes
Defect type: Unknown
Evidence: The image shows a circular industrial casting with a central hole and two black rectangular patches at the bottom, which appear to be either markings, shadows, or possibly embedded defects. However, due to the low resolution, pixelation, and lack of clear context (e.g., surface texture, dimensional tolerances, or comparison to standards), it is impossible to definitively classify the nature of the defect. The black patches could be intentional (e.g., paint or labels) or indicative of a defect such as porosity, inclusions, or cracking — but without further data or",Defective,surface_roughness,,"Classification: Defective
Defect type: surface_roughness
Evidence: Surface roughness is visible on the surface of the part.",True,True,both_correct
surface_roughness/surface_roughness_00036.jpg,prompt_3,Defective,Defective,Unknown,,"Prediction: Defective
Evidence: The image shows a casting with a circular, disc-like shape, but there are two distinct black rectangular areas at the bottom, which appear to be missing or improperly formed sections. These are not part of the expected design and indicate a defect in the casting process.
Confidence: High",Defective,surface_roughness,,"Classification: Defective
Defect type: surface_roughness",True,True,both_correct
surface_roughness/surface_roughness_00040.jpg,prompt_1,Defective,Defective,Unknown,85.0,"Classification: Defective
Reason: The casting exhibits significant surface roughness, irregularities, and apparent distortion in the concentric rings, suggesting poor surface finish or casting defects such as porosity or inclusions.
Confidence: 85%",Defective,Unknown,90.0,"Classification: Defective
Reason: surface_roughness
Confidence: 90%",True,True,both_correct
surface_roughness/surface_roughness_00040.jpg,prompt_2,Defective,OK,,90.0,"Defect present: No
Defect type: Unknown
Evidence: The image shows a circular, concentrically patterned object with a smooth, uniform surface and no visible cracks, porosity, inclusions, or surface irregularities that would indicate a defect. The grayscale contrast suggests a clean, possibly machined or cast part, but without reference to a specific defect database or known standards, no definitive defect can be labeled.
Confidence: 90%",Defective,surface_roughness,90.0,"Classification: Defective
Defect type: surface_roughness
Evidence: The surface of the object has a rough texture, which is a surface defect.
Confidence: 90%",False,True,fixed_by_finetuning
surface_roughness/surface_roughness_00040.jpg,prompt_3,Defective,Defective,Unknown,,"Prediction: Defective
Evidence: The image shows a casting with a circular, concentric pattern that appears to have a significant defect — a dark, irregularly shaped void or inclusion within the central region, surrounded by a thin white ring. This suggests a void, porosity, or incomplete filling in the casting, which is a common defect in metal casting processes. The outer ring is also visibly uneven and distorted, indicating possible surface or dimensional imperfections. These features are not consistent with a properly manufactured, defect-free casting.
Confidence: High",Defective,surface_roughness,,"Classification: Defective
Defect type: surface_roughness",True,True,both_correct
surface_roughness/surface_roughness_00046.jpg,prompt_1,Defective,Defective,Unknown,85.0,"Classification: Defective
Reason: Visible concentric rings and irregularities suggest casting defects such as porosity, inclusions, or improper cooling, which compromise structural integrity.
Confidence: 85%",Defective,Unknown,90.0,"Classification: Defective
Reason: surface_roughness
Confidence: 90%",True,True,both_correct
surface_roughness/surface_roughness_00046.jpg,prompt_2,Defective,OK,,90.0,"Defect present: No
Defect type: Unknown
Evidence: The image shows a circular industrial casting with concentric rings, likely a bearing or similar component. The surface appears uniform with no visible cracks, porosity, inclusions, or surface irregularities that would indicate a defect. The grayscale image has some noise or grain, but this is consistent with imaging artifacts and not a structural defect. No labeling or context is provided to confirm specific defect types.
Confidence: 90%",Defective,surface_roughness,90.0,"Classification: Defective
Defect type: surface_roughness
Evidence: Surface has surface roughness
Confidence: 90%",False,True,fixed_by_finetuning
surface_roughness/surface_roughness_00046.jpg,prompt_3,Defective,OK,,,"Prediction: OK
Evidence: The image shows a circular casting with concentric rings and a central hole, consistent with a typical manufactured part (e.g., a bearing or hub). There are no visible cracks, porosity, inclusions, or surface defects that would indicate a manufacturing defect. The edges are clean and the structure appears uniform, with no signs of warping or material inconsistencies. The image quality, while grainy, does not obscure critical features.
Confidence: High",Defective,surface_roughness,,"Classification: Defective
Defect type: surface_roughness",False,True,fixed_by_finetuning
surface_roughness/surface_roughness_00047.jpg,prompt_1,Defective,Defective,Unknown,75.0,"Classification: Defective
Reason: The image shows significant surface texture and noise, suggesting poor surface finish or casting defects such as porosity, inclusions, or improper cooling. The concentric rings appear distorted and inconsistent, indicating potential dimensional or material inconsistencies.
Confidence: 75%",Defective,Unknown,90.0,"Classification: Defective
Reason: surface_roughness
Confidence: 90%",True,True,both_correct
surface_roughness/surface_roughness_00047.jpg,prompt_2,Defective,OK,,70.0,"Defect present: No
Defect type: Unknown
Evidence: The image shows a circular, concentric structure with smooth, uniform surfaces and no visible cracks, porosity, inclusions, or surface irregularities that would indicate a defect. The grayscale texture appears consistent with a well-cast industrial part, though the image quality is low and pixelated, which may obscure finer details. Without reference to a specific defect database or known standards, no defect can be confidently identified.
Confidence: 70%",Defective,surface_roughness,90.0,"Classification: Defective
Defect type: surface_roughness
Evidence: Surface has surface roughness
Confidence: 90%",False,True,fixed_by_finetuning
surface_roughness/surface_roughness_00047.jpg,prompt_3,Defective,Defective,Unknown,,"Prediction: Defective
Evidence: The image exhibits significant visual noise, graininess, and pixelation, which obscure clear inspection of the casting’s surface features. The concentric circular pattern appears distorted and lacks sharp definition, making it impossible to verify dimensional accuracy, surface finish, or presence of defects (e.g., porosity, cracks, or inclusions) based on visual inspection alone. The image quality is insufficient for reliable quality assessment.
Confidence: High",Defective,surface_roughness,,"Classification: Defective
Defect type: surface_roughness",True,True,both_correct
surface_roughness/surface_roughness_00048.jpg,prompt_1,Defective,OK,,95.0,"Classification: OK
Reason: The casting shows uniform surface finish, no visible cracks, porosity, or dimensional deviations; concentric rings appear properly formed with consistent wall thickness.
Confidence: 95%",Defective,Unknown,90.0,"Classification: Defective
Reason: surface_roughness
Confidence: 90%",False,True,fixed_by_finetuning
surface_roughness/surface_roughness_00048.jpg,prompt_2,Defective,OK,,95.0,"Defect present: No
Defect type: Unknown
Evidence: The image shows a symmetrical, circular industrial casting with a clean, concentric ring structure and no visible cracks, porosity, inclusions, or surface irregularities that would indicate a defect. The metallic surface appears uniform, though the image has a grainy or pixelated texture likely due to image compression or resolution, not a manufacturing defect.
Confidence: 95%",Defective,surface_roughness,90.0,"Classification: Defective
Defect type: surface_roughness
Evidence: Surface has surface roughness
Confidence: 90%",False,True,fixed_by_finetuning
surface_roughness/surface_roughness_00048.jpg,prompt_3,Defective,OK,,,"Prediction: OK
Evidence: The image shows a circular metallic casting with concentric rings and a central hole, exhibiting uniform surface texture, consistent material appearance, and no visible cracks, porosity, or surface defects. The edges are clean and well-defined, and there are no signs of misalignment or manufacturing flaws. The image quality, while grainy, does not obscure critical features.
Confidence: High",Defective,surface_roughness,,"Classification: Defective
Defect type: surface_roughness",False,True,fixed_by_finetuning
surface_roughness/surface_roughness_00056.jpg,prompt_1,Defective,Defective,Unknown,85.0,"Classification: Defective
Reason: The image shows a concentric ring structure with a visible, irregularly shaped void or inclusion in the center, suggesting a casting defect such as porosity or incomplete filling.
Confidence: 85%",Defective,Unknown,90.0,"Classification: Defective
Reason: surface_roughness
Confidence: 90%",True,True,both_correct
surface_roughness/surface_roughness_00056.jpg,prompt_2,Defective,OK,,70.0,"Defect present: No
Defect type: Unknown
Evidence: The image shows a symmetrical, concentric circular structure with clean, well-defined boundaries, suggesting uniform material flow and no visible cracks, porosity, or inclusions. The grayscale contrast is consistent, and there are no irregularities or discontinuities that would indicate a casting defect. However, the image quality is grainy and lacks fine detail, which limits definitive assessment.
Confidence: 70%",Defective,surface_roughness,90.0,"Classification: Defective
Defect type: surface_roughness
Evidence: The surface of the object has surface roughness.
Confidence: 90%",False,True,fixed_by_finetuning
surface_roughness/surface_roughness_00056.jpg,prompt_3,Defective,Defective,Unknown,,"Prediction: Defective
Evidence: The image shows a casting with a visible, irregularly shaped void or inclusion near the center, surrounded by a thin, discontinuous ring-like structure. The innermost region appears hollow and inconsistent with a solid casting, suggesting a defect such as porosity, shrinkage cavity, or incomplete filling. The outer ring also appears uneven and not uniformly formed, indicating potential casting defects.
Confidence: High",Defective,surface_roughness,,"Classification: Defective
Defect type: surface_roughness",True,True,both_correct
surface_roughness/surface_roughness_00057.jpg,prompt_1,Defective,Defective,Unknown,85.0,"Classification: Defective
Reason: Visible surface roughness, pitting, and inconsistent texture indicate poor surface finish and potential casting defects.
Confidence: 85%",Defective,Unknown,90.0,"Classification: Defective
Reason: surface_roughness
Confidence: 90%",True,True,both_correct
surface_roughness/surface_roughness_00057.jpg,prompt_2,Defective,OK,,95.0,"Defect present: No
Defect type: Unknown
Evidence: The image shows a circular industrial casting with concentric rings and a central bore. The surface appears uniform and smooth, with no visible cracks, porosity, inclusions, or surface irregularities that would indicate a defect. The lighting and graininess of the image do not obscure structural integrity, and no defect-specific patterns are discernible.
Confidence: 95%",Defective,surface_roughness,90.0,"Classification: Defective
Defect type: surface_roughness
Evidence: Surface has a rough texture
Confidence: 90%",False,True,fixed_by_finetuning
surface_roughness/surface_roughness_00057.jpg,prompt_3,Defective,OK,,,"Prediction: OK
Evidence: The image shows a circular casting with concentric rings and a central hole, consistent with a typical manufactured part. There are no visible cracks, porosity, inclusions, or surface defects that would indicate a defect. The surface appears uniform and the geometry is intact. No evidence of damage or manufacturing flaws is present.
Confidence: High",Defective,surface_roughness,,"Classification: Defective
Defect type: surface_roughness",False,True,fixed_by_finetuning
surface_roughness/surface_roughness_00065.jpg,prompt_1,Defective,OK,,95.0,"Classification: OK
Reason: The casting shows no visible cracks, porosity, or surface defects; the internal structure appears uniform and well-defined, consistent with a properly manufactured component.
Confidence: 95%",Defective,Unknown,90.0,"Classification: Defective
Reason: surface_roughness
Confidence: 90%",False,True,fixed_by_finetuning
surface_roughness/surface_roughness_00065.jpg,prompt_2,Defective,OK,,90.0,"Defect present: No
Defect type: Unknown
Evidence: The image shows a circular industrial casting with a central bore and concentric rings. The surface appears generally uniform, with no visible cracks, porosity, inclusions, or surface irregularities that would indicate a defect. The grayscale texture suggests a metallic surface, but no specific defect signatures are discernible under this resolution or lighting.
Confidence: 90%",Defective,surface_roughness,,"Classification: Defective
Defect type: surface_roughness
Evidence: Surface roughness is visible on the surface of the part.",False,True,fixed_by_finetuning
surface_roughness/surface_roughness_00065.jpg,prompt_3,Defective,OK,,,"Prediction: OK
Evidence: The image shows a circular metallic casting with a central bore and concentric rings. There are no visible cracks, porosity, inclusions, or surface defects that would indicate a manufacturing defect. The surface appears uniform and the internal structure is consistent with a properly cast component. No evidence of damage or irregularities is present.
Confidence: High",Defective,surface_roughness,,"Classification: Defective
Defect type: surface_roughness",False,True,fixed_by_finetuning
surface_roughness/surface_roughness_00069.jpg,prompt_1,Defective,Defective,Unknown,85.0,"Classification: Defective
Reason: Presence of a black rectangular artifact in the upper right corner suggests a defect or contamination, likely from a foreign object or imaging issue, which compromises the integrity of the inspection.
Confidence: 85%",Defective,Unknown,90.0,"Classification: Defective
Reason: Defective surface: surface_roughness
Confidence: 90%",True,True,both_correct
surface_roughness/surface_roughness_00069.jpg,prompt_2,Defective,OK,,90.0,"Defect present: No
Defect type: Unknown
Evidence: The image shows a circular, concentric structure consistent with a casting (possibly a bearing or housing), with no obvious surface cracks, porosity, inclusions, or dimensional irregularities visible. The grayscale image has noise and pixelation, but no defect-specific patterns are discernible. The black square in the top right is likely a marker or artifact, not a defect.
Confidence: 90%",Defective,surface_roughness,90.0,"Classification: Defective
Defect type: surface_roughness
Evidence: The surface of the part has a rough texture.
Confidence: 90%",False,True,fixed_by_finetuning
surface_roughness/surface_roughness_00069.jpg,prompt_3,Defective,Defective,Unknown,,"Prediction: Defective
Evidence: The image shows a casting with a dark, irregularly shaped void or inclusion near the top right edge (indicated by the black square marker), which is not consistent with a uniform, defect-free casting. The internal structure also appears to have a non-uniform, possibly porous or misaligned feature, suggesting a manufacturing defect.
Confidence: High",Defective,surface_roughness,,"Classification: Defective
Defect type: surface_roughness",True,True,both_correct
surface_roughness/surface_roughness_00072.jpg,prompt_1,Defective,OK,,95.0,"Classification: OK
Reason: The casting shows no visible cracks, porosity, or surface defects; the internal structure appears uniform and well-defined, consistent with a properly manufactured component.
Confidence: 95%",Defective,Unknown,90.0,"Classification: Defective
Reason: surface_roughness
Confidence: 90%",False,True,fixed_by_finetuning
surface_roughness/surface_roughness_00072.jpg,prompt_2,Defective,OK,,90.0,"Defect present: No
Defect type: Unknown
Evidence: The image shows a circular industrial casting with a central hub and concentric rings. The surface appears generally uniform, with no visible cracks, porosity, inclusions, or surface roughness that would indicate a defect. The internal structure is consistent with a machined or cast component, but without comparative standards or known defect patterns, no specific defect can be identified.
Confidence: 90%",Defective,surface_roughness,90.0,"Classification: Defective
Defect type: surface_roughness
Evidence: Surface has a rough texture
Confidence: 90%",False,True,fixed_by_finetuning
surface_roughness/surface_roughness_00072.jpg,prompt_3,Defective,OK,,,"Prediction: OK
Evidence: The casting shows no visible cracks, porosity, or surface defects. The concentric rings and internal structure appear uniform and well-defined, consistent with a properly manufactured casting. There are no signs of flash, misalignment, or material inconsistencies that would indicate a defect.
Confidence: High",Defective,surface_roughness,,"Classification: Defective
Defect type: surface_roughness",False,True,fixed_by_finetuning
surface_roughness/surface_roughness_00074.jpg,prompt_1,Defective,Defective,Unknown,30.0,"Classification: Defective
Reason: The image shows significant grainy noise and poor contrast, making it impossible to assess the casting’s internal structure or surface integrity reliably. This suggests a corrupted or low-resolution image, which prevents accurate quality inspection.
Confidence: 30%",Defective,Unknown,90.0,"Classification: Defective
Reason: scratch
Confidence: 90%",True,True,both_correct
surface_roughness/surface_roughness_00074.jpg,prompt_2,Defective,OK,,85.0,"Defect present: No
Defect type: Unknown
Evidence: The image shows a circular, concentric structure with clear boundaries and no visible cracks, porosity, inclusions, or surface irregularities that would indicate a defect. The grayscale pattern appears uniform and consistent with a well-cast part, though the image quality is low and pixelated, which may obscure finer details.
Confidence: 85%",Defective,scratch,,"Classification: Defective
Defect type: scratch
Evidence: A scratch is visible on the surface of the object.",False,True,fixed_by_finetuning
surface_roughness/surface_roughness_00074.jpg,prompt_3,Defective,Defective,Unknown,,"Prediction: Defective
Evidence: The image exhibits significant pixelation, noise, and low resolution, making it impossible to visually inspect for manufacturing defects such as surface cracks, porosity, or dimensional inaccuracies. The concentric rings appear blurred and indistinct, preventing any meaningful assessment of casting quality.
Confidence: High",Defective,scratch,,"Classification: Defective
Defect type: scratch",True,True,both_correct
surface_roughness/surface_roughness_00075.jpg,prompt_1,Defective,OK,,95.0,"Classification: OK
Reason: The casting shows no visible cracks, porosity, or surface defects; the internal structure appears uniform and well-defined, consistent with a properly manufactured component.
Confidence: 95%",Defective,Unknown,90.0,"Classification: Defective
Reason: surface_roughness
Confidence: 90%",False,True,fixed_by_finetuning
surface_roughness/surface_roughness_00075.jpg,prompt_2,Defective,OK,,90.0,"Defect present: No
Defect type: Unknown
Evidence: The image shows a circular industrial casting with a central hub and concentric rings. The surface appears uniform, with no visible cracks, porosity, inclusions, or surface irregularities that would indicate a defect. The grayscale image lacks sufficient resolution or contrast to detect microstructural or subtle flaws. Without additional context or reference standards, no defect can be confidently identified.
Confidence: 90%",Defective,surface_roughness,90.0,"Classification: Defective
Defect type: surface_roughness
Evidence: Surface has a rough texture
Confidence: 90%",False,True,fixed_by_finetuning
surface_roughness/surface_roughness_00075.jpg,prompt_3,Defective,OK,,,"Prediction: OK
Evidence: The image shows a circular casting with a central bore and concentric rings, exhibiting uniform surface texture and no visible cracks, porosity, or dimensional deviations. The edges are clean and the internal structure appears consistent with a well-manufactured part. No defects are visually apparent.
Confidence: High",Defective,surface_roughness,,"Classification: Defective
Defect type: surface_roughness",False,True,fixed_by_finetuning
surface_roughness/surface_roughness_00078.jpg,prompt_1,Defective,Defective,Unknown,85.0,"Classification: Defective
Reason: A dark, irregularly shaped void or inclusion is visible in the upper-left quadrant of the casting, indicating a potential porosity or incomplete filling defect.
Confidence: 85%",Defective,Unknown,90.0,"Classification: Defective
Reason: Defect type: surface_roughness
Confidence: 90%",True,True,both_correct
surface_roughness/surface_roughness_00078.jpg,prompt_2,Defective,Defective,Unknown,30.0,"Defect present: Yes
Defect type: Unknown
Evidence: The image shows a circular industrial casting with a central bore and concentric rings. A black rectangular area in the upper-left corner appears to be a shadow or artifact, not a defect in the casting material. However, the overall image quality is very low (high noise, grainy), making it difficult to discern any actual surface or internal defects such as porosity, inclusions, or cracks. Without clear visual evidence or reference to a labeled dataset, the nature of any potential defect cannot be confirmed.
Confidence: 30%",Defective,surface_roughness,90.0,"Classification: Defective
Defect type: surface_roughness
Evidence: The surface of the object has a surface roughness defect.
Confidence: 90%",True,True,both_correct
surface_roughness/surface_roughness_00078.jpg,prompt_3,Defective,Defective,Unknown,,"Prediction: Defective
Evidence: The image shows a casting with a dark, irregularly shaped void or inclusion near the top-left edge (indicated by the black box), which is not part of the intended structure. This void suggests a manufacturing defect such as porosity or incomplete filling, which compromises the integrity of the casting.
Confidence: High",Defective,surface_roughness,,"Classification: Defective
Defect type: surface_roughness",True,True,both_correct
surface_roughness/surface_roughness_00083.jpg,prompt_1,Defective,Defective,Unknown,30.0,"Classification: Defective
Reason: The image shows significant grainy noise and poor contrast, making it impossible to assess surface quality, dimensional accuracy, or internal defects reliably. The casting features appear blurred and indistinct.
Confidence: 30%",Defective,Unknown,90.0,"Classification: Defective
Reason: surface_roughness
Confidence: 90%",True,True,both_correct
surface_roughness/surface_roughness_00083.jpg,prompt_2,Defective,OK,,90.0,"Defect present: No
Defect type: Unknown
Evidence: The image shows a circular, concentric structure with clear, defined rings and no visible cracks, porosity, inclusions, or surface irregularities that would indicate a defect. The grainy texture is likely due to image noise or compression, not a manufacturing defect. Without additional context or reference standards, no specific defect can be identified.
Confidence: 90%",Defective,flash,,"Classification: Defective
Defect type: flash
Evidence: Flash is visible on the surface of the part.",False,True,fixed_by_finetuning
surface_roughness/surface_roughness_00083.jpg,prompt_3,Defective,Defective,Unknown,,"Prediction: Defective
Evidence: The image exhibits significant pixelation and noise, which obscures fine details and structural integrity of the casting. The concentric rings appear blurred and indistinct, making it impossible to visually verify if the casting meets dimensional or surface quality specifications. This level of image degradation prevents reliable inspection.
Confidence: High",Defective,surface_roughness,,"Classification: Defective
Defect type: surface_roughness",True,True,both_correct
surface_roughness/surface_roughness_00090.jpg,prompt_1,Defective,Defective,Unknown,75.0,"Classification: Defective
Reason: Visible surface texture and graininess suggest poor casting quality or surface finish, possibly due to porosity, inclusions, or improper cooling.
Confidence: 75%",Defective,Unknown,90.0,"Classification: Defective
Reason: surface_roughness
Confidence: 90%",True,True,both_correct
surface_roughness/surface_roughness_00090.jpg,prompt_2,Defective,OK,,70.0,"Defect present: No
Defect type: Unknown
Evidence: The image shows a circular industrial casting with concentric rings and a central bore. The surface appears generally uniform, with no visible cracks, porosity, inclusions, or surface irregularities that would indicate a defect. The grain structure and casting geometry are consistent with a well-finished part. However, the image quality is low-resolution and noisy, which limits the ability to detect fine-scale defects.
Confidence: 70%",Defective,surface_roughness,90.0,"Classification: Defective
Defect type: surface_roughness
Evidence: Surface has surface roughness
Confidence: 90%",False,True,fixed_by_finetuning
surface_roughness/surface_roughness_00090.jpg,prompt_3,Defective,OK,,,"Prediction: OK
Evidence: The image shows a circular casting with concentric rings and a central bore, consistent with a typical manufactured part (e.g., a pump impeller or turbine blade). There are no visible cracks, porosity, inclusions, or surface defects that would indicate a manufacturing defect. The surface appears uniform and the geometry is intact. The image quality, while grainy, does not obscure critical features.
Confidence: High",Defective,surface_roughness,,"Classification: Defective
Defect type: surface_roughness",False,True,fixed_by_finetuning
surface_roughness/surface_roughness_00096.jpg,prompt_1,Defective,Defective,Unknown,70.0,"Classification: Defective
Reason: The image shows significant surface texture noise and graininess, suggesting poor image quality or possible casting defects like porosity or surface inclusions that are not clearly visible but may be present.
Confidence: 70%",Defective,Unknown,90.0,"Classification: Defective
Reason: surface_roughness
Confidence: 90%",True,True,both_correct
surface_roughness/surface_roughness_00096.jpg,prompt_2,Defective,OK,,70.0,"Defect present: No
Defect type: Unknown
Evidence: The image shows a metallic casting with a circular, concentric structure, likely a pump impeller or similar component. The surface appears generally uniform with no obvious cracks, porosity, inclusions, or surface roughness that would indicate a defect. However, the image quality is low-resolution and grainy, which obscures finer details that might reveal subtle defects. Without higher-resolution imaging or reference standards, it is not possible to definitively classify any defect.
Confidence: 70%",Defective,surface_roughness,90.0,"Classification: Defective
Defect type: surface_roughness
Evidence: Surface has surface roughness
Confidence: 90%",False,True,fixed_by_finetuning
surface_roughness/surface_roughness_00096.jpg,prompt_3,Defective,OK,,,"Prediction: OK
Evidence: The image shows a circular metallic casting with a central bore and concentric rings, consistent with a typical manufactured part (e.g., a pump impeller or turbine component). There are no visible cracks, porosity, inclusions, or surface defects that would indicate a manufacturing defect. The surface appears uniform and the geometry is intact. The image quality, while grainy, does not obscure critical features.
Confidence: High",Defective,surface_roughness,,"Classification: Defective
Defect type: surface_roughness",False,True,fixed_by_finetuning
surface_roughness/surface_roughness_00097.jpg,prompt_1,Defective,Defective,Unknown,85.0,"Classification: Defective
Reason: Presence of two distinct black rectangular areas indicating potential porosity, inclusions, or surface defects inconsistent with a sound casting.
Confidence: 85%",Defective,Unknown,99.0,"Classification: Defective
Reason: Defective surface: surface_roughness
Confidence: 99%",True,True,both_correct
surface_roughness/surface_roughness_00097.jpg,prompt_2,Defective,Defective,Unknown,30.0,"Defect present: Yes
Defect type: Unknown
Evidence: The image shows a casting with concentric circular patterns, likely indicating a mold or casting pattern, but the presence of two black rectangular blocks obscures critical areas. These blocks may represent masking or damage, but without clear visual evidence of typical casting defects (e.g., porosity, inclusions, cracks, or shrinkage cavities), it is impossible to definitively classify the defect type. The image quality is also low, with significant pixelation and noise, further complicating defect identification.
Confidence: 30%",Defective,flash,95.0,"Classification: Defective
Defect type: flash
Defect present: Yes
Defect type: flash
Evidence: The image shows a flash defect, characterized by the presence of excess material around the edges of the casting. The flash is visible as a thick, irregularly shaped extrusion that appears to be extruded from the mold. The flash is located at the bottom left and bottom right of the image.
Confidence: 95%",True,True,both_correct
surface_roughness/surface_roughness_00097.jpg,prompt_3,Defective,Defective,Unknown,,"Prediction: Defective
Evidence: The image exhibits significant pixelation and noise, which obscure fine details and structural integrity of the casting. The presence of two large black rectangular blocks suggests areas of missing or corrupted data, likely due to sensor failure or poor image capture. These artifacts prevent a reliable visual inspection of the casting’s surface, internal features, or dimensional accuracy. Without clear visual evidence of the casting’s quality, it cannot be classified as OK.
Confidence: High",Defective,surface_roughness,,"Classification: Defective
Defect type: surface_roughness",True,True,both_correct
surface_roughness/surface_roughness_00098.jpg,prompt_1,Defective,OK,,95.0,"Classification: OK
Reason: The casting shows no visible cracks, porosity, or surface defects; the concentric rings and internal structure appear uniform and well-defined.
Confidence: 95%",OK,,100.0,"Classification: OK
Reason: None
Confidence: 100%",False,False,both_wrong
surface_roughness/surface_roughness_00098.jpg,prompt_2,Defective,OK,,90.0,"Defect present: No
Defect type: Unknown
Evidence: The image shows a circular industrial casting with concentric rings and a central bore. The surface appears smooth and uniform, with no visible cracks, porosity, inclusions, or surface irregularities that would indicate a defect. The internal structure appears consistent with a machined or cast component, but without comparative standards or known defect patterns, no specific defect can be classified.
Confidence: 90%",Defective,surface_roughness,,"Classification: Defective
Defect type: surface_roughness
Evidence: Surface roughness is visible on the surface of the part.",False,True,fixed_by_finetuning
surface_roughness/surface_roughness_00098.jpg,prompt_3,Defective,OK,,,"Prediction: OK
Evidence: The casting shows no visible surface defects such as cracks, porosity, inclusions, or excessive flash. The concentric rings and internal structure appear smooth and well-defined, consistent with a properly manufactured casting. There are no signs of dimensional inaccuracies or surface irregularities that would indicate a defect.
Confidence: High",OK,,,"Classification: OK
Defect type: None",False,False,both_wrong
