image_id,image_path,relpath,ground_truth,true_defect_type,prompt_id,raw_response,parsed_prediction,predicted_defect_type,confidence,predicted_class,format_ok,evidence,generation_error,model_tag,correct,error_type,failure_flags
cold_shut_00004,/content/casting-defect-vlm/data/raw/output/defect_dataset/cold_shut/cold_shut_00004.jpg,cold_shut/cold_shut_00004.jpg,Defective,cold_shut,prompt_2,"Defect present: No
Defect type: Unknown
Evidence: The image shows a metallic casting with concentric rings and a central bore, appearing structurally sound with no visible cracks, porosity, inclusions, or surface irregularities that would indicate a defect. The dashed line may be an annotation or overlay, not a defect itself.
Confidence: 100%",OK,,100.0,ok,True,"The image shows a metallic casting with concentric rings and a central bore, appearing structurally sound with no visible cracks, porosity, inclusions, or surface irregularities that would indicate a defect. The dashed line may be an annotation or overlay, not a defect itself.",,base,False,false_negative_missed_defect,confidently_wrong
cold_shut_00004,/content/casting-defect-vlm/data/raw/output/defect_dataset/cold_shut/cold_shut_00004.jpg,cold_shut/cold_shut_00004.jpg,Defective,cold_shut,prompt_3,"Prediction: OK
Evidence: The image shows a metallic casting with concentric circular features, likely a bearing or similar mechanical component. There are no visible cracks, porosity, inclusions, or surface defects that would indicate a manufacturing defect. The surface appears smooth and uniform, and the dashed line overlay does not indicate a defect but rather a visual guide or measurement line. No evidence of dimensional deviation or material flaw is present.
Confidence: High",OK,,,ok,True,"The image shows a metallic casting with concentric circular features, likely a bearing or similar mechanical component. There are no visible cracks, porosity, inclusions, or surface defects that would indicate a manufacturing defect. The surface appears smooth and uniform, and the dashed line overlay does not indicate a defect but rather a visual guide or measurement line. No evidence of dimensional deviation or material flaw is present.",,base,False,false_negative_missed_defect,none
cold_shut_00027,/content/casting-defect-vlm/data/raw/output/defect_dataset/cold_shut/cold_shut_00027.jpg,cold_shut/cold_shut_00027.jpg,Defective,cold_shut,prompt_2,"Defect present: No
Defect type: Unknown
Evidence: The image shows a metallic casting with a concentric circular structure, likely a bearing or similar component. There are no visible cracks, porosity, inclusions, or surface irregularities that would indicate a defect. The dashed line across the image appears to be an overlay or annotation, not a defect. The surface appears uniform and smooth, with no signs of manufacturing flaws.
Confidence: 100%",OK,,100.0,ok,True,"The image shows a metallic casting with a concentric circular structure, likely a bearing or similar component. There are no visible cracks, porosity, inclusions, or surface irregularities that would indicate a defect. The dashed line across the image appears to be an overlay or annotation, not a defect. The surface appears uniform and smooth, with no signs of manufacturing flaws.",,base,False,false_negative_missed_defect,confidently_wrong
cold_shut_00027,/content/casting-defect-vlm/data/raw/output/defect_dataset/cold_shut/cold_shut_00027.jpg,cold_shut/cold_shut_00027.jpg,Defective,cold_shut,prompt_3,"Prediction: OK
Evidence: The image shows a casting with a concentric circular feature (likely a bore or internal cavity) and a smooth, uniform surface. There are no visible cracks, porosity, inclusions, or dimensional deviations that would indicate a defect. The dashed line across the image appears to be a graphical overlay for annotation or measurement, not a defect itself. The surface texture and geometry appear consistent with a well-manufactured part.
Confidence: High",OK,,,ok,True,"The image shows a casting with a concentric circular feature (likely a bore or internal cavity) and a smooth, uniform surface. There are no visible cracks, porosity, inclusions, or dimensional deviations that would indicate a defect. The dashed line across the image appears to be a graphical overlay for annotation or measurement, not a defect itself. The surface texture and geometry appear consistent with a well-manufactured part.",,base,False,false_negative_missed_defect,none
cold_shut_00029,/content/casting-defect-vlm/data/raw/output/defect_dataset/cold_shut/cold_shut_00029.jpg,cold_shut/cold_shut_00029.jpg,Defective,cold_shut,prompt_2,"Defect present: No
Defect type: Unknown
Evidence: The image shows a circular, concentric structure with a smooth, uniform surface and no visible cracks, porosity, inclusions, or surface irregularities that would indicate a defect. The casting appears intact and well-formed, though the image quality is grainy and the perspective is angled, which may obscure finer details. Without reference to a specific defect database or known standards, no defect can be confidently identified.
Confidence: 90%",OK,,90.0,ok,True,"The image shows a circular, concentric structure with a smooth, uniform surface and no visible cracks, porosity, inclusions, or surface irregularities that would indicate a defect. The casting appears intact and well-formed, though the image quality is grainy and the perspective is angled, which may obscure finer details. Without reference to a specific defect database or known standards, no defect can be confidently identified.",,base,False,false_negative_missed_defect,confidently_wrong
cold_shut_00029,/content/casting-defect-vlm/data/raw/output/defect_dataset/cold_shut/cold_shut_00029.jpg,cold_shut/cold_shut_00029.jpg,Defective,cold_shut,prompt_3,"Prediction: OK
Evidence: The image shows a casting with concentric circular features and a central hole, consistent with a machined or cast component. There are no visible cracks, porosity, inclusions, or surface defects that would indicate a manufacturing defect. The surface appears uniform and the geometry is intact. The image quality, while grainy, does not obscure critical features.
Confidence: High",OK,,,ok,True,"The image shows a casting with concentric circular features and a central hole, consistent with a machined or cast component. There are no visible cracks, porosity, inclusions, or surface defects that would indicate a manufacturing defect. The surface appears uniform and the geometry is intact. The image quality, while grainy, does not obscure critical features.",,base,False,false_negative_missed_defect,none
cold_shut_00034,/content/casting-defect-vlm/data/raw/output/defect_dataset/cold_shut/cold_shut_00034.jpg,cold_shut/cold_shut_00034.jpg,Defective,cold_shut,prompt_2,"Defect present: No
Defect type: Unknown
Evidence: The image shows a circular industrial casting (likely a bearing or disc) with a smooth, uniform surface and no visible cracks, porosity, inclusions, or surface irregularities. The concentric rings and central hole appear machined or cast with consistent geometry. While the image is in black and white and has a stylized overlay (wavy line and black rectangle), these are likely graphical elements for presentation or annotation, not actual defects. No defect labels are available in the dataset to confirm or reject any specific type.
Confidence: 95%",OK,,95.0,ok,True,"The image shows a circular industrial casting (likely a bearing or disc) with a smooth, uniform surface and no visible cracks, porosity, inclusions, or surface irregularities. The concentric rings and central hole appear machined or cast with consistent geometry. While the image is in black and white and has a stylized overlay (wavy line and black rectangle), these are likely graphical elements for presentation or annotation, not actual defects. No defect labels are available in the dataset to confirm or reject any specific type.",,base,False,false_negative_missed_defect,confidently_wrong
cold_shut_00034,/content/casting-defect-vlm/data/raw/output/defect_dataset/cold_shut/cold_shut_00034.jpg,cold_shut/cold_shut_00034.jpg,Defective,cold_shut,prompt_3,"Prediction: OK
Evidence: The casting shows no visible cracks, porosity, or surface defects. The concentric rings and central bore are well-defined, and the surface appears smooth and uniform. The black dashed line across the image is likely a graphical overlay for annotation and does not indicate a physical defect. No evidence of material flaws or dimensional inconsistencies is present.
Confidence: High",OK,,,ok,True,"The casting shows no visible cracks, porosity, or surface defects. The concentric rings and central bore are well-defined, and the surface appears smooth and uniform. The black dashed line across the image is likely a graphical overlay for annotation and does not indicate a physical defect. No evidence of material flaws or dimensional inconsistencies is present.",,base,False,false_negative_missed_defect,none
cold_shut_00045,/content/casting-defect-vlm/data/raw/output/defect_dataset/cold_shut/cold_shut_00045.jpg,cold_shut/cold_shut_00045.jpg,Defective,cold_shut,prompt_2,"Defect present: No
Defect type: Unknown
Evidence: The image shows a circular metallic component with a central bore and concentric rings, likely a bearing or shaft component. There are no visible cracks, porosity, inclusions, surface pitting, or dimensional irregularities that would indicate a defect. The black wavy line appears to be an overlay or annotation, not a physical defect. The surface appears smooth and uniform.
Confidence: 100%",OK,,100.0,ok,True,"The image shows a circular metallic component with a central bore and concentric rings, likely a bearing or shaft component. There are no visible cracks, porosity, inclusions, surface pitting, or dimensional irregularities that would indicate a defect. The black wavy line appears to be an overlay or annotation, not a physical defect. The surface appears smooth and uniform.",,base,False,false_negative_missed_defect,confidently_wrong
cold_shut_00045,/content/casting-defect-vlm/data/raw/output/defect_dataset/cold_shut/cold_shut_00045.jpg,cold_shut/cold_shut_00045.jpg,Defective,cold_shut,prompt_3,"Prediction: OK
Evidence: The image shows a circular metallic casting with a central bore and concentric rings. There are no visible cracks, porosity, inclusions, or surface defects that would indicate a manufacturing defect. The surface appears smooth and uniform, and the black dashed line across the image is likely a graphical overlay for annotation or measurement, not a defect. No evidence of material failure or dimensional deviation is present.
Confidence: High",OK,,,ok,True,"The image shows a circular metallic casting with a central bore and concentric rings. There are no visible cracks, porosity, inclusions, or surface defects that would indicate a manufacturing defect. The surface appears smooth and uniform, and the black dashed line across the image is likely a graphical overlay for annotation or measurement, not a defect. No evidence of material failure or dimensional deviation is present.",,base,False,false_negative_missed_defect,none
cold_shut_00051,/content/casting-defect-vlm/data/raw/output/defect_dataset/cold_shut/cold_shut_00051.jpg,cold_shut/cold_shut_00051.jpg,Defective,cold_shut,prompt_2,"Defect present: No
Defect type: Unknown
Evidence: The image shows a metallic casting with a central hub and internal vanes, likely a pump impeller or similar component. There are no visible cracks, porosity, inclusions, or surface irregularities that would indicate a defect. The black wavy line overlaid on the image appears to be an annotation or artifact, not a defect. The casting surface appears uniform and well-finished.
Confidence: 100%",OK,,100.0,ok,True,"The image shows a metallic casting with a central hub and internal vanes, likely a pump impeller or similar component. There are no visible cracks, porosity, inclusions, or surface irregularities that would indicate a defect. The black wavy line overlaid on the image appears to be an annotation or artifact, not a defect. The casting surface appears uniform and well-finished.",,base,False,false_negative_missed_defect,confidently_wrong
cold_shut_00053,/content/casting-defect-vlm/data/raw/output/defect_dataset/cold_shut/cold_shut_00053.jpg,cold_shut/cold_shut_00053.jpg,Defective,cold_shut,prompt_2,"Defect present: No
Defect type: Unknown
Evidence: The image shows a grayscale, abstract pattern with concentric rings and a wavy line across the top. There are no clear visual indicators of typical casting defects such as porosity, shrinkage, inclusions, cracks, or surface irregularities. The image appears to be a stylized or noisy representation rather than a high-resolution industrial casting image with discernible defects.
Confidence: 90%",OK,,90.0,ok,True,"The image shows a grayscale, abstract pattern with concentric rings and a wavy line across the top. There are no clear visual indicators of typical casting defects such as porosity, shrinkage, inclusions, cracks, or surface irregularities. The image appears to be a stylized or noisy representation rather than a high-resolution industrial casting image with discernible defects.",,base,False,false_negative_missed_defect,confidently_wrong
cold_shut_00058,/content/casting-defect-vlm/data/raw/output/defect_dataset/cold_shut/cold_shut_00058.jpg,cold_shut/cold_shut_00058.jpg,Defective,cold_shut,prompt_2,"Defect present: No
Defect type: Unknown
Evidence: The image shows a circular, concentric structure with a black inner ring and a white outer ring, possibly a casting or mold. There are no visible cracks, porosity, inclusions, or surface irregularities that would indicate a defect. The image is grainy and low-resolution, which limits the ability to discern finer details, but no clear defect is apparent.
Confidence: 70%",OK,,70.0,ok,True,"The image shows a circular, concentric structure with a black inner ring and a white outer ring, possibly a casting or mold. There are no visible cracks, porosity, inclusions, or surface irregularities that would indicate a defect. The image is grainy and low-resolution, which limits the ability to discern finer details, but no clear defect is apparent.",,base,False,false_negative_missed_defect,none
cold_shut_00065,/content/casting-defect-vlm/data/raw/output/defect_dataset/cold_shut/cold_shut_00065.jpg,cold_shut/cold_shut_00065.jpg,Defective,cold_shut,prompt_2,"Defect present: No
Defect type: Unknown
Evidence: The image shows a metallic casting with a central hub and concentric rings. The surface appears generally smooth with no obvious cracks, porosity, inclusions, or surface irregularities that would indicate a defect. The dashed line may be a visual annotation for segmentation or measurement, not a defect. No labeling or context suggests a specific defect type.
Confidence: 95%",OK,,95.0,ok,True,"The image shows a metallic casting with a central hub and concentric rings. The surface appears generally smooth with no obvious cracks, porosity, inclusions, or surface irregularities that would indicate a defect. The dashed line may be a visual annotation for segmentation or measurement, not a defect. No labeling or context suggests a specific defect type.",,base,False,false_negative_missed_defect,confidently_wrong
cold_shut_00065,/content/casting-defect-vlm/data/raw/output/defect_dataset/cold_shut/cold_shut_00065.jpg,cold_shut/cold_shut_00065.jpg,Defective,cold_shut,prompt_3,"Prediction: OK
Evidence: The image shows a casting with a smooth, uniform surface and no visible cracks, porosity, or dimensional defects. The internal structure appears consistent with a properly manufactured component, and the dashed line highlights a feature that is not indicative of a defect (e.g., it may be a measurement or inspection guide line). No visual evidence of defects is present.
Confidence: High",OK,,,ok,True,"The image shows a casting with a smooth, uniform surface and no visible cracks, porosity, or dimensional defects. The internal structure appears consistent with a properly manufactured component, and the dashed line highlights a feature that is not indicative of a defect (e.g., it may be a measurement or inspection guide line). No visual evidence of defects is present.",,base,False,false_negative_missed_defect,none
cold_shut_00069,/content/casting-defect-vlm/data/raw/output/defect_dataset/cold_shut/cold_shut_00069.jpg,cold_shut/cold_shut_00069.jpg,Defective,cold_shut,prompt_2,"Defect present: No
Defect type: Unknown
Evidence: The image shows a metallic casting with a central hub and radial blades, likely a pump impeller or turbine component. The surface appears generally smooth with minor texture variations typical of casting processes. No obvious cracks, porosity, inclusions, or surface irregularities are visible. The dashed line may be a schematic overlay and does not indicate a defect. Without reference to a specific defect database or known standards, no defect can be confidently identified.
Confidence: 90%",OK,,90.0,ok,True,"The image shows a metallic casting with a central hub and radial blades, likely a pump impeller or turbine component. The surface appears generally smooth with minor texture variations typical of casting processes. No obvious cracks, porosity, inclusions, or surface irregularities are visible. The dashed line may be a schematic overlay and does not indicate a defect. Without reference to a specific defect database or known standards, no defect can be confidently identified.",,base,False,false_negative_missed_defect,confidently_wrong
cold_shut_00069,/content/casting-defect-vlm/data/raw/output/defect_dataset/cold_shut/cold_shut_00069.jpg,cold_shut/cold_shut_00069.jpg,Defective,cold_shut,prompt_3,"Prediction: OK
Evidence: The casting shows no visible cracks, porosity, or surface defects. The internal structure appears uniform, and the outer surface is smooth with no signs of machining or casting defects. The dashed line is likely a visual annotation for inspection purposes and does not indicate a defect. All features are consistent with a properly manufactured casting.
Confidence: High",OK,,,ok,True,"The casting shows no visible cracks, porosity, or surface defects. The internal structure appears uniform, and the outer surface is smooth with no signs of machining or casting defects. The dashed line is likely a visual annotation for inspection purposes and does not indicate a defect. All features are consistent with a properly manufactured casting.",,base,False,false_negative_missed_defect,none
cold_shut_00072,/content/casting-defect-vlm/data/raw/output/defect_dataset/cold_shut/cold_shut_00072.jpg,cold_shut/cold_shut_00072.jpg,Defective,cold_shut,prompt_2,"Defect present: No
Defect type: Unknown
Evidence: The image shows a metallic casting with a central impeller-like structure, likely from a pump or turbine. There are no obvious surface cracks, porosity, inclusions, or dimensional inconsistencies visible. The casting appears structurally sound and uniformly machined, though the black rectangular overlay and wavy line may be graphical annotations rather than actual defects. Without reference to a specific defect database or known standards, no defect can be confidently identified.
Confidence: 90%",OK,,90.0,ok,True,"The image shows a metallic casting with a central impeller-like structure, likely from a pump or turbine. There are no obvious surface cracks, porosity, inclusions, or dimensional inconsistencies visible. The casting appears structurally sound and uniformly machined, though the black rectangular overlay and wavy line may be graphical annotations rather than actual defects. Without reference to a specific defect database or known standards, no defect can be confidently identified.",,base,False,false_negative_missed_defect,confidently_wrong
cold_shut_00075,/content/casting-defect-vlm/data/raw/output/defect_dataset/cold_shut/cold_shut_00075.jpg,cold_shut/cold_shut_00075.jpg,Defective,cold_shut,prompt_2,"Defect present: No
Defect type: Unknown
Evidence: The image shows a metallic casting with a smooth, concentric structure and no visible cracks, porosity, inclusions, or surface irregularities that would indicate a defect. The dashed line appears to be an annotation or overlay, not a defect. The internal geometry is consistent with a well-fabricated component.
Confidence: 100%",OK,,100.0,ok,True,"The image shows a metallic casting with a smooth, concentric structure and no visible cracks, porosity, inclusions, or surface irregularities that would indicate a defect. The dashed line appears to be an annotation or overlay, not a defect. The internal geometry is consistent with a well-fabricated component.",,base,False,false_negative_missed_defect,confidently_wrong
cold_shut_00078,/content/casting-defect-vlm/data/raw/output/defect_dataset/cold_shut/cold_shut_00078.jpg,cold_shut/cold_shut_00078.jpg,Defective,cold_shut,prompt_2,"Defect present: No
Defect type: Unknown
Evidence: The image shows a metallic casting with a central hub and surrounding ring, likely a pump impeller or similar component. The surface appears generally smooth with no visible cracks, porosity, inclusions, or surface irregularities that would indicate a defect. The dashed line may be an annotation for measurement or reference, not a defect. No labeling or context suggests a specific defect type is present.
Confidence: 95%",OK,,95.0,ok,True,"The image shows a metallic casting with a central hub and surrounding ring, likely a pump impeller or similar component. The surface appears generally smooth with no visible cracks, porosity, inclusions, or surface irregularities that would indicate a defect. The dashed line may be an annotation for measurement or reference, not a defect. No labeling or context suggests a specific defect type is present.",,base,False,false_negative_missed_defect,confidently_wrong
cold_shut_00078,/content/casting-defect-vlm/data/raw/output/defect_dataset/cold_shut/cold_shut_00078.jpg,cold_shut/cold_shut_00078.jpg,Defective,cold_shut,prompt_3,"Prediction: OK
Evidence: The image shows a metallic casting with a clean, symmetrical circular profile and no visible cracks, porosity, or surface defects. The internal structure appears uniform, and the dashed line across the image does not indicate a defect; it is likely a graphical overlay for annotation or measurement purposes. No visual evidence of manufacturing flaws is present.
Confidence: High",OK,,,ok,True,"The image shows a metallic casting with a clean, symmetrical circular profile and no visible cracks, porosity, or surface defects. The internal structure appears uniform, and the dashed line across the image does not indicate a defect; it is likely a graphical overlay for annotation or measurement purposes. No visual evidence of manufacturing flaws is present.",,base,False,false_negative_missed_defect,none
cold_shut_00082,/content/casting-defect-vlm/data/raw/output/defect_dataset/cold_shut/cold_shut_00082.jpg,cold_shut/cold_shut_00082.jpg,Defective,cold_shut,prompt_2,"Defect present: No
Defect type: Unknown
Evidence: The image shows a circular industrial casting (likely a sink drain or similar component) with a smooth, concentric structure and no visible cracks, porosity, inclusions, or surface irregularities that would indicate a defect. The black wavy line appears to be an annotation or overlay, not a physical defect. No labeling or defect markers are present in the image to support a specific defect type.
Confidence: 100%",OK,,100.0,ok,True,"The image shows a circular industrial casting (likely a sink drain or similar component) with a smooth, concentric structure and no visible cracks, porosity, inclusions, or surface irregularities that would indicate a defect. The black wavy line appears to be an annotation or overlay, not a physical defect. No labeling or defect markers are present in the image to support a specific defect type.",,base,False,false_negative_missed_defect,confidently_wrong
cold_shut_00082,/content/casting-defect-vlm/data/raw/output/defect_dataset/cold_shut/cold_shut_00082.jpg,cold_shut/cold_shut_00082.jpg,Defective,cold_shut,prompt_3,"Prediction: OK
Evidence: The image shows a circular metallic casting with a concentric design, likely a sink drain or similar component. There are no visible cracks, porosity, inclusions, or surface defects that would indicate a manufacturing defect. The dashed line appears to be a graphical overlay for annotation or measurement, not a defect itself. The surface appears uniform and consistent with a well-manufactured part.
Confidence: High",OK,,,ok,True,"The image shows a circular metallic casting with a concentric design, likely a sink drain or similar component. There are no visible cracks, porosity, inclusions, or surface defects that would indicate a manufacturing defect. The dashed line appears to be a graphical overlay for annotation or measurement, not a defect itself. The surface appears uniform and consistent with a well-manufactured part.",,base,False,false_negative_missed_defect,none
crack_00018,/content/casting-defect-vlm/data/raw/output/defect_dataset/crack/crack_00018.jpg,crack/crack_00018.jpg,Defective,crack,prompt_2,"Defect present: No
Defect type: Unknown
Evidence: The image shows a circular, concentric structure consistent with a cast component (possibly a bearing or shaft housing), with smooth, uniform surfaces and no visible cracks, porosity, inclusions, or surface irregularities that would indicate a defect. The radial striations may be from the casting process or machining, but do not constitute a defect. Without reference to a specific defect database or known standards, no defect type can be confidently assigned.
Confidence: 90%",OK,,90.0,ok,True,"The image shows a circular, concentric structure consistent with a cast component (possibly a bearing or shaft housing), with smooth, uniform surfaces and no visible cracks, porosity, inclusions, or surface irregularities that would indicate a defect. The radial striations may be from the casting process or machining, but do not constitute a defect. Without reference to a specific defect database or known standards, no defect type can be confidently assigned.",,base,False,false_negative_missed_defect,confidently_wrong
crack_00018,/content/casting-defect-vlm/data/raw/output/defect_dataset/crack/crack_00018.jpg,crack/crack_00018.jpg,Defective,crack,prompt_3,"Prediction: OK
Evidence: The image shows a circular casting with concentric rings and a central hole, consistent with a typical manufactured part. There are no visible cracks, porosity, inclusions, or surface defects that would indicate a defect. The edges and surfaces appear smooth and uniform, and the black lines in the image appear to be annotations or markers, not defects. No visual evidence supports a classification as defective.
Confidence: High",OK,,,ok,True,"The image shows a circular casting with concentric rings and a central hole, consistent with a typical manufactured part. There are no visible cracks, porosity, inclusions, or surface defects that would indicate a defect. The edges and surfaces appear smooth and uniform, and the black lines in the image appear to be annotations or markers, not defects. No visual evidence supports a classification as defective.",,base,False,false_negative_missed_defect,none
crack_00028,/content/casting-defect-vlm/data/raw/output/defect_dataset/crack/crack_00028.jpg,crack/crack_00028.jpg,Defective,crack,prompt_2,"Defect present: No
Defect type: Unknown
Evidence: The image shows a metallic casting with a central bore and concentric rings, appearing structurally sound with no visible cracks, porosity, inclusions, or surface irregularities that would indicate a defect. The surface finish is uniform, and the geometry is consistent with a well-manufactured component. However, without reference to a specific defect database or known standards, no definitive defect classification can be assigned.
Confidence: 95%",OK,,95.0,ok,True,"The image shows a metallic casting with a central bore and concentric rings, appearing structurally sound with no visible cracks, porosity, inclusions, or surface irregularities that would indicate a defect. The surface finish is uniform, and the geometry is consistent with a well-manufactured component. However, without reference to a specific defect database or known standards, no definitive defect classification can be assigned.",,base,False,false_negative_missed_defect,confidently_wrong
crack_00044,/content/casting-defect-vlm/data/raw/output/defect_dataset/crack/crack_00044.jpg,crack/crack_00044.jpg,Defective,crack,prompt_1,"Classification: OK
Reason: The casting shows no visible cracks, porosity, or dimensional defects; the concentric rings and central bore appear properly formed and aligned.
Confidence: 95%",OK,,95.0,ok,True,"The casting shows no visible cracks, porosity, or dimensional defects; the concentric rings and central bore appear properly formed and aligned.",,base,False,false_negative_missed_defect,confidently_wrong
crack_00044,/content/casting-defect-vlm/data/raw/output/defect_dataset/crack/crack_00044.jpg,crack/crack_00044.jpg,Defective,crack,prompt_2,"Defect present: No
Defect type: Unknown
Evidence: The image shows a circular metallic component with a central bore and a smooth, uniform surface. There are no visible cracks, pits, inclusions, or surface irregularities that would indicate a defect. The edges and concentric rings appear consistent with a well-finished casting. However, without reference to a specific defect database or known standards, no definitive defect classification can be made.
Confidence: 95%",OK,,95.0,ok,True,"The image shows a circular metallic component with a central bore and a smooth, uniform surface. There are no visible cracks, pits, inclusions, or surface irregularities that would indicate a defect. The edges and concentric rings appear consistent with a well-finished casting. However, without reference to a specific defect database or known standards, no definitive defect classification can be made.",,base,False,false_negative_missed_defect,confidently_wrong
crack_00044,/content/casting-defect-vlm/data/raw/output/defect_dataset/crack/crack_00044.jpg,crack/crack_00044.jpg,Defective,crack,prompt_3,"Prediction: OK
Evidence: The image shows a circular metallic casting with a central bore and a smooth, uniform surface. There are no visible cracks, porosity, inclusions, or surface defects that would indicate a manufacturing defect. The edges are clean, and the concentric rings appear properly formed. The lighting and shadows are consistent with a standard inspection setup, and no anomalies are present.
Confidence: High",OK,,,ok,True,"The image shows a circular metallic casting with a central bore and a smooth, uniform surface. There are no visible cracks, porosity, inclusions, or surface defects that would indicate a manufacturing defect. The edges are clean, and the concentric rings appear properly formed. The lighting and shadows are consistent with a standard inspection setup, and no anomalies are present.",,base,False,false_negative_missed_defect,none
crack_00045,/content/casting-defect-vlm/data/raw/output/defect_dataset/crack/crack_00045.jpg,crack/crack_00045.jpg,Defective,crack,prompt_2,"Defect present: No
Defect type: Unknown
Evidence: The image shows a circular metallic component with a central bore and a dark, possibly machined or coated inner ring. There are no visible cracks, porosity, inclusions, surface pitting, or other typical casting defects. The outer surface appears smooth and uniform, and the inner ring shows no signs of warping or separation. However, without additional context or reference to a known defect database, it is not possible to definitively classify any anomaly as a specific defect type.
Confidence: 90%",OK,,90.0,ok,True,"The image shows a circular metallic component with a central bore and a dark, possibly machined or coated inner ring. There are no visible cracks, porosity, inclusions, surface pitting, or other typical casting defects. The outer surface appears smooth and uniform, and the inner ring shows no signs of warping or separation. However, without additional context or reference to a known defect database, it is not possible to definitively classify any anomaly as a specific defect type.",,base,False,false_negative_missed_defect,confidently_wrong
crack_00045,/content/casting-defect-vlm/data/raw/output/defect_dataset/crack/crack_00045.jpg,crack/crack_00045.jpg,Defective,crack,prompt_3,"Prediction: OK
Evidence: The image shows a circular metallic casting with a central bore and a visible inner ring. There are no visible cracks, porosity, inclusions, or surface defects that would indicate a manufacturing defect. The outer surface appears smooth and uniform, and the inner ring is properly formed with no signs of warping or incomplete casting. The annotations (Y) appear to be pointing to areas that are structurally sound and consistent with the expected geometry of a casting.
Confidence: High",OK,,,ok,True,"The image shows a circular metallic casting with a central bore and a visible inner ring. There are no visible cracks, porosity, inclusions, or surface defects that would indicate a manufacturing defect. The outer surface appears smooth and uniform, and the inner ring is properly formed with no signs of warping or incomplete casting. The annotations (Y) appear to be pointing to areas that are structurally sound and consistent with the expected geometry of a casting.",,base,False,false_negative_missed_defect,none
crack_00050,/content/casting-defect-vlm/data/raw/output/defect_dataset/crack/crack_00050.jpg,crack/crack_00050.jpg,Defective,crack,prompt_2,"Defect present: No
Defect type: Unknown
Evidence: The image shows a circular metallic component with a central bore and a dark, possibly lubricated or coated, inner ring. There are no visible cracks, porosity, inclusions, surface pitting, or dimensional inconsistencies that would indicate a defect. The marked “Y” appears to be a label or annotation, not a defect. The surface appears uniform and machined, consistent with a well-processed casting.
Confidence: 95%",OK,,95.0,ok,True,"The image shows a circular metallic component with a central bore and a dark, possibly lubricated or coated, inner ring. There are no visible cracks, porosity, inclusions, surface pitting, or dimensional inconsistencies that would indicate a defect. The marked “Y” appears to be a label or annotation, not a defect. The surface appears uniform and machined, consistent with a well-processed casting.",,base,False,false_negative_missed_defect,confidently_wrong
crack_00050,/content/casting-defect-vlm/data/raw/output/defect_dataset/crack/crack_00050.jpg,crack/crack_00050.jpg,Defective,crack,prompt_3,"Prediction: OK
Evidence: The casting shows no visible cracks, porosity, or surface defects. The concentric rings and central bore are well-defined, and the surface appears uniform and smooth. The marked area (labeled 'Y') does not show any irregularities or damage. All features are consistent with a properly manufactured casting.
Confidence: High",OK,,,ok,True,"The casting shows no visible cracks, porosity, or surface defects. The concentric rings and central bore are well-defined, and the surface appears uniform and smooth. The marked area (labeled 'Y') does not show any irregularities or damage. All features are consistent with a properly manufactured casting.",,base,False,false_negative_missed_defect,none
crack_00062,/content/casting-defect-vlm/data/raw/output/defect_dataset/crack/crack_00062.jpg,crack/crack_00062.jpg,Defective,crack,prompt_2,"Defect present: No
Defect type: Unknown
Evidence: The image shows a metallic industrial casting, likely a pump impeller or similar component, with a smooth, concentric structure and no visible cracks, porosity, inclusions, or surface irregularities that would indicate a defect. The casting appears uniform and well-finished, though the black-and-white nature and lack of magnification prevent definitive assessment of microstructural or surface-level flaws.
Confidence: 90%",OK,,90.0,ok,True,"The image shows a metallic industrial casting, likely a pump impeller or similar component, with a smooth, concentric structure and no visible cracks, porosity, inclusions, or surface irregularities that would indicate a defect. The casting appears uniform and well-finished, though the black-and-white nature and lack of magnification prevent definitive assessment of microstructural or surface-level flaws.",,base,False,false_negative_missed_defect,confidently_wrong
crack_00062,/content/casting-defect-vlm/data/raw/output/defect_dataset/crack/crack_00062.jpg,crack/crack_00062.jpg,Defective,crack,prompt_3,"Prediction: OK
Evidence: The casting shows no visible cracks, porosity, or surface defects. The concentric rings and internal structure appear uniform and properly formed, with no signs of warping, flash, or incomplete filling. The surface texture is consistent with a machined or cast metal part, and there are no obvious imperfections or irregularities that would indicate a manufacturing defect.
Confidence: High",OK,,,ok,True,"The casting shows no visible cracks, porosity, or surface defects. The concentric rings and internal structure appear uniform and properly formed, with no signs of warping, flash, or incomplete filling. The surface texture is consistent with a machined or cast metal part, and there are no obvious imperfections or irregularities that would indicate a manufacturing defect.",,base,False,false_negative_missed_defect,none
crack_00091,/content/casting-defect-vlm/data/raw/output/defect_dataset/crack/crack_00091.jpg,crack/crack_00091.jpg,Defective,crack,prompt_2,"Defect present: No
Defect type: Unknown
Evidence: The image shows a metallic casting with a central hub and radial fins, appearing structurally intact with no visible cracks, porosity, inclusions, or surface irregularities. The black squares at the bottom may be artifacts or occlusions in the image, not defects. No labeled defect types are present in the dataset to match any observed anomalies.
Confidence: 100%",OK,,100.0,ok,True,"The image shows a metallic casting with a central hub and radial fins, appearing structurally intact with no visible cracks, porosity, inclusions, or surface irregularities. The black squares at the bottom may be artifacts or occlusions in the image, not defects. No labeled defect types are present in the dataset to match any observed anomalies.",,base,False,false_negative_missed_defect,confidently_wrong
dent_00031,/content/casting-defect-vlm/data/raw/output/defect_dataset/dent/dent_00031.jpg,dent/dent_00031.jpg,Defective,dent,prompt_2,"Defect present: No
Defect type: Unknown
Evidence: The image shows a metallic circular component, likely a bearing or shaft housing, with a clean, uniform surface and no visible cracks, pits, corrosion, or machining defects. The internal structure appears intact, and the outer ring shows consistent machining marks. No specific defect type can be confidently identified from this single image without comparative or historical data.
Confidence: 95%",OK,,95.0,ok,True,"The image shows a metallic circular component, likely a bearing or shaft housing, with a clean, uniform surface and no visible cracks, pits, corrosion, or machining defects. The internal structure appears intact, and the outer ring shows consistent machining marks. No specific defect type can be confidently identified from this single image without comparative or historical data.",,base,False,false_negative_missed_defect,confidently_wrong
dent_00031,/content/casting-defect-vlm/data/raw/output/defect_dataset/dent/dent_00031.jpg,dent/dent_00031.jpg,Defective,dent,prompt_3,"Prediction: OK
Evidence: The casting shows no visible cracks, porosity, or surface defects. The concentric rings and internal structure appear uniform and well-defined, with no signs of deformation or contamination. The surface finish is consistent with typical machining or casting standards. No evidence of defects is present in the visible area.
Confidence: High",OK,,,ok,True,"The casting shows no visible cracks, porosity, or surface defects. The concentric rings and internal structure appear uniform and well-defined, with no signs of deformation or contamination. The surface finish is consistent with typical machining or casting standards. No evidence of defects is present in the visible area.",,base,False,false_negative_missed_defect,none
dent_00037,/content/casting-defect-vlm/data/raw/output/defect_dataset/dent/dent_00037.jpg,dent/dent_00037.jpg,Defective,dent,prompt_1,"Classification: OK
Reason: The casting shows no visible cracks, porosity, or surface defects; the concentric rings and central bore are well-defined and uniform, indicating proper manufacturing.
Confidence: 95%",OK,,95.0,ok,True,"The casting shows no visible cracks, porosity, or surface defects; the concentric rings and central bore are well-defined and uniform, indicating proper manufacturing.",,base,False,false_negative_missed_defect,confidently_wrong
dent_00037,/content/casting-defect-vlm/data/raw/output/defect_dataset/dent/dent_00037.jpg,dent/dent_00037.jpg,Defective,dent,prompt_2,"Defect present: No
Defect type: Unknown
Evidence: The image shows a circular metallic component with a central bore and a smooth, uniform surface. There are no visible cracks, porosity, inclusions, or surface irregularities that would indicate a defect. The edges and internal structure appear consistent with a well-finished casting. However, without reference to a specific defect database or known standards, it is not possible to confirm or rule out subtle or microscopic defects.
Confidence: 90%",OK,,90.0,ok,True,"The image shows a circular metallic component with a central bore and a smooth, uniform surface. There are no visible cracks, porosity, inclusions, or surface irregularities that would indicate a defect. The edges and internal structure appear consistent with a well-finished casting. However, without reference to a specific defect database or known standards, it is not possible to confirm or rule out subtle or microscopic defects.",,base,False,false_negative_missed_defect,confidently_wrong
dent_00037,/content/casting-defect-vlm/data/raw/output/defect_dataset/dent/dent_00037.jpg,dent/dent_00037.jpg,Defective,dent,prompt_3,"Prediction: OK
Evidence: The casting shows no visible cracks, porosity, or surface defects. The concentric rings and central bore are well-defined, with uniform material texture and no signs of deformation or contamination. The edges are clean and the overall geometry appears consistent with a properly manufactured part.
Confidence: High",OK,,,ok,True,"The casting shows no visible cracks, porosity, or surface defects. The concentric rings and central bore are well-defined, with uniform material texture and no signs of deformation or contamination. The edges are clean and the overall geometry appears consistent with a properly manufactured part.",,base,False,false_negative_missed_defect,none
dent_00059,/content/casting-defect-vlm/data/raw/output/defect_dataset/dent/dent_00059.jpg,dent/dent_00059.jpg,Defective,dent,prompt_2,"Defect present: No
Defect type: Unknown
Evidence: The image shows a metallic casting with a central hub and surrounding blades or vanes, typical of a pump impeller or turbine component. There are no visible cracks, porosity, inclusions, or surface irregularities that would indicate a defect. The two dark circular marks appear to be artifacts or shadows from the imaging process, not defects. No labeling or dataset annotations are provided to confirm specific defect types.
Confidence: 95%",OK,,95.0,ok,True,"The image shows a metallic casting with a central hub and surrounding blades or vanes, typical of a pump impeller or turbine component. There are no visible cracks, porosity, inclusions, or surface irregularities that would indicate a defect. The two dark circular marks appear to be artifacts or shadows from the imaging process, not defects. No labeling or dataset annotations are provided to confirm specific defect types.",,base,False,false_negative_missed_defect,confidently_wrong
dent_00059,/content/casting-defect-vlm/data/raw/output/defect_dataset/dent/dent_00059.jpg,dent/dent_00059.jpg,Defective,dent,prompt_3,"Prediction: OK
Evidence: The image shows a metallic casting with a central hub and surrounding blades or vanes, consistent with a pump impeller or similar mechanical component. There are no visible cracks, porosity, inclusions, or surface defects that would indicate manufacturing failure. The surface appears uniform and the geometry is intact. The two dark circular marks are likely shadows or minor surface imperfections not indicative of a defect in the casting process. No evidence of dimensional deviation or material failure is present.
Confidence: High",OK,,,ok,True,"The image shows a metallic casting with a central hub and surrounding blades or vanes, consistent with a pump impeller or similar mechanical component. There are no visible cracks, porosity, inclusions, or surface defects that would indicate manufacturing failure. The surface appears uniform and the geometry is intact. The two dark circular marks are likely shadows or minor surface imperfections not indicative of a defect in the casting process. No evidence of dimensional deviation or material failure is present.",,base,False,false_negative_missed_defect,none
dent_00063,/content/casting-defect-vlm/data/raw/output/defect_dataset/dent/dent_00063.jpg,dent/dent_00063.jpg,Defective,dent,prompt_1,"Classification: OK
Reason: The casting shows no visible cracks, porosity, or surface defects; the internal geometry and concentric rings appear intact and properly formed.
Confidence: 95%",OK,,95.0,ok,True,"The casting shows no visible cracks, porosity, or surface defects; the internal geometry and concentric rings appear intact and properly formed.",,base,False,false_negative_missed_defect,confidently_wrong
dent_00063,/content/casting-defect-vlm/data/raw/output/defect_dataset/dent/dent_00063.jpg,dent/dent_00063.jpg,Defective,dent,prompt_2,"Defect present: No
Defect type: Unknown
Evidence: The image shows a metallic casting with a central hub and radial fins, appearing structurally sound and uniformly machined. No visible cracks, porosity, inclusions, or surface irregularities are discernible. The surface texture is consistent with typical industrial casting finishes. Without comparative reference or known defect standards, no specific defect type can be confidently identified.
Confidence: 90%",OK,,90.0,ok,True,"The image shows a metallic casting with a central hub and radial fins, appearing structurally sound and uniformly machined. No visible cracks, porosity, inclusions, or surface irregularities are discernible. The surface texture is consistent with typical industrial casting finishes. Without comparative reference or known defect standards, no specific defect type can be confidently identified.",,base,False,false_negative_missed_defect,confidently_wrong
dent_00063,/content/casting-defect-vlm/data/raw/output/defect_dataset/dent/dent_00063.jpg,dent/dent_00063.jpg,Defective,dent,prompt_3,"Prediction: OK
Evidence: The casting shows no visible cracks, porosity, or surface defects. The internal geometry, including the central bore and the surrounding ring, appears consistent and well-defined. The surface texture is uniform, with no signs of flash, slag, or machining marks that would indicate a defect. The overall structure is intact and symmetrical.
Confidence: High",OK,,,ok,True,"The casting shows no visible cracks, porosity, or surface defects. The internal geometry, including the central bore and the surrounding ring, appears consistent and well-defined. The surface texture is uniform, with no signs of flash, slag, or machining marks that would indicate a defect. The overall structure is intact and symmetrical.",,base,False,false_negative_missed_defect,none
dent_00068,/content/casting-defect-vlm/data/raw/output/defect_dataset/dent/dent_00068.jpg,dent/dent_00068.jpg,Defective,dent,prompt_2,"Defect present: No
Defect type: Unknown
Evidence: The image shows a metallic industrial casting with a central hub and radial fins, appearing structurally intact with no visible cracks, porosity, inclusions, or surface irregularities that would indicate a defect. The surface is relatively uniform, though minor speckles may be due to material texture or imaging noise. No labeled defect types are present in the dataset to match any anomalies.
Confidence: 95%",OK,,95.0,ok,True,"The image shows a metallic industrial casting with a central hub and radial fins, appearing structurally intact with no visible cracks, porosity, inclusions, or surface irregularities that would indicate a defect. The surface is relatively uniform, though minor speckles may be due to material texture or imaging noise. No labeled defect types are present in the dataset to match any anomalies.",,base,False,false_negative_missed_defect,confidently_wrong
dent_00068,/content/casting-defect-vlm/data/raw/output/defect_dataset/dent/dent_00068.jpg,dent/dent_00068.jpg,Defective,dent,prompt_3,"Prediction: OK
Evidence: The casting shows no visible cracks, porosity, or surface defects. The metallic surface appears uniform and smooth, with no signs of machining errors or contamination. The internal structure is consistent with a properly formed casting, and the circular features are intact. No evidence of defects is present in the visible area.
Confidence: High",OK,,,ok,True,"The casting shows no visible cracks, porosity, or surface defects. The metallic surface appears uniform and smooth, with no signs of machining errors or contamination. The internal structure is consistent with a properly formed casting, and the circular features are intact. No evidence of defects is present in the visible area.",,base,False,false_negative_missed_defect,none
dent_00075,/content/casting-defect-vlm/data/raw/output/defect_dataset/dent/dent_00075.jpg,dent/dent_00075.jpg,Defective,dent,prompt_1,"Classification: OK
Reason: The casting shows no visible cracks, porosity, or surface defects; the internal geometry and concentric rings appear intact and properly formed.
Confidence: 95%",OK,,95.0,ok,True,"The casting shows no visible cracks, porosity, or surface defects; the internal geometry and concentric rings appear intact and properly formed.",,base,False,false_negative_missed_defect,confidently_wrong
dent_00075,/content/casting-defect-vlm/data/raw/output/defect_dataset/dent/dent_00075.jpg,dent/dent_00075.jpg,Defective,dent,prompt_2,"Defect present: No
Defect type: Unknown
Evidence: The image shows a metallic casting with a smooth, concentrically designed internal structure, likely a pump impeller or similar component. There are no visible cracks, porosity, inclusions, or surface irregularities that would indicate a defect. The surface appears uniform and machined, though the image quality and angle limit detailed inspection. No labeled defect types are present in the dataset to match any observed anomalies.
Confidence: 90%",OK,,90.0,ok,True,"The image shows a metallic casting with a smooth, concentrically designed internal structure, likely a pump impeller or similar component. There are no visible cracks, porosity, inclusions, or surface irregularities that would indicate a defect. The surface appears uniform and machined, though the image quality and angle limit detailed inspection. No labeled defect types are present in the dataset to match any observed anomalies.",,base,False,false_negative_missed_defect,confidently_wrong
dent_00075,/content/casting-defect-vlm/data/raw/output/defect_dataset/dent/dent_00075.jpg,dent/dent_00075.jpg,Defective,dent,prompt_3,"Prediction: OK
Evidence: The casting shows no visible cracks, porosity, or surface defects. The internal geometry appears consistent with a well-machined or cast component, and the surface finish is uniform. There are no signs of material inclusions, warping, or dimensional deviations that would indicate a defect. The image is clear and the features are well-defined.
Confidence: High",OK,,,ok,True,"The casting shows no visible cracks, porosity, or surface defects. The internal geometry appears consistent with a well-machined or cast component, and the surface finish is uniform. There are no signs of material inclusions, warping, or dimensional deviations that would indicate a defect. The image is clear and the features are well-defined.",,base,False,false_negative_missed_defect,none
dent_00076,/content/casting-defect-vlm/data/raw/output/defect_dataset/dent/dent_00076.jpg,dent/dent_00076.jpg,Defective,dent,prompt_1,"Classification: OK
Reason: The casting shows no visible cracks, porosity, or surface defects; the internal structure appears uniform and well-defined, consistent with a properly manufactured component.
Confidence: 95%",OK,,95.0,ok,True,"The casting shows no visible cracks, porosity, or surface defects; the internal structure appears uniform and well-defined, consistent with a properly manufactured component.",,base,False,false_negative_missed_defect,confidently_wrong
dent_00076,/content/casting-defect-vlm/data/raw/output/defect_dataset/dent/dent_00076.jpg,dent/dent_00076.jpg,Defective,dent,prompt_2,"Defect present: No
Defect type: Unknown
Evidence: The image shows a circular industrial casting with a central hub and concentric rings. The surface appears generally uniform, with no visible cracks, porosity, inclusions, or surface irregularities that would indicate a defect. The internal structure suggests a designed flow or impeller geometry, which is typical for such components. Without comparative standards or known defect databases, no specific defect type can be confidently identified.
Confidence: 90%",OK,,90.0,ok,True,"The image shows a circular industrial casting with a central hub and concentric rings. The surface appears generally uniform, with no visible cracks, porosity, inclusions, or surface irregularities that would indicate a defect. The internal structure suggests a designed flow or impeller geometry, which is typical for such components. Without comparative standards or known defect databases, no specific defect type can be confidently identified.",,base,False,false_negative_missed_defect,confidently_wrong
dent_00076,/content/casting-defect-vlm/data/raw/output/defect_dataset/dent/dent_00076.jpg,dent/dent_00076.jpg,Defective,dent,prompt_3,"Prediction: OK
Evidence: The casting shows no visible cracks, porosity, or surface defects. The concentric rings and internal structure appear uniform and well-defined, consistent with a properly manufactured part. There are no signs of flash, misalignment, or material inconsistencies that would indicate a defect. The image quality is sufficient to assess the surface and internal features without ambiguity.
Confidence: High",OK,,,ok,True,"The casting shows no visible cracks, porosity, or surface defects. The concentric rings and internal structure appear uniform and well-defined, consistent with a properly manufactured part. There are no signs of flash, misalignment, or material inconsistencies that would indicate a defect. The image quality is sufficient to assess the surface and internal features without ambiguity.",,base,False,false_negative_missed_defect,none
dent_00085,/content/casting-defect-vlm/data/raw/output/defect_dataset/dent/dent_00085.jpg,dent/dent_00085.jpg,Defective,dent,prompt_2,"Defect present: No
Defect type: Unknown
Evidence: The image shows a symmetrical, concentric circular structure with smooth, uniform surfaces and no visible cracks, porosity, inclusions, or surface irregularities that would indicate a defect. The internal and external walls appear consistent, and the overall geometry is intact. Without additional context or reference to a specific defect database, no defect can be confidently identified.
Confidence: 95%",OK,,95.0,ok,True,"The image shows a symmetrical, concentric circular structure with smooth, uniform surfaces and no visible cracks, porosity, inclusions, or surface irregularities that would indicate a defect. The internal and external walls appear consistent, and the overall geometry is intact. Without additional context or reference to a specific defect database, no defect can be confidently identified.",,base,False,false_negative_missed_defect,confidently_wrong
dent_00085,/content/casting-defect-vlm/data/raw/output/defect_dataset/dent/dent_00085.jpg,dent/dent_00085.jpg,Defective,dent,prompt_3,"Prediction: OK
Evidence: The image shows a casting with concentric circular features, likely a bore or internal structure, and the surfaces appear smooth and uniform without visible cracks, porosity, or inclusions that would indicate defects. The edges are clean and the internal geometry is consistent with a well-manufactured part. No signs of surface damage or dimensional irregularities are present.
Confidence: High",OK,,,ok,True,"The image shows a casting with concentric circular features, likely a bore or internal structure, and the surfaces appear smooth and uniform without visible cracks, porosity, or inclusions that would indicate defects. The edges are clean and the internal geometry is consistent with a well-manufactured part. No signs of surface damage or dimensional irregularities are present.",,base,False,false_negative_missed_defect,none
dent_00087,/content/casting-defect-vlm/data/raw/output/defect_dataset/dent/dent_00087.jpg,dent/dent_00087.jpg,Defective,dent,prompt_1,"Classification: OK
Reason: The casting shows no visible cracks, porosity, or dimensional defects; the internal structure and surface finish appear uniform and consistent with a well-cast component.
Confidence: 95%",OK,,95.0,ok,True,"The casting shows no visible cracks, porosity, or dimensional defects; the internal structure and surface finish appear uniform and consistent with a well-cast component.",,base,False,false_negative_missed_defect,confidently_wrong
dent_00087,/content/casting-defect-vlm/data/raw/output/defect_dataset/dent/dent_00087.jpg,dent/dent_00087.jpg,Defective,dent,prompt_2,"Defect present: No
Defect type: Unknown
Evidence: The image shows a metallic casting with a central hub and concentric rings, appearing structurally sound with no visible cracks, porosity, inclusions, or surface irregularities. The three circular marks on the periphery are likely artifacts or unrelated objects (e.g., calibration dots or background noise) and not defects in the casting itself. No labeled defect types are present in the dataset to match any observed anomalies.
Confidence: 95%",OK,,95.0,ok,True,"The image shows a metallic casting with a central hub and concentric rings, appearing structurally sound with no visible cracks, porosity, inclusions, or surface irregularities. The three circular marks on the periphery are likely artifacts or unrelated objects (e.g., calibration dots or background noise) and not defects in the casting itself. No labeled defect types are present in the dataset to match any observed anomalies.",,base,False,false_negative_missed_defect,confidently_wrong
dent_00087,/content/casting-defect-vlm/data/raw/output/defect_dataset/dent/dent_00087.jpg,dent/dent_00087.jpg,Defective,dent,prompt_3,"Prediction: OK
Evidence: The casting shows no visible cracks, porosity, or surface defects. The concentric circular features and internal structure appear uniform and well-defined, consistent with a properly manufactured part. The three small circular marks on the outer edge are likely non-structural artifacts or part of the inspection setup and do not indicate defects in the casting itself.
Confidence: High",OK,,,ok,True,"The casting shows no visible cracks, porosity, or surface defects. The concentric circular features and internal structure appear uniform and well-defined, consistent with a properly manufactured part. The three small circular marks on the outer edge are likely non-structural artifacts or part of the inspection setup and do not indicate defects in the casting itself.",,base,False,false_negative_missed_defect,none
dent_00090,/content/casting-defect-vlm/data/raw/output/defect_dataset/dent/dent_00090.jpg,dent/dent_00090.jpg,Defective,dent,prompt_2,"Defect present: No
Defect type: Unknown
Evidence: The image shows a circular metallic casting with concentric rings and a central bore. The surface appears smooth with consistent machining marks, and no obvious cracks, porosity, inclusions, or surface irregularities are visible. The small dark circle on the right may be a shadow or artifact, not a defect. Without comparative standards or known defect patterns, no specific defect type can be identified.
Confidence: 90%",OK,,90.0,ok,True,"The image shows a circular metallic casting with concentric rings and a central bore. The surface appears smooth with consistent machining marks, and no obvious cracks, porosity, inclusions, or surface irregularities are visible. The small dark circle on the right may be a shadow or artifact, not a defect. Without comparative standards or known defect patterns, no specific defect type can be identified.",,base,False,false_negative_missed_defect,confidently_wrong
dent_00090,/content/casting-defect-vlm/data/raw/output/defect_dataset/dent/dent_00090.jpg,dent/dent_00090.jpg,Defective,dent,prompt_3,"Prediction: OK
Evidence: The image shows a circular metallic casting with a clean, concentric bore and no visible cracks, porosity, or surface defects. The inner and outer surfaces appear smooth and uniformly machined, with no signs of contamination or irregularities. The small dark spot on the outer rim is likely a minor shadow or artifact from the imaging process and does not indicate a defect in the casting itself.
Confidence: High",OK,,,ok,True,"The image shows a circular metallic casting with a clean, concentric bore and no visible cracks, porosity, or surface defects. The inner and outer surfaces appear smooth and uniformly machined, with no signs of contamination or irregularities. The small dark spot on the outer rim is likely a minor shadow or artifact from the imaging process and does not indicate a defect in the casting itself.",,base,False,false_negative_missed_defect,none
flash_00001,/content/casting-defect-vlm/data/raw/output/defect_dataset/flash/flash_00001.jpg,flash/flash_00001.jpg,Defective,flash,prompt_1,"Classification: OK
Reason: The casting shows no visible cracks, porosity, or surface defects; the concentric rings and central bore are well-defined and uniform, indicating proper casting and finishing.
Confidence: 95%",OK,,95.0,ok,True,"The casting shows no visible cracks, porosity, or surface defects; the concentric rings and central bore are well-defined and uniform, indicating proper casting and finishing.",,base,False,false_negative_missed_defect,confidently_wrong
flash_00001,/content/casting-defect-vlm/data/raw/output/defect_dataset/flash/flash_00001.jpg,flash/flash_00001.jpg,Defective,flash,prompt_2,"Defect present: No
Defect type: Unknown
Evidence: The image shows a circular metallic component with concentric rings and a central bore, consistent with a bearing or similar industrial casting. There are no visible cracks, porosity, inclusions, surface roughness anomalies, or dimensional deviations that would indicate a defect. The surface appears smooth and uniform, though the grayscale and angle may obscure subtle imperfections. Without reference to a specific defect database or known standards, no defect can be confidently identified.
Confidence: 90%",OK,,90.0,ok,True,"The image shows a circular metallic component with concentric rings and a central bore, consistent with a bearing or similar industrial casting. There are no visible cracks, porosity, inclusions, surface roughness anomalies, or dimensional deviations that would indicate a defect. The surface appears smooth and uniform, though the grayscale and angle may obscure subtle imperfections. Without reference to a specific defect database or known standards, no defect can be confidently identified.",,base,False,false_negative_missed_defect,confidently_wrong
flash_00001,/content/casting-defect-vlm/data/raw/output/defect_dataset/flash/flash_00001.jpg,flash/flash_00001.jpg,Defective,flash,prompt_3,"Prediction: OK
Evidence: The casting shows a clean, concentric circular structure with no visible cracks, porosity, or surface defects. The metallic finish appears uniform, and the internal features are well-defined, consistent with a properly manufactured casting. No evidence of defects is present in the visible area.
Confidence: High",OK,,,ok,True,"The casting shows a clean, concentric circular structure with no visible cracks, porosity, or surface defects. The metallic finish appears uniform, and the internal features are well-defined, consistent with a properly manufactured casting. No evidence of defects is present in the visible area.",,base,False,false_negative_missed_defect,none
flash_00020,/content/casting-defect-vlm/data/raw/output/defect_dataset/flash/flash_00020.jpg,flash/flash_00020.jpg,Defective,flash,prompt_1,"Classification: OK
Reason: The casting shows no visible cracks, porosity, or surface defects; the concentric rings and metallic finish appear uniform and well-formed.
Confidence: 95%",OK,,95.0,ok,True,"The casting shows no visible cracks, porosity, or surface defects; the concentric rings and metallic finish appear uniform and well-formed.",,base,False,false_negative_missed_defect,confidently_wrong
flash_00020,/content/casting-defect-vlm/data/raw/output/defect_dataset/flash/flash_00020.jpg,flash/flash_00020.jpg,Defective,flash,prompt_2,"Defect present: No
Defect type: Unknown
Evidence: The image shows a circular metallic component with a smooth, uniform surface and no visible cracks, pits, inclusions, or surface irregularities that would indicate a defect. The internal structure appears consistent with a machined or cast part, but without comparative standards or known defect patterns, no specific defect can be classified.
Confidence: 90%",OK,,90.0,ok,True,"The image shows a circular metallic component with a smooth, uniform surface and no visible cracks, pits, inclusions, or surface irregularities that would indicate a defect. The internal structure appears consistent with a machined or cast part, but without comparative standards or known defect patterns, no specific defect can be classified.",,base,False,false_negative_missed_defect,confidently_wrong
flash_00020,/content/casting-defect-vlm/data/raw/output/defect_dataset/flash/flash_00020.jpg,flash/flash_00020.jpg,Defective,flash,prompt_3,"Prediction: OK
Evidence: The image shows a circular metallic casting with a smooth, uniform surface and no visible cracks, pits, or irregularities. The concentric rings and central bore appear properly formed and aligned, consistent with a well-manufactured part. There are no signs of defects such as porosity, inclusions, or dimensional deviations that would indicate failure.
Confidence: High",OK,,,ok,True,"The image shows a circular metallic casting with a smooth, uniform surface and no visible cracks, pits, or irregularities. The concentric rings and central bore appear properly formed and aligned, consistent with a well-manufactured part. There are no signs of defects such as porosity, inclusions, or dimensional deviations that would indicate failure.",,base,False,false_negative_missed_defect,none
flash_00025,/content/casting-defect-vlm/data/raw/output/defect_dataset/flash/flash_00025.jpg,flash/flash_00025.jpg,Defective,flash,prompt_1,"Classification: OK
Reason: The casting shows uniform surface finish, no visible cracks, porosity, or dimensional deviations; the concentric rings and central bore appear properly formed.
Confidence: 95%",OK,,95.0,ok,True,"The casting shows uniform surface finish, no visible cracks, porosity, or dimensional deviations; the concentric rings and central bore appear properly formed.",,base,False,false_negative_missed_defect,confidently_wrong
flash_00025,/content/casting-defect-vlm/data/raw/output/defect_dataset/flash/flash_00025.jpg,flash/flash_00025.jpg,Defective,flash,prompt_2,"Defect present: No
Defect type: Unknown
Evidence: The image shows a circular metallic component with a smooth, uniform surface and concentric rings, consistent with a well-finished casting. No visible cracks, porosity, inclusions, or surface irregularities are apparent. The internal structure appears intact, though the black material in the center may be a lubricant or sealant rather than a defect. Without additional context or reference standards, no defect can be confidently identified.
Confidence: 90%",OK,,90.0,ok,True,"The image shows a circular metallic component with a smooth, uniform surface and concentric rings, consistent with a well-finished casting. No visible cracks, porosity, inclusions, or surface irregularities are apparent. The internal structure appears intact, though the black material in the center may be a lubricant or sealant rather than a defect. Without additional context or reference standards, no defect can be confidently identified.",,base,False,false_negative_missed_defect,confidently_wrong
flash_00025,/content/casting-defect-vlm/data/raw/output/defect_dataset/flash/flash_00025.jpg,flash/flash_00025.jpg,Defective,flash,prompt_3,"Prediction: OK
Evidence: The casting shows a clean, concentric circular structure with no visible cracks, porosity, or surface defects. The metallic finish is uniform, and the internal features appear properly formed without signs of incomplete filling or deformation. The image does not show any evidence of manufacturing flaws that would indicate defectiveness.
Confidence: High",OK,,,ok,True,"The casting shows a clean, concentric circular structure with no visible cracks, porosity, or surface defects. The metallic finish is uniform, and the internal features appear properly formed without signs of incomplete filling or deformation. The image does not show any evidence of manufacturing flaws that would indicate defectiveness.",,base,False,false_negative_missed_defect,none
flash_00031,/content/casting-defect-vlm/data/raw/output/defect_dataset/flash/flash_00031.jpg,flash/flash_00031.jpg,Defective,flash,prompt_2,"Defect present: No
Defect type: Unknown
Evidence: The image shows a circular, metallic casting with concentric rings and a central hole. The surface appears smooth with consistent texture and no visible cracks, porosity, inclusions, or surface irregularities that would indicate a defect. The dark inner ring may be intentional (e.g., a core or lubricant residue) or due to shadowing, but no defect is evident.
Confidence: 95%",OK,,95.0,ok,True,"The image shows a circular, metallic casting with concentric rings and a central hole. The surface appears smooth with consistent texture and no visible cracks, porosity, inclusions, or surface irregularities that would indicate a defect. The dark inner ring may be intentional (e.g., a core or lubricant residue) or due to shadowing, but no defect is evident.",,base,False,false_negative_missed_defect,confidently_wrong
flash_00040,/content/casting-defect-vlm/data/raw/output/defect_dataset/flash/flash_00040.jpg,flash/flash_00040.jpg,Defective,flash,prompt_2,"Defect present: No
Defect type: Unknown
Evidence: The image shows a circular metallic component with concentric rings, likely a bearing or similar mechanical part. The surface appears smooth and uniform, with no visible cracks, pits, inclusions, or surface irregularities that would indicate a defect. The lighting and angle obscure some fine details, but no clear defect is discernible. Without a reference dataset or known defect standards, classification is not possible.
Confidence: 85%",OK,,85.0,ok,True,"The image shows a circular metallic component with concentric rings, likely a bearing or similar mechanical part. The surface appears smooth and uniform, with no visible cracks, pits, inclusions, or surface irregularities that would indicate a defect. The lighting and angle obscure some fine details, but no clear defect is discernible. Without a reference dataset or known defect standards, classification is not possible.",,base,False,false_negative_missed_defect,none
flash_00040,/content/casting-defect-vlm/data/raw/output/defect_dataset/flash/flash_00040.jpg,flash/flash_00040.jpg,Defective,flash,prompt_3,"Prediction: OK
Evidence: The casting shows a clean, concentric circular structure with no visible cracks, porosity, or surface defects. The inner and outer rings are well-defined, and the material appears uniformly dense and smooth, consistent with a properly manufactured casting. No signs of machining errors or contamination are present.
Confidence: High",OK,,,ok,True,"The casting shows a clean, concentric circular structure with no visible cracks, porosity, or surface defects. The inner and outer rings are well-defined, and the material appears uniformly dense and smooth, consistent with a properly manufactured casting. No signs of machining errors or contamination are present.",,base,False,false_negative_missed_defect,none
flash_00042,/content/casting-defect-vlm/data/raw/output/defect_dataset/flash/flash_00042.jpg,flash/flash_00042.jpg,Defective,flash,prompt_1,"Classification: OK
Reason: The casting shows uniform surface finish, no visible cracks, porosity, or dimensional deviations; the concentric rings and central bore appear properly formed and aligned.
Confidence: 95%",OK,,95.0,ok,True,"The casting shows uniform surface finish, no visible cracks, porosity, or dimensional deviations; the concentric rings and central bore appear properly formed and aligned.",,base,False,false_negative_missed_defect,confidently_wrong
flash_00042,/content/casting-defect-vlm/data/raw/output/defect_dataset/flash/flash_00042.jpg,flash/flash_00042.jpg,Defective,flash,prompt_2,"Defect present: No
Defect type: Unknown
Evidence: The image shows a circular metallic component with a smooth, uniform surface and consistent concentric rings. There are no visible cracks, porosity, inclusions, or surface irregularities that would indicate a defect. The casting appears structurally sound and well-finished, though the image resolution and angle limit detailed inspection.
Confidence: 95%",OK,,95.0,ok,True,"The image shows a circular metallic component with a smooth, uniform surface and consistent concentric rings. There are no visible cracks, porosity, inclusions, or surface irregularities that would indicate a defect. The casting appears structurally sound and well-finished, though the image resolution and angle limit detailed inspection.",,base,False,false_negative_missed_defect,confidently_wrong
flash_00042,/content/casting-defect-vlm/data/raw/output/defect_dataset/flash/flash_00042.jpg,flash/flash_00042.jpg,Defective,flash,prompt_3,"Prediction: OK
Evidence: The casting shows a clean, concentric circular structure with no visible cracks, porosity, or surface defects. The metallic finish is uniform, and the inner bore appears properly machined with consistent wall thickness. There are no signs of flash, misalignment, or material inconsistencies that would indicate a defect.
Confidence: High",OK,,,ok,True,"The casting shows a clean, concentric circular structure with no visible cracks, porosity, or surface defects. The metallic finish is uniform, and the inner bore appears properly machined with consistent wall thickness. There are no signs of flash, misalignment, or material inconsistencies that would indicate a defect.",,base,False,false_negative_missed_defect,none
flash_00046,/content/casting-defect-vlm/data/raw/output/defect_dataset/flash/flash_00046.jpg,flash/flash_00046.jpg,Defective,flash,prompt_1,"Classification: OK
Reason: The casting shows no visible cracks, porosity, or surface defects; the concentric rings and central hole are well-defined and uniform, indicating proper manufacturing.
Confidence: 95%",OK,,95.0,ok,True,"The casting shows no visible cracks, porosity, or surface defects; the concentric rings and central hole are well-defined and uniform, indicating proper manufacturing.",,base,False,false_negative_missed_defect,confidently_wrong
flash_00046,/content/casting-defect-vlm/data/raw/output/defect_dataset/flash/flash_00046.jpg,flash/flash_00046.jpg,Defective,flash,prompt_2,"Defect present: No
Defect type: Unknown
Evidence: The image shows a circular metallic component with a central bore and a smooth, uniform surface. There are no visible cracks, porosity, inclusions, or surface irregularities that would indicate a defect. The concentric rings and machined edges appear consistent with a well-processed casting. However, without reference to a specific defect database or known standards, no definitive defect classification can be assigned.
Confidence: 95%",OK,,95.0,ok,True,"The image shows a circular metallic component with a central bore and a smooth, uniform surface. There are no visible cracks, porosity, inclusions, or surface irregularities that would indicate a defect. The concentric rings and machined edges appear consistent with a well-processed casting. However, without reference to a specific defect database or known standards, no definitive defect classification can be assigned.",,base,False,false_negative_missed_defect,confidently_wrong
flash_00046,/content/casting-defect-vlm/data/raw/output/defect_dataset/flash/flash_00046.jpg,flash/flash_00046.jpg,Defective,flash,prompt_3,"Prediction: OK
Evidence: The casting shows no visible surface defects such as cracks, porosity, inclusions, or excessive flash. The concentric rings and central hole are well-defined, with smooth, uniform surfaces and consistent material appearance. There are no signs of dimensional deviations or machining marks that would indicate a defect. The image quality is sufficient to assess the visual integrity of the part.
Confidence: High",OK,,,ok,True,"The casting shows no visible surface defects such as cracks, porosity, inclusions, or excessive flash. The concentric rings and central hole are well-defined, with smooth, uniform surfaces and consistent material appearance. There are no signs of dimensional deviations or machining marks that would indicate a defect. The image quality is sufficient to assess the visual integrity of the part.",,base,False,false_negative_missed_defect,none
flash_00052,/content/casting-defect-vlm/data/raw/output/defect_dataset/flash/flash_00052.jpg,flash/flash_00052.jpg,Defective,flash,prompt_1,"Classification: OK
Reason: The casting shows no visible cracks, porosity, or surface defects; the internal geometry and concentric rings appear intact and properly formed.
Confidence: 95%",OK,,95.0,ok,True,"The casting shows no visible cracks, porosity, or surface defects; the internal geometry and concentric rings appear intact and properly formed.",,base,False,false_negative_missed_defect,confidently_wrong
flash_00052,/content/casting-defect-vlm/data/raw/output/defect_dataset/flash/flash_00052.jpg,flash/flash_00052.jpg,Defective,flash,prompt_2,"Defect present: No
Defect type: Unknown
Evidence: The image shows a clean, symmetrical industrial casting with smooth surfaces and no visible cracks, porosity, inclusions, or surface irregularities. The internal geometry appears consistent with a well-fabricated component, such as a pump impeller or turbine runner. However, without comparative standards or known defect databases, it is not possible to definitively classify any potential defect.
Confidence: 95%",OK,,95.0,ok,True,"The image shows a clean, symmetrical industrial casting with smooth surfaces and no visible cracks, porosity, inclusions, or surface irregularities. The internal geometry appears consistent with a well-fabricated component, such as a pump impeller or turbine runner. However, without comparative standards or known defect databases, it is not possible to definitively classify any potential defect.",,base,False,false_negative_missed_defect,confidently_wrong
flash_00052,/content/casting-defect-vlm/data/raw/output/defect_dataset/flash/flash_00052.jpg,flash/flash_00052.jpg,Defective,flash,prompt_3,"Prediction: OK
Evidence: The casting shows no visible cracks, porosity, or surface defects. The internal geometry, including the concentric rings and central bore, appears consistent and well-defined. The surface finish is uniform, and there are no signs of flash, misalignment, or material inclusions that would indicate a manufacturing defect. All features are within expected visual parameters for a properly cast component.
Confidence: High",OK,,,ok,True,"The casting shows no visible cracks, porosity, or surface defects. The internal geometry, including the concentric rings and central bore, appears consistent and well-defined. The surface finish is uniform, and there are no signs of flash, misalignment, or material inclusions that would indicate a manufacturing defect. All features are within expected visual parameters for a properly cast component.",,base,False,false_negative_missed_defect,none
flash_00054,/content/casting-defect-vlm/data/raw/output/defect_dataset/flash/flash_00054.jpg,flash/flash_00054.jpg,Defective,flash,prompt_2,"Defect present: No
Defect type: Unknown
Evidence: The image shows a symmetrical, concentric circular structure with smooth transitions and no visible cracks, porosity, inclusions, or surface irregularities that would indicate a defect. The internal geometry appears consistent with a well-cast component, though the image is rotated and lacks context for full inspection.
Confidence: 90%",OK,,90.0,ok,True,"The image shows a symmetrical, concentric circular structure with smooth transitions and no visible cracks, porosity, inclusions, or surface irregularities that would indicate a defect. The internal geometry appears consistent with a well-cast component, though the image is rotated and lacks context for full inspection.",,base,False,false_negative_missed_defect,confidently_wrong
flash_00054,/content/casting-defect-vlm/data/raw/output/defect_dataset/flash/flash_00054.jpg,flash/flash_00054.jpg,Defective,flash,prompt_3,"Prediction: OK
Evidence: The image shows a circular casting with concentric rings and a central bore. There are no visible cracks, porosity, inclusions, or surface defects that would indicate a manufacturing defect. The internal structure appears uniform and consistent with a properly cast component. The grayscale contrast highlights the geometry without revealing any anomalies.
Confidence: High",OK,,,ok,True,"The image shows a circular casting with concentric rings and a central bore. There are no visible cracks, porosity, inclusions, or surface defects that would indicate a manufacturing defect. The internal structure appears uniform and consistent with a properly cast component. The grayscale contrast highlights the geometry without revealing any anomalies.",,base,False,false_negative_missed_defect,none
flash_00059,/content/casting-defect-vlm/data/raw/output/defect_dataset/flash/flash_00059.jpg,flash/flash_00059.jpg,Defective,flash,prompt_1,"Classification: OK
Reason: The casting shows no visible cracks, porosity, or surface defects; the internal geometry and concentric rings appear intact and properly formed.
Confidence: 95%",OK,,95.0,ok,True,"The casting shows no visible cracks, porosity, or surface defects; the internal geometry and concentric rings appear intact and properly formed.",,base,False,false_negative_missed_defect,confidently_wrong
flash_00059,/content/casting-defect-vlm/data/raw/output/defect_dataset/flash/flash_00059.jpg,flash/flash_00059.jpg,Defective,flash,prompt_2,"Defect present: No
Defect type: Unknown
Evidence: The image shows a metallic industrial casting with a central hub and surrounding ring, exhibiting a uniform surface texture and no visible cracks, porosity, inclusions, or surface irregularities that would indicate a defect. The casting appears structurally sound and properly formed, though the black square obscures part of the image and limits analysis.
Confidence: 90%",OK,,90.0,ok,True,"The image shows a metallic industrial casting with a central hub and surrounding ring, exhibiting a uniform surface texture and no visible cracks, porosity, inclusions, or surface irregularities that would indicate a defect. The casting appears structurally sound and properly formed, though the black square obscures part of the image and limits analysis.",,base,False,false_negative_missed_defect,confidently_wrong
flash_00059,/content/casting-defect-vlm/data/raw/output/defect_dataset/flash/flash_00059.jpg,flash/flash_00059.jpg,Defective,flash,prompt_3,"Prediction: OK
Evidence: The casting shows no visible cracks, porosity, or surface defects. The metallic surface appears uniform and smooth, with no signs of warping or machining inconsistencies. The internal structure is clean and properly formed, with no evidence of material inclusions or dimensional deviations. The black square in the upper left is likely a mask or artifact and does not indicate a defect in the casting itself.
Confidence: High",OK,,,ok,True,"The casting shows no visible cracks, porosity, or surface defects. The metallic surface appears uniform and smooth, with no signs of warping or machining inconsistencies. The internal structure is clean and properly formed, with no evidence of material inclusions or dimensional deviations. The black square in the upper left is likely a mask or artifact and does not indicate a defect in the casting itself.",,base,False,false_negative_missed_defect,none
flash_00064,/content/casting-defect-vlm/data/raw/output/defect_dataset/flash/flash_00064.jpg,flash/flash_00064.jpg,Defective,flash,prompt_1,"Classification: OK
Reason: The casting shows no visible cracks, porosity, or surface defects; the internal geometry and wall thickness appear uniform and well-defined.
Confidence: 95%",OK,,95.0,ok,True,"The casting shows no visible cracks, porosity, or surface defects; the internal geometry and wall thickness appear uniform and well-defined.",,base,False,false_negative_missed_defect,confidently_wrong
flash_00064,/content/casting-defect-vlm/data/raw/output/defect_dataset/flash/flash_00064.jpg,flash/flash_00064.jpg,Defective,flash,prompt_2,"Defect present: No
Defect type: Unknown
Evidence: The image shows a clean, well-defined industrial casting with smooth surfaces and no visible cracks, porosity, inclusions, or surface irregularities. The internal geometry appears consistent with a properly manufactured component. However, without comparative standards or known defect databases, it is not possible to definitively classify any potential defect.
Confidence: 95%",OK,,95.0,ok,True,"The image shows a clean, well-defined industrial casting with smooth surfaces and no visible cracks, porosity, inclusions, or surface irregularities. The internal geometry appears consistent with a properly manufactured component. However, without comparative standards or known defect databases, it is not possible to definitively classify any potential defect.",,base,False,false_negative_missed_defect,confidently_wrong
flash_00064,/content/casting-defect-vlm/data/raw/output/defect_dataset/flash/flash_00064.jpg,flash/flash_00064.jpg,Defective,flash,prompt_3,"Prediction: OK
Evidence: The image shows a metallic casting with a clean, concentric circular structure, no visible cracks, porosity, or surface defects. The internal geometry appears consistent and well-formed, with no signs of machining errors or material inconsistencies. The surface texture is uniform and the edges are sharp, indicating proper manufacturing.
Confidence: High",OK,,,ok,True,"The image shows a metallic casting with a clean, concentric circular structure, no visible cracks, porosity, or surface defects. The internal geometry appears consistent and well-formed, with no signs of machining errors or material inconsistencies. The surface texture is uniform and the edges are sharp, indicating proper manufacturing.",,base,False,false_negative_missed_defect,none
flash_00066,/content/casting-defect-vlm/data/raw/output/defect_dataset/flash/flash_00066.jpg,flash/flash_00066.jpg,Defective,flash,prompt_2,"Defect present: No
Defect type: Unknown
Evidence: The image shows a circular, concentric structure with uniform texture and no visible cracks, porosity, inclusions, or surface irregularities that would indicate a defect. The grayscale speckling may be due to imaging noise or surface texture rather than a manufacturing defect.
Confidence: 95%",OK,,95.0,ok,True,"The image shows a circular, concentric structure with uniform texture and no visible cracks, porosity, inclusions, or surface irregularities that would indicate a defect. The grayscale speckling may be due to imaging noise or surface texture rather than a manufacturing defect.",,base,False,false_negative_missed_defect,confidently_wrong
flash_00066,/content/casting-defect-vlm/data/raw/output/defect_dataset/flash/flash_00066.jpg,flash/flash_00066.jpg,Defective,flash,prompt_3,"Prediction: OK
Evidence: The image shows a circular casting with concentric rings and a central hole, consistent with a typical manufactured part. There are no visible cracks, porosity, inclusions, or surface defects that would indicate a defect. The edges are clean and the structure appears uniform, with no signs of deformation or material inconsistency. The grayscale speckling is consistent with imaging noise or surface texture, not a defect.
Confidence: High",OK,,,ok,True,"The image shows a circular casting with concentric rings and a central hole, consistent with a typical manufactured part. There are no visible cracks, porosity, inclusions, or surface defects that would indicate a defect. The edges are clean and the structure appears uniform, with no signs of deformation or material inconsistency. The grayscale speckling is consistent with imaging noise or surface texture, not a defect.",,base,False,false_negative_missed_defect,none
flash_00067,/content/casting-defect-vlm/data/raw/output/defect_dataset/flash/flash_00067.jpg,flash/flash_00067.jpg,Defective,flash,prompt_1,"Classification: OK
Reason: The casting shows no visible cracks, porosity, or surface defects; the internal geometry and concentric rings appear intact and properly formed.
Confidence: 95%",OK,,95.0,ok,True,"The casting shows no visible cracks, porosity, or surface defects; the internal geometry and concentric rings appear intact and properly formed.",,base,False,false_negative_missed_defect,confidently_wrong
flash_00067,/content/casting-defect-vlm/data/raw/output/defect_dataset/flash/flash_00067.jpg,flash/flash_00067.jpg,Defective,flash,prompt_2,"Defect present: No
Defect type: Unknown
Evidence: The image shows a clean, symmetrical industrial casting (likely a pump impeller or similar component) with no visible cracks, porosity, inclusions, or surface irregularities. The metallic surfaces appear smooth and uniformly machined, with no signs of casting defects such as shrinkage cavities or cold shuts. However, without a reference dataset or known defect standards, it is impossible to confirm whether any subtle or microscopic defects exist.
Confidence: 95%",OK,,95.0,ok,True,"The image shows a clean, symmetrical industrial casting (likely a pump impeller or similar component) with no visible cracks, porosity, inclusions, or surface irregularities. The metallic surfaces appear smooth and uniformly machined, with no signs of casting defects such as shrinkage cavities or cold shuts. However, without a reference dataset or known defect standards, it is impossible to confirm whether any subtle or microscopic defects exist.",,base,False,false_negative_missed_defect,confidently_wrong
flash_00067,/content/casting-defect-vlm/data/raw/output/defect_dataset/flash/flash_00067.jpg,flash/flash_00067.jpg,Defective,flash,prompt_3,"Prediction: OK
Evidence: The image shows a casting with a smooth, uniform surface and no visible cracks, porosity, or surface defects. The internal structure appears consistent with a properly manufactured component, and there are no signs of machining errors or material inconsistencies. The concentric rings and central bore are well-defined, indicating good dimensional control and quality.
Confidence: High",OK,,,ok,True,"The image shows a casting with a smooth, uniform surface and no visible cracks, porosity, or surface defects. The internal structure appears consistent with a properly manufactured component, and there are no signs of machining errors or material inconsistencies. The concentric rings and central bore are well-defined, indicating good dimensional control and quality.",,base,False,false_negative_missed_defect,none
flash_00070,/content/casting-defect-vlm/data/raw/output/defect_dataset/flash/flash_00070.jpg,flash/flash_00070.jpg,Defective,flash,prompt_2,"Defect present: No
Defect type: Unknown
Evidence: The image shows a circular, concentric pattern that appears to be a casting or a manufactured part with uniform rings, possibly a filter or a vent. There are no visible cracks, porosity, inclusions, or surface irregularities that would indicate a defect. The image is heavily pixelated and noisy, which obscures fine details, but the overall structure appears consistent and intact. Without clear visual evidence of a defect and without a labeled dataset to cross-reference, no specific defect type can be identified.
Confidence: 70%",OK,,70.0,ok,True,"The image shows a circular, concentric pattern that appears to be a casting or a manufactured part with uniform rings, possibly a filter or a vent. There are no visible cracks, porosity, inclusions, or surface irregularities that would indicate a defect. The image is heavily pixelated and noisy, which obscures fine details, but the overall structure appears consistent and intact. Without clear visual evidence of a defect and without a labeled dataset to cross-reference, no specific defect type can be identified.",,base,False,false_negative_missed_defect,none
flash_00082,/content/casting-defect-vlm/data/raw/output/defect_dataset/flash/flash_00082.jpg,flash/flash_00082.jpg,Defective,flash,prompt_2,"Defect present: No
Defect type: Unknown
Evidence: The image shows a circular industrial casting with concentric rings, likely a bearing or similar component. The surface appears uniformly textured with no visible cracks, porosity, inclusions, or surface irregularities that would indicate a defect. However, the image quality is extremely noisy and pixelated, which obscures fine details and prevents definitive assessment of internal or microstructural defects.
Confidence: 30%",OK,,30.0,ok,True,"The image shows a circular industrial casting with concentric rings, likely a bearing or similar component. The surface appears uniformly textured with no visible cracks, porosity, inclusions, or surface irregularities that would indicate a defect. However, the image quality is extremely noisy and pixelated, which obscures fine details and prevents definitive assessment of internal or microstructural defects.",,base,False,false_negative_missed_defect,low_confidence
flash_00086,/content/casting-defect-vlm/data/raw/output/defect_dataset/flash/flash_00086.jpg,flash/flash_00086.jpg,Defective,flash,prompt_2,"Defect present: No
Defect type: Unknown
Evidence: The image shows a circular metallic component with a smooth, uniform surface and no visible cracks, pits, or surface irregularities. The internal structure appears intact, and the casting edges are clean. However, without additional context or reference to known defect standards, no specific defect type can be confidently identified.
Confidence: 90%",OK,,90.0,ok,True,"The image shows a circular metallic component with a smooth, uniform surface and no visible cracks, pits, or surface irregularities. The internal structure appears intact, and the casting edges are clean. However, without additional context or reference to known defect standards, no specific defect type can be confidently identified.",,base,False,false_negative_missed_defect,confidently_wrong
flash_00086,/content/casting-defect-vlm/data/raw/output/defect_dataset/flash/flash_00086.jpg,flash/flash_00086.jpg,Defective,flash,prompt_3,"Prediction: OK
Evidence: The casting shows no visible surface defects such as cracks, porosity, inclusions, or excessive flash. The concentric rings and internal structure appear uniform and well-defined, with no signs of warping or machining inconsistencies. The black square in the upper right is likely a placeholder or artifact and does not indicate a defect in the casting itself. All visual features are consistent with a properly manufactured casting.
Confidence: High",OK,,,ok,True,"The casting shows no visible surface defects such as cracks, porosity, inclusions, or excessive flash. The concentric rings and internal structure appear uniform and well-defined, with no signs of warping or machining inconsistencies. The black square in the upper right is likely a placeholder or artifact and does not indicate a defect in the casting itself. All visual features are consistent with a properly manufactured casting.",,base,False,false_negative_missed_defect,none
inclusion_00083,/content/casting-defect-vlm/data/raw/output/defect_dataset/inclusion/inclusion_00083.jpg,inclusion/inclusion_00083.jpg,Defective,inclusion,prompt_2,"Defect present: No
Defect type: Unknown
Evidence: The image shows a circular industrial casting with concentric rings and small white spots, which may be reflective or surface imperfections but do not clearly indicate a manufacturing defect such as porosity, cracks, or inclusions. The image quality is low (pixelated), making it difficult to definitively assess for defects.
Confidence: 30%",OK,,30.0,ok,True,"The image shows a circular industrial casting with concentric rings and small white spots, which may be reflective or surface imperfections but do not clearly indicate a manufacturing defect such as porosity, cracks, or inclusions. The image quality is low (pixelated), making it difficult to definitively assess for defects.",,base,False,false_negative_missed_defect,low_confidence
inclusion_00099,/content/casting-defect-vlm/data/raw/output/defect_dataset/inclusion/inclusion_00099.jpg,inclusion/inclusion_00099.jpg,Defective,inclusion,prompt_3,"Prediction: OK
Evidence: The casting shows a clean, concentric circular structure with no visible cracks, porosity, or surface defects. The internal and external surfaces appear smooth and well-defined, consistent with a properly manufactured casting. There are no signs of material inclusions or dimensional irregularities that would indicate a defect.
Confidence: High",OK,,,ok,True,"The casting shows a clean, concentric circular structure with no visible cracks, porosity, or surface defects. The internal and external surfaces appear smooth and well-defined, consistent with a properly manufactured casting. There are no signs of material inclusions or dimensional irregularities that would indicate a defect.",,base,False,false_negative_missed_defect,none
mixed_defects_00022,/content/casting-defect-vlm/data/raw/output/defect_dataset/mixed_defects/mixed_defects_00022.jpg,mixed_defects/mixed_defects_00022.jpg,Defective,mixed_defects,prompt_3,"Prediction: OK
Evidence: The image shows a circular metallic casting with a central bore and concentric rings, consistent with a typical manufactured part. There are no visible cracks, chips, porosity, or surface defects that would indicate a defect. The surface appears uniform and the casting is properly aligned on the inspection surface. The single diagonal line is likely an artifact of the imaging setup or a measurement line, not a defect.
Confidence: High",OK,,,ok,True,"The image shows a circular metallic casting with a central bore and concentric rings, consistent with a typical manufactured part. There are no visible cracks, chips, porosity, or surface defects that would indicate a defect. The surface appears uniform and the casting is properly aligned on the inspection surface. The single diagonal line is likely an artifact of the imaging setup or a measurement line, not a defect.",,base,False,false_negative_missed_defect,none
mixed_defects_00057,/content/casting-defect-vlm/data/raw/output/defect_dataset/mixed_defects/mixed_defects_00057.jpg,mixed_defects/mixed_defects_00057.jpg,Defective,mixed_defects,prompt_2,"Defect present: No
Defect type: Unknown
Evidence: The image shows a circular, concentric structure with a central hole and surrounding rings, consistent with a casting such as a turbine blade or a similar component. There are no visible cracks, porosity, inclusions, or surface irregularities that would indicate a defect. The image is noisy and pixelated, which may obscure fine details, but the overall structure appears uniform and intact. Without a reference dataset or known defect patterns, no specific defect type can be confidently identified.
Confidence: 70%",OK,,70.0,ok,True,"The image shows a circular, concentric structure with a central hole and surrounding rings, consistent with a casting such as a turbine blade or a similar component. There are no visible cracks, porosity, inclusions, or surface irregularities that would indicate a defect. The image is noisy and pixelated, which may obscure fine details, but the overall structure appears uniform and intact. Without a reference dataset or known defect patterns, no specific defect type can be confidently identified.",,base,False,false_negative_missed_defect,none
ok_00000,/content/casting-defect-vlm/data/raw/output/defect_dataset/ok/ok_00000.jpg,ok/ok_00000.jpg,OK,ok,prompt_1,"Classification: Defective
Reason: Visible internal porosity or voids in the center of the casting, indicating incomplete filling or gas inclusion during the casting process.
Confidence: 85%",Defective,Unknown,85.0,Unmatched,True,"Visible internal porosity or voids in the center of the casting, indicating incomplete filling or gas inclusion during the casting process.",,base,False,false_positive_false_alarm,none
ok_00005,/content/casting-defect-vlm/data/raw/output/defect_dataset/ok/ok_00005.jpg,ok/ok_00005.jpg,OK,ok,prompt_1,"Classification: Defective
Reason: A large, dark, irregularly shaped void or inclusion is visible in the center of the casting, indicating a manufacturing defect.
Confidence: 95%",Defective,Unknown,95.0,Unmatched,True,"A large, dark, irregularly shaped void or inclusion is visible in the center of the casting, indicating a manufacturing defect.",,base,False,false_positive_false_alarm,confidently_wrong
ok_00005,/content/casting-defect-vlm/data/raw/output/defect_dataset/ok/ok_00005.jpg,ok/ok_00005.jpg,OK,ok,prompt_2,"Defect present: Yes
Defect type: Unknown
Evidence: The image shows a circular metallic component with a central hole and concentric rings, possibly a bearing or shaft. There is a noticeable dark, irregularly shaped area near the center, which may indicate internal porosity, inclusions, or a machining defect. However, without reference to a known defect database or additional context (e.g., material type, manufacturing process, or dimensional tolerances), it is not possible to definitively classify the defect type. The black square obscuring part of the image also complicates analysis.
Confidence: 60%",Defective,Unknown,60.0,Unmatched,True,"The image shows a circular metallic component with a central hole and concentric rings, possibly a bearing or shaft. There is a noticeable dark, irregularly shaped area near the center, which may indicate internal porosity, inclusions, or a machining defect. However, without reference to a known defect database or additional context (e.g., material type, manufacturing process, or dimensional tolerances), it is not possible to definitively classify the defect type. The black square obscuring part of the image also complicates analysis.",,base,False,false_positive_false_alarm,none
ok_00005,/content/casting-defect-vlm/data/raw/output/defect_dataset/ok/ok_00005.jpg,ok/ok_00005.jpg,OK,ok,prompt_3,"Prediction: Defective
Evidence: The image shows a casting with a dark, irregularly shaped void or inclusion in the center, which is not consistent with a properly solidified casting. The presence of this void suggests a manufacturing defect such as porosity or incomplete filling.
Confidence: High",Defective,Unknown,,Unmatched,True,"The image shows a casting with a dark, irregularly shaped void or inclusion in the center, which is not consistent with a properly solidified casting. The presence of this void suggests a manufacturing defect such as porosity or incomplete filling.",,base,False,false_positive_false_alarm,none
ok_00030,/content/casting-defect-vlm/data/raw/output/defect_dataset/ok/ok_00030.jpg,ok/ok_00030.jpg,OK,ok,prompt_1,"Classification: Defective
Reason: The image shows significant grainy noise and poor contrast, suggesting a defective scan or image capture rather than a clean casting surface. No clear evidence of casting defects like porosity, inclusions, or surface cracks is visible due to image quality issues, but the visual artifacts indicate the image is unreliable for quality inspection.
Confidence: 60%",Defective,Unknown,60.0,Unmatched,True,"The image shows significant grainy noise and poor contrast, suggesting a defective scan or image capture rather than a clean casting surface. No clear evidence of casting defects like porosity, inclusions, or surface cracks is visible due to image quality issues, but the visual artifacts indicate the image is unreliable for quality inspection.",,base,False,false_positive_false_alarm,none
ok_00030,/content/casting-defect-vlm/data/raw/output/defect_dataset/ok/ok_00030.jpg,ok/ok_00030.jpg,OK,ok,prompt_3,"Prediction: Defective
Evidence: The image exhibits significant grainy noise and pixelation, which obscures fine details and structural integrity of the casting. The concentric circular features appear blurred and indistinct, making it impossible to visually verify dimensional accuracy, surface finish, or presence of defects (e.g., porosity, cracks, or misalignment) that would be critical for quality inspection. The visual quality is insufficient to determine if the casting meets specifications.
Confidence: High",Defective,Unknown,,Unmatched,True,"The image exhibits significant grainy noise and pixelation, which obscures fine details and structural integrity of the casting. The concentric circular features appear blurred and indistinct, making it impossible to visually verify dimensional accuracy, surface finish, or presence of defects (e.g., porosity, cracks, or misalignment) that would be critical for quality inspection. The visual quality is insufficient to determine if the casting meets specifications.",,base,False,false_positive_false_alarm,none
ok_00099,/content/casting-defect-vlm/data/raw/output/defect_dataset/ok/ok_00099.jpg,ok/ok_00099.jpg,OK,ok,prompt_1,"Classification: Defective
Reason: A large black square obscures the internal structure, suggesting a missing or damaged section, likely a casting defect such as incomplete fill or porosity.
Confidence: 85%",Defective,Unknown,85.0,Unmatched,True,"A large black square obscures the internal structure, suggesting a missing or damaged section, likely a casting defect such as incomplete fill or porosity.",,base,False,false_positive_false_alarm,none
ok_00099,/content/casting-defect-vlm/data/raw/output/defect_dataset/ok/ok_00099.jpg,ok/ok_00099.jpg,OK,ok,prompt_2,"Defect present: Yes
Defect type: Inclusion
Evidence: A dark, irregularly shaped void or inclusion is visible within the central region of the casting, contrasting with the surrounding metallic material. This suggests a non-metallic foreign particle or void trapped during the casting process.
Confidence: 85%",Defective,Inclusion,85.0,inclusion,True,"A dark, irregularly shaped void or inclusion is visible within the central region of the casting, contrasting with the surrounding metallic material. This suggests a non-metallic foreign particle or void trapped during the casting process.",,base,False,false_positive_false_alarm,hallucinated_defect_type
ok_00099,/content/casting-defect-vlm/data/raw/output/defect_dataset/ok/ok_00099.jpg,ok/ok_00099.jpg,OK,ok,prompt_3,"Prediction: Defective
Evidence: The image shows a casting with a large, irregularly shaped black void or inclusion located centrally within the circular cross-section. This void is not consistent with a properly cast, solid metal part and suggests a manufacturing defect such as porosity, shrinkage, or incomplete filling. The surrounding metal appears to have a machined or polished finish, but the presence of the void indicates a failure in the casting process.
Confidence: High",Defective,Unknown,,Unmatched,True,"The image shows a casting with a large, irregularly shaped black void or inclusion located centrally within the circular cross-section. This void is not consistent with a properly cast, solid metal part and suggests a manufacturing defect such as porosity, shrinkage, or incomplete filling. The surrounding metal appears to have a machined or polished finish, but the presence of the void indicates a failure in the casting process.",,base,False,false_positive_false_alarm,none
pinhole_00014,/content/casting-defect-vlm/data/raw/output/defect_dataset/pinhole/pinhole_00014.jpg,pinhole/pinhole_00014.jpg,Defective,pinhole,prompt_3,"Prediction: OK
Evidence: The image shows a circular casting with concentric rings and a central hole, consistent with a typical manufactured part. There are no visible cracks, porosity, inclusions, or surface defects that would indicate a defect. The edges appear smooth and the internal structure is uniform, with no signs of damage or irregularities. The scattered black dots are likely noise or artifacts from the imaging process and do not represent actual defects.
Confidence: High",OK,,,ok,True,"The image shows a circular casting with concentric rings and a central hole, consistent with a typical manufactured part. There are no visible cracks, porosity, inclusions, or surface defects that would indicate a defect. The edges appear smooth and the internal structure is uniform, with no signs of damage or irregularities. The scattered black dots are likely noise or artifacts from the imaging process and do not represent actual defects.",,base,False,false_negative_missed_defect,none
pinhole_00021,/content/casting-defect-vlm/data/raw/output/defect_dataset/pinhole/pinhole_00021.jpg,pinhole/pinhole_00021.jpg,Defective,pinhole,prompt_2,"Defect present: No
Defect type: Unknown
Evidence: The image shows a circular, concentric pattern consistent with a casting’s cross-section (possibly a speaker cone or similar component), with no visible cracks, porosity, inclusions, or surface irregularities that would indicate a defect. The image quality is low (pixelated, grainy), which obscures fine details, but the overall structure appears uniform and intact.
Confidence: 70%",OK,,70.0,ok,True,"The image shows a circular, concentric pattern consistent with a casting’s cross-section (possibly a speaker cone or similar component), with no visible cracks, porosity, inclusions, or surface irregularities that would indicate a defect. The image quality is low (pixelated, grainy), which obscures fine details, but the overall structure appears uniform and intact.",,base,False,false_negative_missed_defect,none
pinhole_00044,/content/casting-defect-vlm/data/raw/output/defect_dataset/pinhole/pinhole_00044.jpg,pinhole/pinhole_00044.jpg,Defective,pinhole,prompt_2,"Defect present: No
Defect type: Unknown
Evidence: The image shows a circular industrial casting with a central bore and concentric rings. The surface appears generally uniform with no obvious cracks, porosity, inclusions, or surface roughness that would indicate a defect. The internal structure shows a pattern consistent with casting flow, but no clear defect markers are visible. Without reference to a specific defect database or known standards, no defect can be confidently identified.
Confidence: 70%",OK,,70.0,ok,True,"The image shows a circular industrial casting with a central bore and concentric rings. The surface appears generally uniform with no obvious cracks, porosity, inclusions, or surface roughness that would indicate a defect. The internal structure shows a pattern consistent with casting flow, but no clear defect markers are visible. Without reference to a specific defect database or known standards, no defect can be confidently identified.",,base,False,false_negative_missed_defect,none
pinhole_00044,/content/casting-defect-vlm/data/raw/output/defect_dataset/pinhole/pinhole_00044.jpg,pinhole/pinhole_00044.jpg,Defective,pinhole,prompt_3,"Prediction: OK
Evidence: The image shows a circular metal casting with a central bore and concentric rings. There are no visible cracks, porosity, inclusions, or surface defects that would indicate a manufacturing defect. The surface appears uniform and the internal structure is consistent with a properly cast component. The black dots in the image are likely artifacts or noise from the imaging process, not defects.
Confidence: High",OK,,,ok,True,"The image shows a circular metal casting with a central bore and concentric rings. There are no visible cracks, porosity, inclusions, or surface defects that would indicate a manufacturing defect. The surface appears uniform and the internal structure is consistent with a properly cast component. The black dots in the image are likely artifacts or noise from the imaging process, not defects.",,base,False,false_negative_missed_defect,none
pinhole_00046,/content/casting-defect-vlm/data/raw/output/defect_dataset/pinhole/pinhole_00046.jpg,pinhole/pinhole_00046.jpg,Defective,pinhole,prompt_2,"Defect present: No
Defect type: Unknown
Evidence: The image shows a circular industrial casting with concentric rings, likely a speaker or similar component. The surface appears generally uniform with no visible cracks, porosity, inclusions, or surface irregularities that would indicate a defect. However, the image quality is very low (high noise, pixelation), which obscures fine details and makes it impossible to definitively assess for subtle defects. Without higher resolution or additional context, no defect can be confirmed.
Confidence: 30%",OK,,30.0,ok,True,"The image shows a circular industrial casting with concentric rings, likely a speaker or similar component. The surface appears generally uniform with no visible cracks, porosity, inclusions, or surface irregularities that would indicate a defect. However, the image quality is very low (high noise, pixelation), which obscures fine details and makes it impossible to definitively assess for subtle defects. Without higher resolution or additional context, no defect can be confirmed.",,base,False,false_negative_missed_defect,low_confidence
pinhole_00048,/content/casting-defect-vlm/data/raw/output/defect_dataset/pinhole/pinhole_00048.jpg,pinhole/pinhole_00048.jpg,Defective,pinhole,prompt_3,"Prediction: OK
Evidence: The casting shows no visible cracks, porosity, or surface defects. The concentric rings and central hole are well-defined, with consistent material texture and no signs of deformation or contamination. Minor specks on the surface are likely dust or imperfections from handling, not structural defects. No evidence of dimensional deviation or material failure is present.
Confidence: High",OK,,,ok,True,"The casting shows no visible cracks, porosity, or surface defects. The concentric rings and central hole are well-defined, with consistent material texture and no signs of deformation or contamination. Minor specks on the surface are likely dust or imperfections from handling, not structural defects. No evidence of dimensional deviation or material failure is present.",,base,False,false_negative_missed_defect,none
pinhole_00051,/content/casting-defect-vlm/data/raw/output/defect_dataset/pinhole/pinhole_00051.jpg,pinhole/pinhole_00051.jpg,Defective,pinhole,prompt_2,"Defect present: No
Defect type: Unknown
Evidence: The image shows a symmetrical, concentric circular pattern with no visible cracks, porosity, inclusions, or surface irregularities that would indicate a casting defect. The structure appears uniform and consistent with a well-formed casting, though the image quality is low and pixelated, which limits detailed analysis.
Confidence: 70%",OK,,70.0,ok,True,"The image shows a symmetrical, concentric circular pattern with no visible cracks, porosity, inclusions, or surface irregularities that would indicate a casting defect. The structure appears uniform and consistent with a well-formed casting, though the image quality is low and pixelated, which limits detailed analysis.",,base,False,false_negative_missed_defect,none
pinhole_00051,/content/casting-defect-vlm/data/raw/output/defect_dataset/pinhole/pinhole_00051.jpg,pinhole/pinhole_00051.jpg,Defective,pinhole,prompt_3,"Prediction: OK
Evidence: The image shows a circular casting with concentric rings and no visible cracks, porosity, or surface defects. The edges are clean and the structure appears uniform, consistent with a well-manufactured casting. There are no signs of material inconsistencies or dimensional deviations that would indicate a defect.
Confidence: High",OK,,,ok,True,"The image shows a circular casting with concentric rings and no visible cracks, porosity, or surface defects. The edges are clean and the structure appears uniform, consistent with a well-manufactured casting. There are no signs of material inconsistencies or dimensional deviations that would indicate a defect.",,base,False,false_negative_missed_defect,none
pinhole_00052,/content/casting-defect-vlm/data/raw/output/defect_dataset/pinhole/pinhole_00052.jpg,pinhole/pinhole_00052.jpg,Defective,pinhole,prompt_2,"Defect present: No
Defect type: Unknown
Evidence: The image shows a metallic casting with a central hub and radial grooves, typical of a pump impeller or similar mechanical component. There are no obvious signs of cracks, porosity, inclusions, or surface irregularities that would indicate a defect. The surface appears uniform and the internal structure is consistent with expected manufacturing. However, without reference standards or known defect patterns from the dataset, it is not possible to definitively classify any anomaly.
Confidence: 90%",OK,,90.0,ok,True,"The image shows a metallic casting with a central hub and radial grooves, typical of a pump impeller or similar mechanical component. There are no obvious signs of cracks, porosity, inclusions, or surface irregularities that would indicate a defect. The surface appears uniform and the internal structure is consistent with expected manufacturing. However, without reference standards or known defect patterns from the dataset, it is not possible to definitively classify any anomaly.",,base,False,false_negative_missed_defect,confidently_wrong
pinhole_00052,/content/casting-defect-vlm/data/raw/output/defect_dataset/pinhole/pinhole_00052.jpg,pinhole/pinhole_00052.jpg,Defective,pinhole,prompt_3,"Prediction: OK
Evidence: The image shows a casting with a clean, symmetrical internal structure and no visible cracks, porosity, or surface defects. The concentric rings and internal geometry appear well-formed and consistent with a properly manufactured part. There are no signs of material inclusions or dimensional irregularities that would indicate a defect.
Confidence: High",OK,,,ok,True,"The image shows a casting with a clean, symmetrical internal structure and no visible cracks, porosity, or surface defects. The concentric rings and internal geometry appear well-formed and consistent with a properly manufactured part. There are no signs of material inclusions or dimensional irregularities that would indicate a defect.",,base,False,false_negative_missed_defect,none
pinhole_00053,/content/casting-defect-vlm/data/raw/output/defect_dataset/pinhole/pinhole_00053.jpg,pinhole/pinhole_00053.jpg,Defective,pinhole,prompt_2,"Defect present: No
Defect type: Unknown
Evidence: The image shows a circular, concentric structure consistent with a casting (possibly a duct or pipe), with no obvious surface cracks, porosity, inclusions, or dimensional irregularities visible. The grainy texture is likely due to image quality or noise, not a defect. No labeling or context suggests a specific defect type.
Confidence: 90%",OK,,90.0,ok,True,"The image shows a circular, concentric structure consistent with a casting (possibly a duct or pipe), with no obvious surface cracks, porosity, inclusions, or dimensional irregularities visible. The grainy texture is likely due to image quality or noise, not a defect. No labeling or context suggests a specific defect type.",,base,False,false_negative_missed_defect,confidently_wrong
pinhole_00061,/content/casting-defect-vlm/data/raw/output/defect_dataset/pinhole/pinhole_00061.jpg,pinhole/pinhole_00061.jpg,Defective,pinhole,prompt_2,"Defect present: No
Defect type: Unknown
Evidence: The image shows a symmetrical, concentric circular structure with smooth inner and outer surfaces, consistent with a well-cast cylindrical component. There are no visible cracks, porosity, inclusions, or surface irregularities that would indicate a defect. The scattered dark specks may be noise or artifacts from imaging, not defects. Without reference to a specific defect database or known standards, no defect type can be confidently assigned.
Confidence: 90%",OK,,90.0,ok,True,"The image shows a symmetrical, concentric circular structure with smooth inner and outer surfaces, consistent with a well-cast cylindrical component. There are no visible cracks, porosity, inclusions, or surface irregularities that would indicate a defect. The scattered dark specks may be noise or artifacts from imaging, not defects. Without reference to a specific defect database or known standards, no defect type can be confidently assigned.",,base,False,false_negative_missed_defect,confidently_wrong
pinhole_00061,/content/casting-defect-vlm/data/raw/output/defect_dataset/pinhole/pinhole_00061.jpg,pinhole/pinhole_00061.jpg,Defective,pinhole,prompt_3,"Prediction: OK
Evidence: The image shows a circular casting with concentric rings and a central bore. There are no visible cracks, porosity, inclusions, or surface defects that would indicate a manufacturing defect. The structure appears uniform and well-defined, consistent with a properly cast part. The scattered dark specks are likely noise or minor surface imperfections not indicative of a defect in the casting itself.
Confidence: High",OK,,,ok,True,"The image shows a circular casting with concentric rings and a central bore. There are no visible cracks, porosity, inclusions, or surface defects that would indicate a manufacturing defect. The structure appears uniform and well-defined, consistent with a properly cast part. The scattered dark specks are likely noise or minor surface imperfections not indicative of a defect in the casting itself.",,base,False,false_negative_missed_defect,none
pinhole_00062,/content/casting-defect-vlm/data/raw/output/defect_dataset/pinhole/pinhole_00062.jpg,pinhole/pinhole_00062.jpg,Defective,pinhole,prompt_1,"Classification: OK
Reason: The casting shows no visible cracks, porosity, or surface defects; the internal geometry and concentric rings appear intact and properly formed.
Confidence: 95%",OK,,95.0,ok,True,"The casting shows no visible cracks, porosity, or surface defects; the internal geometry and concentric rings appear intact and properly formed.",,base,False,false_negative_missed_defect,confidently_wrong
pinhole_00062,/content/casting-defect-vlm/data/raw/output/defect_dataset/pinhole/pinhole_00062.jpg,pinhole/pinhole_00062.jpg,Defective,pinhole,prompt_2,"Defect present: No
Defect type: Unknown
Evidence: The image shows a circular metallic casting with a central bore and internal ribbing, consistent with a pump impeller or similar component. There are no visible cracks, porosity, inclusions, or surface irregularities that would indicate a defect. The surface appears uniform and the internal structure is intact. However, without reference to a specific defect database or known standards, no definitive defect classification can be made.
Confidence: 95%",OK,,95.0,ok,True,"The image shows a circular metallic casting with a central bore and internal ribbing, consistent with a pump impeller or similar component. There are no visible cracks, porosity, inclusions, or surface irregularities that would indicate a defect. The surface appears uniform and the internal structure is intact. However, without reference to a specific defect database or known standards, no definitive defect classification can be made.",,base,False,false_negative_missed_defect,confidently_wrong
pinhole_00062,/content/casting-defect-vlm/data/raw/output/defect_dataset/pinhole/pinhole_00062.jpg,pinhole/pinhole_00062.jpg,Defective,pinhole,prompt_3,"Prediction: OK
Evidence: The image shows a circular casting with a central bore and concentric rings, exhibiting uniform surface texture, no visible cracks, porosity, or dimensional deviations. The internal structure appears consistent with a properly manufactured casting. No defects are visually evident based on the provided image.
Confidence: High",OK,,,ok,True,"The image shows a circular casting with a central bore and concentric rings, exhibiting uniform surface texture, no visible cracks, porosity, or dimensional deviations. The internal structure appears consistent with a properly manufactured casting. No defects are visually evident based on the provided image.",,base,False,false_negative_missed_defect,none
pinhole_00065,/content/casting-defect-vlm/data/raw/output/defect_dataset/pinhole/pinhole_00065.jpg,pinhole/pinhole_00065.jpg,Defective,pinhole,prompt_2,"Defect present: No
Defect type: Unknown
Evidence: The image shows a circular cross-section of a casting with concentric rings and a central bore. There are no obvious signs of cracks, porosity, inclusions, or surface irregularities that would indicate a defect. The internal structure appears uniform and well-defined, though the image quality is low and some speckles may be noise or minor surface imperfections not indicative of a manufacturing defect.
Confidence: 85%",OK,,85.0,ok,True,"The image shows a circular cross-section of a casting with concentric rings and a central bore. There are no obvious signs of cracks, porosity, inclusions, or surface irregularities that would indicate a defect. The internal structure appears uniform and well-defined, though the image quality is low and some speckles may be noise or minor surface imperfections not indicative of a manufacturing defect.",,base,False,false_negative_missed_defect,none
pinhole_00065,/content/casting-defect-vlm/data/raw/output/defect_dataset/pinhole/pinhole_00065.jpg,pinhole/pinhole_00065.jpg,Defective,pinhole,prompt_3,"Prediction: OK
Evidence: The image shows a circular casting with concentric rings and a central bore. There are no visible cracks, porosity, inclusions, or dimensional deviations that would indicate a defect. The surface appears uniform and the internal structure is consistent with a properly manufactured casting. The scattered black dots are likely noise or artifacts from the imaging process and do not represent actual defects.
Confidence: High",OK,,,ok,True,"The image shows a circular casting with concentric rings and a central bore. There are no visible cracks, porosity, inclusions, or dimensional deviations that would indicate a defect. The surface appears uniform and the internal structure is consistent with a properly manufactured casting. The scattered black dots are likely noise or artifacts from the imaging process and do not represent actual defects.",,base,False,false_negative_missed_defect,none
pinhole_00066,/content/casting-defect-vlm/data/raw/output/defect_dataset/pinhole/pinhole_00066.jpg,pinhole/pinhole_00066.jpg,Defective,pinhole,prompt_3,"Prediction: OK
Evidence: The image shows a metallic casting with a smooth, uniform surface and no visible cracks, porosity, or significant surface defects. The internal structure appears consistent with a properly manufactured component, and the blackened area in the center is likely intentional (e.g., a shadow or coating) and not a defect. There are no signs of machining errors or material inconsistencies that would indicate a defect.
Confidence: High",OK,,,ok,True,"The image shows a metallic casting with a smooth, uniform surface and no visible cracks, porosity, or significant surface defects. The internal structure appears consistent with a properly manufactured component, and the blackened area in the center is likely intentional (e.g., a shadow or coating) and not a defect. There are no signs of machining errors or material inconsistencies that would indicate a defect.",,base,False,false_negative_missed_defect,none
pinhole_00068,/content/casting-defect-vlm/data/raw/output/defect_dataset/pinhole/pinhole_00068.jpg,pinhole/pinhole_00068.jpg,Defective,pinhole,prompt_1,"Classification: OK
Reason: The casting shows no visible cracks, porosity, or surface defects; the internal geometry and concentric rings appear uniform and well-defined, indicating proper manufacturing.
Confidence: 95%",OK,,95.0,ok,True,"The casting shows no visible cracks, porosity, or surface defects; the internal geometry and concentric rings appear uniform and well-defined, indicating proper manufacturing.",,base,False,false_negative_missed_defect,confidently_wrong
pinhole_00068,/content/casting-defect-vlm/data/raw/output/defect_dataset/pinhole/pinhole_00068.jpg,pinhole/pinhole_00068.jpg,Defective,pinhole,prompt_2,"Defect present: No
Defect type: Unknown
Evidence: The image shows a metallic casting with a central bore and internal vanes, likely a pump impeller or turbine component. The surface appears generally smooth with no obvious cracks, porosity, inclusions, or surface pitting visible. The geometry is consistent and the internal structure is intact. However, without reference to a specific defect database or known standards, it is not possible to confirm or rule out subtle defects such as micro-cracks or shrinkage cavities that may not be visible at this resolution or under this lighting. Therefore, defect type cannot be established.
Confidence",OK,,,ok,True,"The image shows a metallic casting with a central bore and internal vanes, likely a pump impeller or turbine component. The surface appears generally smooth with no obvious cracks, porosity, inclusions, or surface pitting visible. The geometry is consistent and the internal structure is intact. However, without reference to a specific defect database or known standards, it is not possible to confirm or rule out subtle defects such as micro-cracks or shrinkage cavities that may not be visible at this resolution or under this lighting. Therefore, defect type cannot be established.",,base,False,false_negative_missed_defect,none
pinhole_00068,/content/casting-defect-vlm/data/raw/output/defect_dataset/pinhole/pinhole_00068.jpg,pinhole/pinhole_00068.jpg,Defective,pinhole,prompt_3,"Prediction: OK
Evidence: The image shows a casting with a clean, symmetrical circular cross-section and no visible cracks, porosity, or surface defects. The internal structure appears uniform, and the outer ring and inner bore are well-defined with no signs of deformation or contamination. The grayscale contrast highlights the metallic texture without indicating defects.
Confidence: High",OK,,,ok,True,"The image shows a casting with a clean, symmetrical circular cross-section and no visible cracks, porosity, or surface defects. The internal structure appears uniform, and the outer ring and inner bore are well-defined with no signs of deformation or contamination. The grayscale contrast highlights the metallic texture without indicating defects.",,base,False,false_negative_missed_defect,none
pinhole_00070,/content/casting-defect-vlm/data/raw/output/defect_dataset/pinhole/pinhole_00070.jpg,pinhole/pinhole_00070.jpg,Defective,pinhole,prompt_2,"Defect present: No
Defect type: Unknown
Evidence: The image shows a circular industrial casting with a smooth, uniform surface and no visible cracks, porosity, inclusions, or surface irregularities that would indicate a defect. The internal structure appears consistent with a typical casting, though the image quality is grainy and lacks fine detail to definitively rule out microscopic defects. Without reference to a labeled dataset or known defect standards, no specific defect type can be identified.
Confidence: 70%",OK,,70.0,ok,True,"The image shows a circular industrial casting with a smooth, uniform surface and no visible cracks, porosity, inclusions, or surface irregularities that would indicate a defect. The internal structure appears consistent with a typical casting, though the image quality is grainy and lacks fine detail to definitively rule out microscopic defects. Without reference to a labeled dataset or known defect standards, no specific defect type can be identified.",,base,False,false_negative_missed_defect,none
pinhole_00070,/content/casting-defect-vlm/data/raw/output/defect_dataset/pinhole/pinhole_00070.jpg,pinhole/pinhole_00070.jpg,Defective,pinhole,prompt_3,"Prediction: OK
Evidence: The casting shows no visible cracks, porosity, or surface defects. The concentric rings and internal structure appear uniform and well-defined, with no signs of deformation or contamination. The surface texture is consistent with a machined or cast metal part, and there are no obvious imperfections or irregularities that would indicate a defect.
Confidence: High",OK,,,ok,True,"The casting shows no visible cracks, porosity, or surface defects. The concentric rings and internal structure appear uniform and well-defined, with no signs of deformation or contamination. The surface texture is consistent with a machined or cast metal part, and there are no obvious imperfections or irregularities that would indicate a defect.",,base,False,false_negative_missed_defect,none
pinhole_00071,/content/casting-defect-vlm/data/raw/output/defect_dataset/pinhole/pinhole_00071.jpg,pinhole/pinhole_00071.jpg,Defective,pinhole,prompt_1,"Classification: OK
Reason: The casting shows no visible cracks, porosity, or dimensional defects; the internal structure appears uniform and the surface is smooth with minor speckles consistent with casting texture.
Confidence: 95%",OK,,95.0,ok,True,"The casting shows no visible cracks, porosity, or dimensional defects; the internal structure appears uniform and the surface is smooth with minor speckles consistent with casting texture.",,base,False,false_negative_missed_defect,confidently_wrong
pinhole_00071,/content/casting-defect-vlm/data/raw/output/defect_dataset/pinhole/pinhole_00071.jpg,pinhole/pinhole_00071.jpg,Defective,pinhole,prompt_2,"Defect present: No
Defect type: Unknown
Evidence: The image shows a metallic casting with a central hub and a surrounding ring, exhibiting a smooth, uniform surface with no visible cracks, porosity, inclusions, or surface irregularities that would indicate a defect. The internal structure appears consistent with a machined or cast component, and the overall appearance is clean and intact. Without additional context or reference standards, no specific defect type can be confidently identified.
Confidence: 95%",OK,,95.0,ok,True,"The image shows a metallic casting with a central hub and a surrounding ring, exhibiting a smooth, uniform surface with no visible cracks, porosity, inclusions, or surface irregularities that would indicate a defect. The internal structure appears consistent with a machined or cast component, and the overall appearance is clean and intact. Without additional context or reference standards, no specific defect type can be confidently identified.",,base,False,false_negative_missed_defect,confidently_wrong
pinhole_00071,/content/casting-defect-vlm/data/raw/output/defect_dataset/pinhole/pinhole_00071.jpg,pinhole/pinhole_00071.jpg,Defective,pinhole,prompt_3,"Prediction: OK
Evidence: The casting shows no visible cracks, porosity, or surface defects. The metallic surface appears uniform and smooth, with no signs of warping or material inconsistencies. The internal structure is clean and properly formed, with no evidence of incomplete filling or flash. The overall geometry is intact and consistent with a well-manufactured part.
Confidence: High",OK,,,ok,True,"The casting shows no visible cracks, porosity, or surface defects. The metallic surface appears uniform and smooth, with no signs of warping or material inconsistencies. The internal structure is clean and properly formed, with no evidence of incomplete filling or flash. The overall geometry is intact and consistent with a well-manufactured part.",,base,False,false_negative_missed_defect,none
pinhole_00072,/content/casting-defect-vlm/data/raw/output/defect_dataset/pinhole/pinhole_00072.jpg,pinhole/pinhole_00072.jpg,Defective,pinhole,prompt_2,"Defect present: No
Defect type: Unknown
Evidence: The image shows a metallic casting with a central hub and surrounding ring, exhibiting a smooth, uniform surface with no visible cracks, porosity, inclusions, or surface irregularities that would indicate a defect. The internal structure appears intact and symmetrical. Without additional context or reference standards, no specific defect type can be confidently identified.
Confidence: 95%",OK,,95.0,ok,True,"The image shows a metallic casting with a central hub and surrounding ring, exhibiting a smooth, uniform surface with no visible cracks, porosity, inclusions, or surface irregularities that would indicate a defect. The internal structure appears intact and symmetrical. Without additional context or reference standards, no specific defect type can be confidently identified.",,base,False,false_negative_missed_defect,confidently_wrong
pinhole_00072,/content/casting-defect-vlm/data/raw/output/defect_dataset/pinhole/pinhole_00072.jpg,pinhole/pinhole_00072.jpg,Defective,pinhole,prompt_3,"Prediction: OK
Evidence: The image shows a metallic casting with a central hub and surrounding ring. There are no visible cracks, porosity, inclusions, or surface defects that would indicate a manufacturing defect. The surfaces appear smooth and consistent, with no signs of damage or irregularities. The internal structure is intact and symmetrical.
Confidence: High",OK,,,ok,True,"The image shows a metallic casting with a central hub and surrounding ring. There are no visible cracks, porosity, inclusions, or surface defects that would indicate a manufacturing defect. The surfaces appear smooth and consistent, with no signs of damage or irregularities. The internal structure is intact and symmetrical.",,base,False,false_negative_missed_defect,none
pinhole_00083,/content/casting-defect-vlm/data/raw/output/defect_dataset/pinhole/pinhole_00083.jpg,pinhole/pinhole_00083.jpg,Defective,pinhole,prompt_2,"Defect present: No
Defect type: Unknown
Evidence: The image shows a clean, symmetrical industrial casting with no visible cracks, porosity, inclusions, or surface irregularities. The internal geometry appears consistent, and the outer hexagonal shape is well-defined. However, without a reference dataset or known defect standards, it is impossible to confirm or rule out subtle or microscopic defects.
Confidence: 90%",OK,,90.0,ok,True,"The image shows a clean, symmetrical industrial casting with no visible cracks, porosity, inclusions, or surface irregularities. The internal geometry appears consistent, and the outer hexagonal shape is well-defined. However, without a reference dataset or known defect standards, it is impossible to confirm or rule out subtle or microscopic defects.",,base,False,false_negative_missed_defect,confidently_wrong
pinhole_00083,/content/casting-defect-vlm/data/raw/output/defect_dataset/pinhole/pinhole_00083.jpg,pinhole/pinhole_00083.jpg,Defective,pinhole,prompt_3,"Prediction: OK
Evidence: The image shows a casting with a clean, symmetrical hexagonal outer shape and a central bore with visible internal vanes or blades, consistent with a well-manufactured component. There are no visible cracks, porosity, flash, or surface defects that would indicate a manufacturing defect. The edges are sharp and the internal structure appears uniform. No evidence of contamination or dimensional deviations is present.
Confidence: High",OK,,,ok,True,"The image shows a casting with a clean, symmetrical hexagonal outer shape and a central bore with visible internal vanes or blades, consistent with a well-manufactured component. There are no visible cracks, porosity, flash, or surface defects that would indicate a manufacturing defect. The edges are sharp and the internal structure appears uniform. No evidence of contamination or dimensional deviations is present.",,base,False,false_negative_missed_defect,none
pinhole_00087,/content/casting-defect-vlm/data/raw/output/defect_dataset/pinhole/pinhole_00087.jpg,pinhole/pinhole_00087.jpg,Defective,pinhole,prompt_1,"Classification: OK
Reason: The casting shows no visible cracks, porosity, or surface defects; the internal structure appears uniform and the concentric rings are well-defined, indicating proper manufacturing.
Confidence: 95%",OK,,95.0,ok,True,"The casting shows no visible cracks, porosity, or surface defects; the internal structure appears uniform and the concentric rings are well-defined, indicating proper manufacturing.",,base,False,false_negative_missed_defect,confidently_wrong
pinhole_00087,/content/casting-defect-vlm/data/raw/output/defect_dataset/pinhole/pinhole_00087.jpg,pinhole/pinhole_00087.jpg,Defective,pinhole,prompt_2,"Defect present: No
Defect type: Unknown
Evidence: The image shows a metallic casting with concentric circular features, likely a turbine or impeller component. The surface appears smooth with consistent radial texture and no visible cracks, porosity, inclusions, or surface irregularities that would indicate a defect. The internal structure is uniform, and the edges are clean. Without comparative standards or known defect signatures, no specific defect type can be confidently identified.
Confidence: 90%",OK,,90.0,ok,True,"The image shows a metallic casting with concentric circular features, likely a turbine or impeller component. The surface appears smooth with consistent radial texture and no visible cracks, porosity, inclusions, or surface irregularities that would indicate a defect. The internal structure is uniform, and the edges are clean. Without comparative standards or known defect signatures, no specific defect type can be confidently identified.",,base,False,false_negative_missed_defect,confidently_wrong
pinhole_00087,/content/casting-defect-vlm/data/raw/output/defect_dataset/pinhole/pinhole_00087.jpg,pinhole/pinhole_00087.jpg,Defective,pinhole,prompt_3,"Prediction: OK
Evidence: The image shows a metallic casting with concentric circular features, including a central bore and a surrounding ring. There are no visible cracks, porosity, inclusions, or surface defects that would indicate a manufacturing defect. The surfaces appear smooth and consistent with a well-processed casting. The star markers are likely for alignment or reference and do not indicate defects.
Confidence: High",OK,,,ok,True,"The image shows a metallic casting with concentric circular features, including a central bore and a surrounding ring. There are no visible cracks, porosity, inclusions, or surface defects that would indicate a manufacturing defect. The surfaces appear smooth and consistent with a well-processed casting. The star markers are likely for alignment or reference and do not indicate defects.",,base,False,false_negative_missed_defect,none
pinhole_00088,/content/casting-defect-vlm/data/raw/output/defect_dataset/pinhole/pinhole_00088.jpg,pinhole/pinhole_00088.jpg,Defective,pinhole,prompt_2,"Defect present: No
Defect type: Unknown
Evidence: The image shows a symmetrical, concentric circular pattern with no visible cracks, porosity, inclusions, or surface irregularities that would indicate a casting defect. The structure appears uniform and consistent with a well-formed casting, though the image quality is low and pixelated, which limits detailed analysis.
Confidence: 70%",OK,,70.0,ok,True,"The image shows a symmetrical, concentric circular pattern with no visible cracks, porosity, inclusions, or surface irregularities that would indicate a casting defect. The structure appears uniform and consistent with a well-formed casting, though the image quality is low and pixelated, which limits detailed analysis.",,base,False,false_negative_missed_defect,none
pinhole_00088,/content/casting-defect-vlm/data/raw/output/defect_dataset/pinhole/pinhole_00088.jpg,pinhole/pinhole_00088.jpg,Defective,pinhole,prompt_3,"Prediction: OK
Evidence: The image shows a symmetrical, concentric circular pattern with clear, well-defined rings and no visible cracks, inclusions, or surface irregularities that would indicate defects. The pattern appears uniform and consistent across the visible area, which is typical of a properly manufactured casting. There are no signs of porosity, warping, or dimensional inconsistencies that would suggest a defect.
Confidence: High",OK,,,ok,True,"The image shows a symmetrical, concentric circular pattern with clear, well-defined rings and no visible cracks, inclusions, or surface irregularities that would indicate defects. The pattern appears uniform and consistent across the visible area, which is typical of a properly manufactured casting. There are no signs of porosity, warping, or dimensional inconsistencies that would suggest a defect.",,base,False,false_negative_missed_defect,none
porosity_00047,/content/casting-defect-vlm/data/raw/output/defect_dataset/porosity/porosity_00047.jpg,porosity/porosity_00047.jpg,Defective,porosity,prompt_2,"Defect present: No
Defect type: Unknown
Evidence: The image shows a circular industrial component with a central bore and concentric rings, appearing structurally sound with no visible cracks, porosity, inclusions, or surface irregularities that would indicate a defect. The texture and edges are consistent with a machined or cast part, but no specific defect type is evident from the available visual information.
Confidence: 95%",OK,,95.0,ok,True,"The image shows a circular industrial component with a central bore and concentric rings, appearing structurally sound with no visible cracks, porosity, inclusions, or surface irregularities that would indicate a defect. The texture and edges are consistent with a machined or cast part, but no specific defect type is evident from the available visual information.",,base,False,false_negative_missed_defect,confidently_wrong
porosity_00047,/content/casting-defect-vlm/data/raw/output/defect_dataset/porosity/porosity_00047.jpg,porosity/porosity_00047.jpg,Defective,porosity,prompt_3,"Prediction: OK
Evidence: The image shows a circular casting with a central bore and concentric rings, consistent with a typical mechanical component. There are no visible cracks, porosity, inclusions, or surface defects that would indicate a manufacturing defect. The surface appears uniform and the features are well-defined. The small dark spots are likely part of the inspection pattern or minor surface imperfections not indicative of a defect. No evidence of dimensional deviation or material failure is present.
Confidence: High",OK,,,ok,True,"The image shows a circular casting with a central bore and concentric rings, consistent with a typical mechanical component. There are no visible cracks, porosity, inclusions, or surface defects that would indicate a manufacturing defect. The surface appears uniform and the features are well-defined. The small dark spots are likely part of the inspection pattern or minor surface imperfections not indicative of a defect. No evidence of dimensional deviation or material failure is present.",,base,False,false_negative_missed_defect,none
porosity_00058,/content/casting-defect-vlm/data/raw/output/defect_dataset/porosity/porosity_00058.jpg,porosity/porosity_00058.jpg,Defective,porosity,prompt_2,"Defect present: No
Defect type: Unknown
Evidence: The image shows a circular industrial casting with a central bore and concentric rings. The surface appears generally uniform, with no obvious cracks, porosity, inclusions, or surface irregularities that would indicate a defect. The black dots may be artifacts or markers, not defects. Without additional context or a labeled dataset, no specific defect type can be identified.
Confidence: 90%",OK,,90.0,ok,True,"The image shows a circular industrial casting with a central bore and concentric rings. The surface appears generally uniform, with no obvious cracks, porosity, inclusions, or surface irregularities that would indicate a defect. The black dots may be artifacts or markers, not defects. Without additional context or a labeled dataset, no specific defect type can be identified.",,base,False,false_negative_missed_defect,confidently_wrong
porosity_00058,/content/casting-defect-vlm/data/raw/output/defect_dataset/porosity/porosity_00058.jpg,porosity/porosity_00058.jpg,Defective,porosity,prompt_3,"Prediction: OK
Evidence: The image shows a casting with a circular, concentric structure, likely a turbine or impeller component. There are no visible cracks, porosity, inclusions, or surface defects that would indicate a manufacturing defect. The black dots appear to be markers or annotations for inspection purposes, not actual defects. The surface texture is consistent with a machined or cast metal part, and no irregularities are evident within the visible area. No evidence of defects is present based on visual inspection.
Confidence: High",OK,,,ok,True,"The image shows a casting with a circular, concentric structure, likely a turbine or impeller component. There are no visible cracks, porosity, inclusions, or surface defects that would indicate a manufacturing defect. The black dots appear to be markers or annotations for inspection purposes, not actual defects. The surface texture is consistent with a machined or cast metal part, and no irregularities are evident within the visible area. No evidence of defects is present based on visual inspection.",,base,False,false_negative_missed_defect,none
porosity_00071,/content/casting-defect-vlm/data/raw/output/defect_dataset/porosity/porosity_00071.jpg,porosity/porosity_00071.jpg,Defective,porosity,prompt_2,"Defect present: No
Defect type: Unknown
Evidence: The image shows a metallic casting with a central bore and internal structure, and the visible surface appears uniform with no obvious cracks, porosity, inclusions, or surface irregularities that would indicate a defect. The black dots may be artifacts or markers, not defects. Without additional context or labeling data, no specific defect type can be confirmed.
Confidence: 90%",OK,,90.0,ok,True,"The image shows a metallic casting with a central bore and internal structure, and the visible surface appears uniform with no obvious cracks, porosity, inclusions, or surface irregularities that would indicate a defect. The black dots may be artifacts or markers, not defects. Without additional context or labeling data, no specific defect type can be confirmed.",,base,False,false_negative_missed_defect,confidently_wrong
porosity_00071,/content/casting-defect-vlm/data/raw/output/defect_dataset/porosity/porosity_00071.jpg,porosity/porosity_00071.jpg,Defective,porosity,prompt_3,"Prediction: OK
Evidence: The image shows a casting with a central bore and concentric rings, and the surface appears uniform with no visible cracks, porosity, or significant defects. The five black dots are likely markers for inspection points and do not indicate damage or irregularities. The casting geometry and surface finish appear consistent with a well-manufactured part.
Confidence: High",OK,,,ok,True,"The image shows a casting with a central bore and concentric rings, and the surface appears uniform with no visible cracks, porosity, or significant defects. The five black dots are likely markers for inspection points and do not indicate damage or irregularities. The casting geometry and surface finish appear consistent with a well-manufactured part.",,base,False,false_negative_missed_defect,none
scratch_00023,/content/casting-defect-vlm/data/raw/output/defect_dataset/scratch/scratch_00023.jpg,scratch/scratch_00023.jpg,Defective,scratch,prompt_2,"Defect present: No
Defect type: Unknown
Evidence: The image shows a metallic casting with concentric circular features, likely a bearing or rotor component. There are no visible cracks, porosity, inclusions, or surface irregularities that would indicate a defect. The added lines appear to be annotations or overlays, not actual defects. Without reference to a specific defect database or known standards, no defect can be confidently identified.
Confidence: 90%",OK,,90.0,ok,True,"The image shows a metallic casting with concentric circular features, likely a bearing or rotor component. There are no visible cracks, porosity, inclusions, or surface irregularities that would indicate a defect. The added lines appear to be annotations or overlays, not actual defects. Without reference to a specific defect database or known standards, no defect can be confidently identified.",,base,False,false_negative_missed_defect,confidently_wrong
scratch_00026,/content/casting-defect-vlm/data/raw/output/defect_dataset/scratch/scratch_00026.jpg,scratch/scratch_00026.jpg,Defective,scratch,prompt_2,"Defect present: No
Defect type: Unknown
Evidence: The image shows a metallic casting, likely a bearing or similar mechanical component, with a smooth, concentric surface and no visible cracks, porosity, inclusions, or surface irregularities that would indicate a defect. The radial lines may be artifacts of the imaging or measurement setup, not defects. No labeling or context is provided to confirm specific defect types.
Confidence: 95%",OK,,95.0,ok,True,"The image shows a metallic casting, likely a bearing or similar mechanical component, with a smooth, concentric surface and no visible cracks, porosity, inclusions, or surface irregularities that would indicate a defect. The radial lines may be artifacts of the imaging or measurement setup, not defects. No labeling or context is provided to confirm specific defect types.",,base,False,false_negative_missed_defect,confidently_wrong
scratch_00026,/content/casting-defect-vlm/data/raw/output/defect_dataset/scratch/scratch_00026.jpg,scratch/scratch_00026.jpg,Defective,scratch,prompt_3,"Prediction: OK
Evidence: The image shows a casting with a central bore and concentric rings, consistent with a bearing or similar mechanical component. There are no visible cracks, porosity, inclusions, or surface defects that would indicate a manufacturing defect. The surfaces appear smooth and uniform, and the geometry is intact. The two thin lines in the image are likely artifacts from the imaging process or measurement tools and do not represent defects in the casting itself.
Confidence: High",OK,,,ok,True,"The image shows a casting with a central bore and concentric rings, consistent with a bearing or similar mechanical component. There are no visible cracks, porosity, inclusions, or surface defects that would indicate a manufacturing defect. The surfaces appear smooth and uniform, and the geometry is intact. The two thin lines in the image are likely artifacts from the imaging process or measurement tools and do not represent defects in the casting itself.",,base,False,false_negative_missed_defect,none
scratch_00038,/content/casting-defect-vlm/data/raw/output/defect_dataset/scratch/scratch_00038.jpg,scratch/scratch_00038.jpg,Defective,scratch,prompt_2,"Defect present: No
Defect type: Unknown
Evidence: The image shows a circular, metallic casting with a smooth outer surface and concentric rings, consistent with a well-finished industrial part. No visible cracks, porosity, inclusions, or surface irregularities are apparent. The internal structure appears uniform, and the lighting highlights a clean, reflective surface without signs of casting defects. However, without reference standards or known defect patterns, a definitive classification cannot be made.
Confidence: 90%",OK,,90.0,ok,True,"The image shows a circular, metallic casting with a smooth outer surface and concentric rings, consistent with a well-finished industrial part. No visible cracks, porosity, inclusions, or surface irregularities are apparent. The internal structure appears uniform, and the lighting highlights a clean, reflective surface without signs of casting defects. However, without reference standards or known defect patterns, a definitive classification cannot be made.",,base,False,false_negative_missed_defect,confidently_wrong
scratch_00038,/content/casting-defect-vlm/data/raw/output/defect_dataset/scratch/scratch_00038.jpg,scratch/scratch_00038.jpg,Defective,scratch,prompt_3,"Prediction: OK
Evidence: The image shows a circular casting with a central hole and concentric rings. There are no visible cracks, porosity, inclusions, or surface defects that would indicate a manufacturing defect. The surface appears uniform and the geometry is consistent with a well-manufactured part. The lighting and shadows are consistent with a standard inspection setup, and no anomalies are present.
Confidence: High",OK,,,ok,True,"The image shows a circular casting with a central hole and concentric rings. There are no visible cracks, porosity, inclusions, or surface defects that would indicate a manufacturing defect. The surface appears uniform and the geometry is consistent with a well-manufactured part. The lighting and shadows are consistent with a standard inspection setup, and no anomalies are present.",,base,False,false_negative_missed_defect,none
scratch_00039,/content/casting-defect-vlm/data/raw/output/defect_dataset/scratch/scratch_00039.jpg,scratch/scratch_00039.jpg,Defective,scratch,prompt_2,"Defect present: No
Defect type: Unknown
Evidence: The image shows a circular industrial casting with a central bore and a textured inner surface, likely a turbine or impeller component. There are no visible cracks, porosity, inclusions, or surface irregularities that would indicate a defect. The casting appears structurally sound and uniformly formed, though the image resolution and lighting limit detailed inspection.
Confidence: 90%",OK,,90.0,ok,True,"The image shows a circular industrial casting with a central bore and a textured inner surface, likely a turbine or impeller component. There are no visible cracks, porosity, inclusions, or surface irregularities that would indicate a defect. The casting appears structurally sound and uniformly formed, though the image resolution and lighting limit detailed inspection.",,base,False,false_negative_missed_defect,confidently_wrong
scratch_00039,/content/casting-defect-vlm/data/raw/output/defect_dataset/scratch/scratch_00039.jpg,scratch/scratch_00039.jpg,Defective,scratch,prompt_3,"Prediction: OK
Evidence: The image shows a circular casting with a central bore and a visible internal structure (possibly a bearing or housing). There are no visible cracks, porosity, inclusions, or surface defects that would indicate a manufacturing defect. The outer ring appears uniform and smooth, and the internal features are consistent with a well-cast component. No evidence of dimensional deviation or surface damage is present.
Confidence: High",OK,,,ok,True,"The image shows a circular casting with a central bore and a visible internal structure (possibly a bearing or housing). There are no visible cracks, porosity, inclusions, or surface defects that would indicate a manufacturing defect. The outer ring appears uniform and smooth, and the internal features are consistent with a well-cast component. No evidence of dimensional deviation or surface damage is present.",,base,False,false_negative_missed_defect,none
scratch_00055,/content/casting-defect-vlm/data/raw/output/defect_dataset/scratch/scratch_00055.jpg,scratch/scratch_00055.jpg,Defective,scratch,prompt_2,"Defect present: No
Defect type: Unknown
Evidence: The image shows a circular industrial casting with concentric rings and internal features consistent with a turbine or pump impeller. There are no visible cracks, porosity, inclusions, or surface irregularities that would indicate a defect. The annotations (lines) appear to be for measurement or alignment purposes, not defect indicators. Without additional context or defect labeling in the dataset, no specific defect type can be identified.
Confidence: 95%",OK,,95.0,ok,True,"The image shows a circular industrial casting with concentric rings and internal features consistent with a turbine or pump impeller. There are no visible cracks, porosity, inclusions, or surface irregularities that would indicate a defect. The annotations (lines) appear to be for measurement or alignment purposes, not defect indicators. Without additional context or defect labeling in the dataset, no specific defect type can be identified.",,base,False,false_negative_missed_defect,confidently_wrong
scratch_00055,/content/casting-defect-vlm/data/raw/output/defect_dataset/scratch/scratch_00055.jpg,scratch/scratch_00055.jpg,Defective,scratch,prompt_3,"Prediction: OK
Evidence: The image shows a casting with concentric circular features and internal vanes or blades, consistent with a typical turbine or impeller component. There are no visible cracks, porosity, inclusions, or surface defects that would indicate a manufacturing defect. The annotations (lines) appear to be for measurement or alignment purposes and do not indicate damage or irregularities. The overall structure appears uniform and intact.
Confidence: High",OK,,,ok,True,"The image shows a casting with concentric circular features and internal vanes or blades, consistent with a typical turbine or impeller component. There are no visible cracks, porosity, inclusions, or surface defects that would indicate a manufacturing defect. The annotations (lines) appear to be for measurement or alignment purposes and do not indicate damage or irregularities. The overall structure appears uniform and intact.",,base,False,false_negative_missed_defect,none
scratch_00087,/content/casting-defect-vlm/data/raw/output/defect_dataset/scratch/scratch_00087.jpg,scratch/scratch_00087.jpg,Defective,scratch,prompt_3,"Prediction: OK
Evidence: The image shows a circular casting with concentric rings and a central hole, consistent with a well-formed, symmetrically manufactured part. There are no visible cracks, porosity, inclusions, or dimensional deviations that would indicate a defect. The surface appears uniform and the structure is intact. The black square and thin line are likely artifacts or markings from the imaging process, not defects in the casting itself.
Confidence: High",OK,,,ok,True,"The image shows a circular casting with concentric rings and a central hole, consistent with a well-formed, symmetrically manufactured part. There are no visible cracks, porosity, inclusions, or dimensional deviations that would indicate a defect. The surface appears uniform and the structure is intact. The black square and thin line are likely artifacts or markings from the imaging process, not defects in the casting itself.",,base,False,false_negative_missed_defect,none
surface_roughness_00006,/content/casting-defect-vlm/data/raw/output/defect_dataset/surface_roughness/surface_roughness_00006.jpg,surface_roughness/surface_roughness_00006.jpg,Defective,surface_roughness,prompt_2,"Defect present: No
Defect type: Unknown
Evidence: The image shows a circular industrial casting with concentric rings, likely a bearing or similar component. The surface appears generally uniform with no visible cracks, porosity, inclusions, or surface irregularities that would indicate a defect. However, the image quality is low (grainy, pixelated), which limits the ability to definitively assess finer details. Without higher resolution or reference standards, no specific defect can be confirmed.
Confidence: 60%",OK,,60.0,ok,True,"The image shows a circular industrial casting with concentric rings, likely a bearing or similar component. The surface appears generally uniform with no visible cracks, porosity, inclusions, or surface irregularities that would indicate a defect. However, the image quality is low (grainy, pixelated), which limits the ability to definitively assess finer details. Without higher resolution or reference standards, no specific defect can be confirmed.",,base,False,false_negative_missed_defect,none
surface_roughness_00034,/content/casting-defect-vlm/data/raw/output/defect_dataset/surface_roughness/surface_roughness_00034.jpg,surface_roughness/surface_roughness_00034.jpg,Defective,surface_roughness,prompt_2,"Defect present: No
Defect type: Unknown
Evidence: The image shows a circular industrial casting with a concentric ring structure, likely a bearing or similar component. The surface appears uniform, with no visible cracks, porosity, inclusions, or surface irregularities that would indicate a defect. The grayscale image has some noise or pixelation, but this is consistent with image quality rather than a manufacturing defect. No specific defect type can be confidently identified from the available visual information.
Confidence: 90%",OK,,90.0,ok,True,"The image shows a circular industrial casting with a concentric ring structure, likely a bearing or similar component. The surface appears uniform, with no visible cracks, porosity, inclusions, or surface irregularities that would indicate a defect. The grayscale image has some noise or pixelation, but this is consistent with image quality rather than a manufacturing defect. No specific defect type can be confidently identified from the available visual information.",,base,False,false_negative_missed_defect,confidently_wrong
surface_roughness_00034,/content/casting-defect-vlm/data/raw/output/defect_dataset/surface_roughness/surface_roughness_00034.jpg,surface_roughness/surface_roughness_00034.jpg,Defective,surface_roughness,prompt_3,"Prediction: OK
Evidence: The casting exhibits a uniform circular shape with clean, concentric rings and no visible cracks, porosity, or surface defects. The edges are smooth and the internal bore is well-defined, consistent with a properly manufactured part. No anomalies or irregularities are present that would indicate a defect.
Confidence: High",OK,,,ok,True,"The casting exhibits a uniform circular shape with clean, concentric rings and no visible cracks, porosity, or surface defects. The edges are smooth and the internal bore is well-defined, consistent with a properly manufactured part. No anomalies or irregularities are present that would indicate a defect.",,base,False,false_negative_missed_defect,none
surface_roughness_00040,/content/casting-defect-vlm/data/raw/output/defect_dataset/surface_roughness/surface_roughness_00040.jpg,surface_roughness/surface_roughness_00040.jpg,Defective,surface_roughness,prompt_2,"Defect present: No
Defect type: Unknown
Evidence: The image shows a circular, concentrically patterned object with a smooth, uniform surface and no visible cracks, porosity, inclusions, or surface irregularities that would indicate a defect. The grayscale contrast suggests a clean, possibly machined or cast part, but without reference to a specific defect database or known standards, no definitive defect can be labeled.
Confidence: 90%",OK,,90.0,ok,True,"The image shows a circular, concentrically patterned object with a smooth, uniform surface and no visible cracks, porosity, inclusions, or surface irregularities that would indicate a defect. The grayscale contrast suggests a clean, possibly machined or cast part, but without reference to a specific defect database or known standards, no definitive defect can be labeled.",,base,False,false_negative_missed_defect,confidently_wrong
surface_roughness_00046,/content/casting-defect-vlm/data/raw/output/defect_dataset/surface_roughness/surface_roughness_00046.jpg,surface_roughness/surface_roughness_00046.jpg,Defective,surface_roughness,prompt_2,"Defect present: No
Defect type: Unknown
Evidence: The image shows a circular industrial casting with concentric rings, likely a bearing or similar component. The surface appears uniform with no visible cracks, porosity, inclusions, or surface irregularities that would indicate a defect. The grayscale image has some noise or grain, but this is consistent with imaging artifacts and not a structural defect. No labeling or context is provided to confirm specific defect types.
Confidence: 90%",OK,,90.0,ok,True,"The image shows a circular industrial casting with concentric rings, likely a bearing or similar component. The surface appears uniform with no visible cracks, porosity, inclusions, or surface irregularities that would indicate a defect. The grayscale image has some noise or grain, but this is consistent with imaging artifacts and not a structural defect. No labeling or context is provided to confirm specific defect types.",,base,False,false_negative_missed_defect,confidently_wrong
surface_roughness_00046,/content/casting-defect-vlm/data/raw/output/defect_dataset/surface_roughness/surface_roughness_00046.jpg,surface_roughness/surface_roughness_00046.jpg,Defective,surface_roughness,prompt_3,"Prediction: OK
Evidence: The image shows a circular casting with concentric rings and a central hole, consistent with a typical manufactured part (e.g., a bearing or hub). There are no visible cracks, porosity, inclusions, or surface defects that would indicate a manufacturing defect. The edges are clean and the structure appears uniform, with no signs of warping or material inconsistencies. The image quality, while grainy, does not obscure critical features.
Confidence: High",OK,,,ok,True,"The image shows a circular casting with concentric rings and a central hole, consistent with a typical manufactured part (e.g., a bearing or hub). There are no visible cracks, porosity, inclusions, or surface defects that would indicate a manufacturing defect. The edges are clean and the structure appears uniform, with no signs of warping or material inconsistencies. The image quality, while grainy, does not obscure critical features.",,base,False,false_negative_missed_defect,none
surface_roughness_00047,/content/casting-defect-vlm/data/raw/output/defect_dataset/surface_roughness/surface_roughness_00047.jpg,surface_roughness/surface_roughness_00047.jpg,Defective,surface_roughness,prompt_2,"Defect present: No
Defect type: Unknown
Evidence: The image shows a circular, concentric structure with smooth, uniform surfaces and no visible cracks, porosity, inclusions, or surface irregularities that would indicate a defect. The grayscale texture appears consistent with a well-cast industrial part, though the image quality is low and pixelated, which may obscure finer details. Without reference to a specific defect database or known standards, no defect can be confidently identified.
Confidence: 70%",OK,,70.0,ok,True,"The image shows a circular, concentric structure with smooth, uniform surfaces and no visible cracks, porosity, inclusions, or surface irregularities that would indicate a defect. The grayscale texture appears consistent with a well-cast industrial part, though the image quality is low and pixelated, which may obscure finer details. Without reference to a specific defect database or known standards, no defect can be confidently identified.",,base,False,false_negative_missed_defect,none
surface_roughness_00048,/content/casting-defect-vlm/data/raw/output/defect_dataset/surface_roughness/surface_roughness_00048.jpg,surface_roughness/surface_roughness_00048.jpg,Defective,surface_roughness,prompt_1,"Classification: OK
Reason: The casting shows uniform surface finish, no visible cracks, porosity, or dimensional deviations; concentric rings appear properly formed with consistent wall thickness.
Confidence: 95%",OK,,95.0,ok,True,"The casting shows uniform surface finish, no visible cracks, porosity, or dimensional deviations; concentric rings appear properly formed with consistent wall thickness.",,base,False,false_negative_missed_defect,confidently_wrong
surface_roughness_00048,/content/casting-defect-vlm/data/raw/output/defect_dataset/surface_roughness/surface_roughness_00048.jpg,surface_roughness/surface_roughness_00048.jpg,Defective,surface_roughness,prompt_2,"Defect present: No
Defect type: Unknown
Evidence: The image shows a symmetrical, circular industrial casting with a clean, concentric ring structure and no visible cracks, porosity, inclusions, or surface irregularities that would indicate a defect. The metallic surface appears uniform, though the image has a grainy or pixelated texture likely due to image compression or resolution, not a manufacturing defect.
Confidence: 95%",OK,,95.0,ok,True,"The image shows a symmetrical, circular industrial casting with a clean, concentric ring structure and no visible cracks, porosity, inclusions, or surface irregularities that would indicate a defect. The metallic surface appears uniform, though the image has a grainy or pixelated texture likely due to image compression or resolution, not a manufacturing defect.",,base,False,false_negative_missed_defect,confidently_wrong
surface_roughness_00048,/content/casting-defect-vlm/data/raw/output/defect_dataset/surface_roughness/surface_roughness_00048.jpg,surface_roughness/surface_roughness_00048.jpg,Defective,surface_roughness,prompt_3,"Prediction: OK
Evidence: The image shows a circular metallic casting with concentric rings and a central hole, exhibiting uniform surface texture, consistent material appearance, and no visible cracks, porosity, or surface defects. The edges are clean and well-defined, and there are no signs of misalignment or manufacturing flaws. The image quality, while grainy, does not obscure critical features.
Confidence: High",OK,,,ok,True,"The image shows a circular metallic casting with concentric rings and a central hole, exhibiting uniform surface texture, consistent material appearance, and no visible cracks, porosity, or surface defects. The edges are clean and well-defined, and there are no signs of misalignment or manufacturing flaws. The image quality, while grainy, does not obscure critical features.",,base,False,false_negative_missed_defect,none
surface_roughness_00056,/content/casting-defect-vlm/data/raw/output/defect_dataset/surface_roughness/surface_roughness_00056.jpg,surface_roughness/surface_roughness_00056.jpg,Defective,surface_roughness,prompt_2,"Defect present: No
Defect type: Unknown
Evidence: The image shows a symmetrical, concentric circular structure with clean, well-defined boundaries, suggesting uniform material flow and no visible cracks, porosity, or inclusions. The grayscale contrast is consistent, and there are no irregularities or discontinuities that would indicate a casting defect. However, the image quality is grainy and lacks fine detail, which limits definitive assessment.
Confidence: 70%",OK,,70.0,ok,True,"The image shows a symmetrical, concentric circular structure with clean, well-defined boundaries, suggesting uniform material flow and no visible cracks, porosity, or inclusions. The grayscale contrast is consistent, and there are no irregularities or discontinuities that would indicate a casting defect. However, the image quality is grainy and lacks fine detail, which limits definitive assessment.",,base,False,false_negative_missed_defect,none
surface_roughness_00057,/content/casting-defect-vlm/data/raw/output/defect_dataset/surface_roughness/surface_roughness_00057.jpg,surface_roughness/surface_roughness_00057.jpg,Defective,surface_roughness,prompt_2,"Defect present: No
Defect type: Unknown
Evidence: The image shows a circular industrial casting with concentric rings and a central bore. The surface appears uniform and smooth, with no visible cracks, porosity, inclusions, or surface irregularities that would indicate a defect. The lighting and graininess of the image do not obscure structural integrity, and no defect-specific patterns are discernible.
Confidence: 95%",OK,,95.0,ok,True,"The image shows a circular industrial casting with concentric rings and a central bore. The surface appears uniform and smooth, with no visible cracks, porosity, inclusions, or surface irregularities that would indicate a defect. The lighting and graininess of the image do not obscure structural integrity, and no defect-specific patterns are discernible.",,base,False,false_negative_missed_defect,confidently_wrong
surface_roughness_00057,/content/casting-defect-vlm/data/raw/output/defect_dataset/surface_roughness/surface_roughness_00057.jpg,surface_roughness/surface_roughness_00057.jpg,Defective,surface_roughness,prompt_3,"Prediction: OK
Evidence: The image shows a circular casting with concentric rings and a central hole, consistent with a typical manufactured part. There are no visible cracks, porosity, inclusions, or surface defects that would indicate a defect. The surface appears uniform and the geometry is intact. No evidence of damage or manufacturing flaws is present.
Confidence: High",OK,,,ok,True,"The image shows a circular casting with concentric rings and a central hole, consistent with a typical manufactured part. There are no visible cracks, porosity, inclusions, or surface defects that would indicate a defect. The surface appears uniform and the geometry is intact. No evidence of damage or manufacturing flaws is present.",,base,False,false_negative_missed_defect,none
surface_roughness_00065,/content/casting-defect-vlm/data/raw/output/defect_dataset/surface_roughness/surface_roughness_00065.jpg,surface_roughness/surface_roughness_00065.jpg,Defective,surface_roughness,prompt_1,"Classification: OK
Reason: The casting shows no visible cracks, porosity, or surface defects; the internal structure appears uniform and well-defined, consistent with a properly manufactured component.
Confidence: 95%",OK,,95.0,ok,True,"The casting shows no visible cracks, porosity, or surface defects; the internal structure appears uniform and well-defined, consistent with a properly manufactured component.",,base,False,false_negative_missed_defect,confidently_wrong
surface_roughness_00065,/content/casting-defect-vlm/data/raw/output/defect_dataset/surface_roughness/surface_roughness_00065.jpg,surface_roughness/surface_roughness_00065.jpg,Defective,surface_roughness,prompt_2,"Defect present: No
Defect type: Unknown
Evidence: The image shows a circular industrial casting with a central bore and concentric rings. The surface appears generally uniform, with no visible cracks, porosity, inclusions, or surface irregularities that would indicate a defect. The grayscale texture suggests a metallic surface, but no specific defect signatures are discernible under this resolution or lighting.
Confidence: 90%",OK,,90.0,ok,True,"The image shows a circular industrial casting with a central bore and concentric rings. The surface appears generally uniform, with no visible cracks, porosity, inclusions, or surface irregularities that would indicate a defect. The grayscale texture suggests a metallic surface, but no specific defect signatures are discernible under this resolution or lighting.",,base,False,false_negative_missed_defect,confidently_wrong
surface_roughness_00065,/content/casting-defect-vlm/data/raw/output/defect_dataset/surface_roughness/surface_roughness_00065.jpg,surface_roughness/surface_roughness_00065.jpg,Defective,surface_roughness,prompt_3,"Prediction: OK
Evidence: The image shows a circular metallic casting with a central bore and concentric rings. There are no visible cracks, porosity, inclusions, or surface defects that would indicate a manufacturing defect. The surface appears uniform and the internal structure is consistent with a properly cast component. No evidence of damage or irregularities is present.
Confidence: High",OK,,,ok,True,"The image shows a circular metallic casting with a central bore and concentric rings. There are no visible cracks, porosity, inclusions, or surface defects that would indicate a manufacturing defect. The surface appears uniform and the internal structure is consistent with a properly cast component. No evidence of damage or irregularities is present.",,base,False,false_negative_missed_defect,none
surface_roughness_00069,/content/casting-defect-vlm/data/raw/output/defect_dataset/surface_roughness/surface_roughness_00069.jpg,surface_roughness/surface_roughness_00069.jpg,Defective,surface_roughness,prompt_2,"Defect present: No
Defect type: Unknown
Evidence: The image shows a circular, concentric structure consistent with a casting (possibly a bearing or housing), with no obvious surface cracks, porosity, inclusions, or dimensional irregularities visible. The grayscale image has noise and pixelation, but no defect-specific patterns are discernible. The black square in the top right is likely a marker or artifact, not a defect.
Confidence: 90%",OK,,90.0,ok,True,"The image shows a circular, concentric structure consistent with a casting (possibly a bearing or housing), with no obvious surface cracks, porosity, inclusions, or dimensional irregularities visible. The grayscale image has noise and pixelation, but no defect-specific patterns are discernible. The black square in the top right is likely a marker or artifact, not a defect.",,base,False,false_negative_missed_defect,confidently_wrong
surface_roughness_00072,/content/casting-defect-vlm/data/raw/output/defect_dataset/surface_roughness/surface_roughness_00072.jpg,surface_roughness/surface_roughness_00072.jpg,Defective,surface_roughness,prompt_1,"Classification: OK
Reason: The casting shows no visible cracks, porosity, or surface defects; the internal structure appears uniform and well-defined, consistent with a properly manufactured component.
Confidence: 95%",OK,,95.0,ok,True,"The casting shows no visible cracks, porosity, or surface defects; the internal structure appears uniform and well-defined, consistent with a properly manufactured component.",,base,False,false_negative_missed_defect,confidently_wrong
surface_roughness_00072,/content/casting-defect-vlm/data/raw/output/defect_dataset/surface_roughness/surface_roughness_00072.jpg,surface_roughness/surface_roughness_00072.jpg,Defective,surface_roughness,prompt_2,"Defect present: No
Defect type: Unknown
Evidence: The image shows a circular industrial casting with a central hub and concentric rings. The surface appears generally uniform, with no visible cracks, porosity, inclusions, or surface roughness that would indicate a defect. The internal structure is consistent with a machined or cast component, but without comparative standards or known defect patterns, no specific defect can be identified.
Confidence: 90%",OK,,90.0,ok,True,"The image shows a circular industrial casting with a central hub and concentric rings. The surface appears generally uniform, with no visible cracks, porosity, inclusions, or surface roughness that would indicate a defect. The internal structure is consistent with a machined or cast component, but without comparative standards or known defect patterns, no specific defect can be identified.",,base,False,false_negative_missed_defect,confidently_wrong
surface_roughness_00072,/content/casting-defect-vlm/data/raw/output/defect_dataset/surface_roughness/surface_roughness_00072.jpg,surface_roughness/surface_roughness_00072.jpg,Defective,surface_roughness,prompt_3,"Prediction: OK
Evidence: The casting shows no visible cracks, porosity, or surface defects. The concentric rings and internal structure appear uniform and well-defined, consistent with a properly manufactured casting. There are no signs of flash, misalignment, or material inconsistencies that would indicate a defect.
Confidence: High",OK,,,ok,True,"The casting shows no visible cracks, porosity, or surface defects. The concentric rings and internal structure appear uniform and well-defined, consistent with a properly manufactured casting. There are no signs of flash, misalignment, or material inconsistencies that would indicate a defect.",,base,False,false_negative_missed_defect,none
surface_roughness_00074,/content/casting-defect-vlm/data/raw/output/defect_dataset/surface_roughness/surface_roughness_00074.jpg,surface_roughness/surface_roughness_00074.jpg,Defective,surface_roughness,prompt_2,"Defect present: No
Defect type: Unknown
Evidence: The image shows a circular, concentric structure with clear boundaries and no visible cracks, porosity, inclusions, or surface irregularities that would indicate a defect. The grayscale pattern appears uniform and consistent with a well-cast part, though the image quality is low and pixelated, which may obscure finer details.
Confidence: 85%",OK,,85.0,ok,True,"The image shows a circular, concentric structure with clear boundaries and no visible cracks, porosity, inclusions, or surface irregularities that would indicate a defect. The grayscale pattern appears uniform and consistent with a well-cast part, though the image quality is low and pixelated, which may obscure finer details.",,base,False,false_negative_missed_defect,none
surface_roughness_00075,/content/casting-defect-vlm/data/raw/output/defect_dataset/surface_roughness/surface_roughness_00075.jpg,surface_roughness/surface_roughness_00075.jpg,Defective,surface_roughness,prompt_1,"Classification: OK
Reason: The casting shows no visible cracks, porosity, or surface defects; the internal structure appears uniform and well-defined, consistent with a properly manufactured component.
Confidence: 95%",OK,,95.0,ok,True,"The casting shows no visible cracks, porosity, or surface defects; the internal structure appears uniform and well-defined, consistent with a properly manufactured component.",,base,False,false_negative_missed_defect,confidently_wrong
surface_roughness_00075,/content/casting-defect-vlm/data/raw/output/defect_dataset/surface_roughness/surface_roughness_00075.jpg,surface_roughness/surface_roughness_00075.jpg,Defective,surface_roughness,prompt_2,"Defect present: No
Defect type: Unknown
Evidence: The image shows a circular industrial casting with a central hub and concentric rings. The surface appears uniform, with no visible cracks, porosity, inclusions, or surface irregularities that would indicate a defect. The grayscale image lacks sufficient resolution or contrast to detect microstructural or subtle flaws. Without additional context or reference standards, no defect can be confidently identified.
Confidence: 90%",OK,,90.0,ok,True,"The image shows a circular industrial casting with a central hub and concentric rings. The surface appears uniform, with no visible cracks, porosity, inclusions, or surface irregularities that would indicate a defect. The grayscale image lacks sufficient resolution or contrast to detect microstructural or subtle flaws. Without additional context or reference standards, no defect can be confidently identified.",,base,False,false_negative_missed_defect,confidently_wrong
surface_roughness_00075,/content/casting-defect-vlm/data/raw/output/defect_dataset/surface_roughness/surface_roughness_00075.jpg,surface_roughness/surface_roughness_00075.jpg,Defective,surface_roughness,prompt_3,"Prediction: OK
Evidence: The image shows a circular casting with a central bore and concentric rings, exhibiting uniform surface texture and no visible cracks, porosity, or dimensional deviations. The edges are clean and the internal structure appears consistent with a well-manufactured part. No defects are visually apparent.
Confidence: High",OK,,,ok,True,"The image shows a circular casting with a central bore and concentric rings, exhibiting uniform surface texture and no visible cracks, porosity, or dimensional deviations. The edges are clean and the internal structure appears consistent with a well-manufactured part. No defects are visually apparent.",,base,False,false_negative_missed_defect,none
surface_roughness_00083,/content/casting-defect-vlm/data/raw/output/defect_dataset/surface_roughness/surface_roughness_00083.jpg,surface_roughness/surface_roughness_00083.jpg,Defective,surface_roughness,prompt_2,"Defect present: No
Defect type: Unknown
Evidence: The image shows a circular, concentric structure with clear, defined rings and no visible cracks, porosity, inclusions, or surface irregularities that would indicate a defect. The grainy texture is likely due to image noise or compression, not a manufacturing defect. Without additional context or reference standards, no specific defect can be identified.
Confidence: 90%",OK,,90.0,ok,True,"The image shows a circular, concentric structure with clear, defined rings and no visible cracks, porosity, inclusions, or surface irregularities that would indicate a defect. The grainy texture is likely due to image noise or compression, not a manufacturing defect. Without additional context or reference standards, no specific defect can be identified.",,base,False,false_negative_missed_defect,confidently_wrong
surface_roughness_00090,/content/casting-defect-vlm/data/raw/output/defect_dataset/surface_roughness/surface_roughness_00090.jpg,surface_roughness/surface_roughness_00090.jpg,Defective,surface_roughness,prompt_2,"Defect present: No
Defect type: Unknown
Evidence: The image shows a circular industrial casting with concentric rings and a central bore. The surface appears generally uniform, with no visible cracks, porosity, inclusions, or surface irregularities that would indicate a defect. The grain structure and casting geometry are consistent with a well-finished part. However, the image quality is low-resolution and noisy, which limits the ability to detect fine-scale defects.
Confidence: 70%",OK,,70.0,ok,True,"The image shows a circular industrial casting with concentric rings and a central bore. The surface appears generally uniform, with no visible cracks, porosity, inclusions, or surface irregularities that would indicate a defect. The grain structure and casting geometry are consistent with a well-finished part. However, the image quality is low-resolution and noisy, which limits the ability to detect fine-scale defects.",,base,False,false_negative_missed_defect,none
surface_roughness_00090,/content/casting-defect-vlm/data/raw/output/defect_dataset/surface_roughness/surface_roughness_00090.jpg,surface_roughness/surface_roughness_00090.jpg,Defective,surface_roughness,prompt_3,"Prediction: OK
Evidence: The image shows a circular casting with concentric rings and a central bore, consistent with a typical manufactured part (e.g., a pump impeller or turbine blade). There are no visible cracks, porosity, inclusions, or surface defects that would indicate a manufacturing defect. The surface appears uniform and the geometry is intact. The image quality, while grainy, does not obscure critical features.
Confidence: High",OK,,,ok,True,"The image shows a circular casting with concentric rings and a central bore, consistent with a typical manufactured part (e.g., a pump impeller or turbine blade). There are no visible cracks, porosity, inclusions, or surface defects that would indicate a manufacturing defect. The surface appears uniform and the geometry is intact. The image quality, while grainy, does not obscure critical features.",,base,False,false_negative_missed_defect,none
surface_roughness_00096,/content/casting-defect-vlm/data/raw/output/defect_dataset/surface_roughness/surface_roughness_00096.jpg,surface_roughness/surface_roughness_00096.jpg,Defective,surface_roughness,prompt_2,"Defect present: No
Defect type: Unknown
Evidence: The image shows a metallic casting with a circular, concentric structure, likely a pump impeller or similar component. The surface appears generally uniform with no obvious cracks, porosity, inclusions, or surface roughness that would indicate a defect. However, the image quality is low-resolution and grainy, which obscures finer details that might reveal subtle defects. Without higher-resolution imaging or reference standards, it is not possible to definitively classify any defect.
Confidence: 70%",OK,,70.0,ok,True,"The image shows a metallic casting with a circular, concentric structure, likely a pump impeller or similar component. The surface appears generally uniform with no obvious cracks, porosity, inclusions, or surface roughness that would indicate a defect. However, the image quality is low-resolution and grainy, which obscures finer details that might reveal subtle defects. Without higher-resolution imaging or reference standards, it is not possible to definitively classify any defect.",,base,False,false_negative_missed_defect,none
surface_roughness_00096,/content/casting-defect-vlm/data/raw/output/defect_dataset/surface_roughness/surface_roughness_00096.jpg,surface_roughness/surface_roughness_00096.jpg,Defective,surface_roughness,prompt_3,"Prediction: OK
Evidence: The image shows a circular metallic casting with a central bore and concentric rings, consistent with a typical manufactured part (e.g., a pump impeller or turbine component). There are no visible cracks, porosity, inclusions, or surface defects that would indicate a manufacturing defect. The surface appears uniform and the geometry is intact. The image quality, while grainy, does not obscure critical features.
Confidence: High",OK,,,ok,True,"The image shows a circular metallic casting with a central bore and concentric rings, consistent with a typical manufactured part (e.g., a pump impeller or turbine component). There are no visible cracks, porosity, inclusions, or surface defects that would indicate a manufacturing defect. The surface appears uniform and the geometry is intact. The image quality, while grainy, does not obscure critical features.",,base,False,false_negative_missed_defect,none
surface_roughness_00098,/content/casting-defect-vlm/data/raw/output/defect_dataset/surface_roughness/surface_roughness_00098.jpg,surface_roughness/surface_roughness_00098.jpg,Defective,surface_roughness,prompt_1,"Classification: OK
Reason: The casting shows no visible cracks, porosity, or surface defects; the concentric rings and internal structure appear uniform and well-defined.
Confidence: 95%",OK,,95.0,ok,True,"The casting shows no visible cracks, porosity, or surface defects; the concentric rings and internal structure appear uniform and well-defined.",,base,False,false_negative_missed_defect,confidently_wrong
surface_roughness_00098,/content/casting-defect-vlm/data/raw/output/defect_dataset/surface_roughness/surface_roughness_00098.jpg,surface_roughness/surface_roughness_00098.jpg,Defective,surface_roughness,prompt_2,"Defect present: No
Defect type: Unknown
Evidence: The image shows a circular industrial casting with concentric rings and a central bore. The surface appears smooth and uniform, with no visible cracks, porosity, inclusions, or surface irregularities that would indicate a defect. The internal structure appears consistent with a machined or cast component, but without comparative standards or known defect patterns, no specific defect can be classified.
Confidence: 90%",OK,,90.0,ok,True,"The image shows a circular industrial casting with concentric rings and a central bore. The surface appears smooth and uniform, with no visible cracks, porosity, inclusions, or surface irregularities that would indicate a defect. The internal structure appears consistent with a machined or cast component, but without comparative standards or known defect patterns, no specific defect can be classified.",,base,False,false_negative_missed_defect,confidently_wrong
surface_roughness_00098,/content/casting-defect-vlm/data/raw/output/defect_dataset/surface_roughness/surface_roughness_00098.jpg,surface_roughness/surface_roughness_00098.jpg,Defective,surface_roughness,prompt_3,"Prediction: OK
Evidence: The casting shows no visible surface defects such as cracks, porosity, inclusions, or excessive flash. The concentric rings and internal structure appear smooth and well-defined, consistent with a properly manufactured casting. There are no signs of dimensional inaccuracies or surface irregularities that would indicate a defect.
Confidence: High",OK,,,ok,True,"The casting shows no visible surface defects such as cracks, porosity, inclusions, or excessive flash. The concentric rings and internal structure appear smooth and well-defined, consistent with a properly manufactured casting. There are no signs of dimensional inaccuracies or surface irregularities that would indicate a defect.",,base,False,false_negative_missed_defect,none
